# gpu    pwr  gtemp  mtemp     sm    mem    enc    dec    jpg    ofa   mclk   pclk  pviol  tviol     fb   bar1   ccpm  sbecc  dbecc    pci  rxpci  txpci
# Idx      W      C      C      %      %      %      %      %      %    MHz    MHz      %   bool     MB     MB     MB   errs   errs   errs   MB/s   MB/s
    0     26     35      -      0      0      0      0      0      0    405    210      0      0  23289      4      0      -      -      0      0      0
    1     10     46      -      0      0      0      0      0      0    405    210      0      0  23289  23289      0      -      -      0    564    781
    0    186     46      -    100     88      0      0      0      0   9501   1965     20      0  23289      4      0      -      -      0    769    768
    1    175     56      -    100     88      0      0      0      0   9501   1920      5      0  23289  23289      0      -      -      0    737    737
    0    344     47      -    100     88      0      0      0      0   9501   1965      0      0  23289      4      0      -      -      0    748    728
    1    325     57      -    100     88      0      0      0      0   9501   1920      0      0  23289  23289      0      -      -      0    728    726
    0    345     47      -    100     88      0      0      0      0   9501   1965      0      0  23289      4      0      -      -      0    754    771
    1    327     58      -    100     88      0      0      0      0   9501   1905      0      0  23289  23289      0      -      -      0    731    758
    0    346     47      -    100     89      0      0      0      0   9501   1965      0      0  23289      4      0      -      -      0    767    760
    1    329     58      -    100     89      0      0      0      0   9501   1905      0      0  23289  23289      0      -      -      0    729    758
    0    346     48      -    100     88      0      0      0      0   9501   1965      0      0  23289      4      0      -      -      0    764    775
    1    329     59      -    100     88      0      0      0      0   9501   1905      0      0  23289  23289      0      -      -      0    737    726
    0    347     48      -    100     89      0      0      0      0   9501   1965      0      0  23289      4      0      -      -      0    753    756
    1    330     60      -    100     89      0      0      0      0   9501   1905      0      0  23289  23289      0      -      -      0    738    758
    0    347     48      -    100     89      0      0      0      0   9501   1965      0      0  23289      4      0      -      -      0    762    739
    1    331     61      -    100     89      0      0      0      0   9501   1905      0      0  23289  23289      0      -      -      0    698    720
    0    348     48      -    100     89      0      0      0      0   9501   1965      0      0  23289      4      0      -      -      0    745    750
    1    331     61      -    100     89      0      0      0      0   9501   1905      0      0  23289  23289      0      -      -      0    720    757
    0    351     48      -    100     88      0      0      0      0   9501   1965      0      0  23289      4      0      -      -      0    755    743
    1    331     62      -    100     88      0      0      0      0   9501   1905      0      0  23289  23289      0      -      -      0    720    757
    0    350     48      -    100     88      0      0      0      0   9501   1965      0      0  23289      4      0      -      -      0    745    750
    1    331     62      -    100     88      0      0      0      0   9501   1905      0      0  23289  23289      0      -      -      0    720    739
    0    351     48      -    100     88      0      0      0      0   9501   1965      0      0  23289      4      0      -      -      0    792    744
    1    332     63      -    100     88      0      0      0      0   9501   1905      0      0  23289  23289      0      -      -      0    712    748
    0    352     49      -    100     88      0      0      0      0   9501   1965      0      0  23289      4      0      -      -      0    800   1760
    1    330     63      -    100     88      0      0      0      0   9501   1890      0      0  23289  23289      0      -      -      0   2228   2485
    0    334     49      -    100     45      0      0      0      0   9501   1965      0      0  23289      4      0      -      -      0    749    750
    1    313     63      -    100     45      0      0      0      0   9501   1890      0      0  23289  23289      0      -      -      0    724    757
    0    338     49      -    100     88      0      0      0      0   9501   1965      0      0  23289      4      0      -      -      0    762    744
    1    317     64      -    100     89      0      0      0      0   9501   1890      0      0  23289  23289      0      -      -      0    752    856
    0    337     49      -    100     19      0      0      0      0   9501   1965      0      0  23289      4      0      -      -      0   2460   2829
    1    318     65      -    100     18      0      0      0      0   9501   1890      0      0  23289  23289      0      -      -      0   2681   2829
    0    323     50      -    100     18      0      0      0      0   9501   1965      0      0  23289      4      0      -      -      0    757    761
    1    303     65      -    100     19      0      0      0      0   9501   1890      0      0  23289  23289      0      -      -      0    728    767
    0    353     50      -    100     88      0      0      0      0   9501   1965      0      0  23289      4      0      -      -      0    798    758
    1    332     65      -    100     89      0      0      0      0   9501   1890      0      0  23289  23289      0      -      -      0    720    753
    0    350     50      -    100     89      0      0      0      0   9501   1965      0      0  23289      4      0      -      -      0    768    750
    1    329     65      -    100     88      0      0      0      0   9501   1890      0      0  23289  23289      0      -      -      0    724    759
    0    339     51      -    100     89      0      0      0      0   9501   1965      0      0  23289      4      0      -      -      0    748    753
    1    318     66      -    100     89      0      0      0      0   9501   1890      0      0  23289  23289      0      -      -      0    706    773
    0    355     51      -    100     89      0      0      0      0   9501   1965      0      0  23289      4      0      -      -      0    758    754
    1    334     66      -    100     89      0      0      0      0   9501   1890      0      0  23289  23289      0      -      -      0    728    758
    0    355     51      -    100     89      0      0      0      0   9501   1965      0      0  23289      4      0      -      -      0    773    766
    1    335     66      -    100     89      0      0      0      0   9501   1890      0      0  23289  23289      0      -      -      0    720    758
# gpu    pwr  gtemp  mtemp     sm    mem    enc    dec    jpg    ofa   mclk   pclk  pviol  tviol     fb   bar1   ccpm  sbecc  dbecc    pci  rxpci  txpci
# Idx      W      C      C      %      %      %      %      %      %    MHz    MHz      %   bool     MB     MB     MB   errs   errs   errs   MB/s   MB/s
    0    340     52      -    100     89      0      0      0      0   9501   1965      0      0  23289      4      0      -      -      0    715    731
    1    320     66      -    100     88      0      0      0      0   9501   1890      0      0  23289  23289      0      -      -      0    698    730
    0    344     52      -    100     89      0      0      0      0   9501   1965      0      0  23289      4      0      -      -      0    768    761
    1    324     67      -    100     89      0      0      0      0   9501   1890      0      0  23289  23289      0      -      -      0    729    755
    0    356     52      -    100     88      0      0      0      0   9501   1965      0      0  23289      4      0      -      -      0    768    762
    1    336     67      -    100     88      0      0      0      0   9501   1890      0      0  23289  23289      0      -      -      0    720    748
    0    355     52      -    100     88      0      0      0      0   9501   1965      0      0  23289      4      0      -      -      0    762    752
    1    335     67      -    100     88      0      0      0      0   9501   1890      0      0  23289  23289      0      -      -      0    729    748
    0    355     52      -    100     88      0      0      0      0   9501   1965      0      0  23289      4      0      -      -      0    750    755
    1    336     67      -    100     88      0      0      0      0   9501   1890      0      0  23289  23289      0      -      -      0    729    749
    0    345     52      -    100     84      0      0      0      0   9501   1965      0      0  23289      4      0      -      -      0   2375   2565
    1    325     67      -    100     84      0      0      0      0   9501   1890      0      0  23289  23289      0      -      -      0   2372   1210
    0    328     53      -    100     39      0      0      0      0   9501   1965      0      0  23289      4      0      -      -      0    768    755
    1    308     67      -    100     39      0      0      0      0   9501   1890      0      0  23289  23289      0      -      -      0    729    757
    0    354     53      -    100     89      0      0      0      0   9501   1980      0      0  23289      4      0      -      -      0    753    762
    1    337     67      -    100     89      0      0      0      0   9501   1890      0      0  23289  23289      0      -      -      0    729    758
    0    357     53      -    100     89      0      0      0      0   9501   1980      0      0  23289      4      0      -      -      0    800    760
    1    337     67      -    100     89      0      0      0      0   9501   1890      0      0  23289  23289      0      -      -      0    745    757
    0    357     54      -    100     89      0      0      0      0   9501   1980      0      0  23289      4      0      -      -      0    776    720
    1    337     68      -    100     89      0      0      0      0   9501   1890      0      0  23289  23289      0      -      -      0    717    726
    0    358     54      -    100     88      0      0      0      0   9501   1980      0      0  23289      4      0      -      -      0    779    762
    1    338     68      -    100     89      0      0      0      0   9501   1890      0      0  23289  23289      0      -      -      0    729    748
    0    341     54      -    100     89      0      0      0      0   9501   1980      0      0  23289      4      0      -      -      0   2856   3042
    1    323     68      -    100     89      0      0      0      0   9501   1890      0      0  23289  23289      0      -      -      0   2851   3086
    0    342     54      -    100     88      0      0      0      0   9501   1980      0      0  23289      4      0      -      -      0    827    764
    1    326     68      -    100     88      0      0      0      0   9501   1890      0      0  23289  23289      0      -      -      0    728    729
    0    343     54      -    100     88      0      0      0      0   9501   1980      0      0  23289      4      0      -      -      0    800    755
    1    327     68      -    100     88      0      0      0      0   9501   1890      0      0  23289  23289      0      -      -      0    720    754
    0    355     54      -    100     57      0      0      0      0   9501   1980      0      0  23289      4      0      -      -      0   2573   2772
    1    340     68      -    100     58      0      0      0      0   9501   1890      0      0  23289  23289      0      -      -      0   2550   2759
    0    328     55      -    100     53      0      0      0      0   9501   1980      0      0  23289      4      0      -      -      0    783    760
    1    312     68      -    100     53      0      0      0      0   9501   1890      0      0  23289  23289      0      -      -      0    729    760
    0    357     55      -    100     88      0      0      0      0   9501   1980      0      0  23289      4      0      -      -      0    842    764
    1    341     69      -    100     88      0      0      0      0   9501   1890      0      0  23289  23289      0      -      -      0    727    726
    0    346     55      -    100     88      0      0      0      0   9501   1980      0      0  23289      4      0      -      -      0    795    759
    1    330     69      -    100     88      0      0      0      0   9501   1890      0      0  23289  23289      0      -      -      0    729    749
    0    355     56      -    100     89      0      0      0      0   9501   1980      0      0  23289      4      0      -      -      0    818    762
    1    339     69      -    100     89      0      0      0      0   9501   1890      0      0  23289  23289      0      -      -      0    728    719
    0    359     56      -    100     88      0      0      0      0   9501   1980      0      0  23289      4      0      -      -      0    787    764
    1    343     69      -    100     89      0      0      0      0   9501   1890      0      0  23289  23289      0      -      -      0    729    749
    0    359     56      -    100     89      0      0      0      0   9501   1980      0      0  23289      4      0      -      -      0    816    767
    1    343     69      -    100     89      0      0      0      0   9501   1890      0      0  23289  23289      0      -      -      0    728    758
    0    349     56      -    100     44      0      0      0      0   9501   1980      0      0  23289      4      0      -      -      0    808    758
    1    332     69      -    100     44      0      0      0      0   9501   1890      0      0  23289  23289      0      -      -      0    729    748
# gpu    pwr  gtemp  mtemp     sm    mem    enc    dec    jpg    ofa   mclk   pclk  pviol  tviol     fb   bar1   ccpm  sbecc  dbecc    pci  rxpci  txpci
# Idx      W      C      C      %      %      %      %      %      %    MHz    MHz      %   bool     MB     MB     MB   errs   errs   errs   MB/s   MB/s
    0    356     56      -    100     89      0      0      0      0   9501   1980      0      0  23289      4      0      -      -      0    788    757
    1    339     69      -    100     89      0      0      0      0   9501   1890      0      0  23289  23289      0      -      -      0    728    757
    0    361     57      -    100     89      0      0      0      0   9501   1980      0      0  23289      4      0      -      -      0    806    756
    1    344     69      -    100     89      0      0      0      0   9501   1890      0      0  23289  23289      0      -      -      0    720    758
    0    361     57      -    100     89      0      0      0      0   9501   1980      0      0  23289      4      0      -      -      0    781    753
    1    344     69      -    100     89      0      0      0      0   9501   1890      0      0  23289  23289      0      -      -      0    720    750
    0    359     57      -    100     36      0      0      0      0   9501   1980      0      0  23289      4      0      -      -      0   2361   2746
    1    342     69      -    100     37      0      0      0      0   9501   1890      0      0  23289  23289      0      -      -      0   2357   2912
    0    347     57      -    100     66      0      0      0      0   9501   1980      0      0  23289      4      0      -      -      0    805    725
    1    331     70      -    100     65      0      0      0      0   9501   1890      0      0  23289  23289      0      -      -      0    717    735
    0    362     57      -    100     88      0      0      0      0   9501   1980      0      0  23289      4      0      -      -      0   2526   3104
    1    344     70      -    100     89      0      0      0      0   9501   1890      0      0  23289  23289      0      -      -      0   2541   2426
    0    353     58      -    100     88      0      0      0      0   9501   1980      0      0  23289      4      0      -      -      0    785    754
    1    335     70      -    100     88      0      0      0      0   9501   1890      0      0  23289  23289      0      -      -      0    720    748
    0    362     58      -    100     88      0      0      0      0   9501   1980      0      0  23289      4      0      -      -      0    781    754
    1    344     70      -    100     88      0      0      0      0   9501   1890      0      0  23289  23289      0      -      -      0    731    750
    0    347     58      -    100     64      0      0      0      0   9501   1965      0      0  23289      4      0      -      -      0    763    754
    1    330     70      -    100     64      0      0      0      0   9501   1890      0      0  23289  23289      0      -      -      0    720    746
    0    344     58      -    100     88      0      0      0      0   9501   1965      0      0  23289      4      0      -      -      0    771    763
    1    330     70      -    100     88      0      0      0      0   9501   1890      0      0  23289  23289      0      -      -      0    729    748
    0    358     58      -    100     88      0      0      0      0   9501   1965      0      0  23289      4      0      -      -      0    752    753
    1    344     70      -    100     88      0      0      0      0   9501   1890      0      0  23289  23289      0      -      -      0    723    750
    0    345     58      -    100     88      0      0      0      0   9501   1965      0      0  23289      4      0      -      -      0    753    760
    1    330     70      -    100     88      0      0      0      0   9501   1890      0      0  23289  23289      0      -      -      0    699    753
    0    358     59      -    100     88      0      0      0      0   9501   1965      0      0  23289      4      0      -      -      0    753    763
    1    344     70      -    100     88      0      0      0      0   9501   1890      0      0  23289  23289      0      -      -      0    699    750
    0    359     59      -    100     88      0      0      0      0   9501   1965      0      0  23289      4      0      -      -      0   2486   2866
    1    345     70      -    100     88      0      0      0      0   9501   1890      0      0  23289  23289      0      -      -      0   2604   2754
    0    346     59      -    100     88      0      0      0      0   9501   1965      0      0  23289      4      0      -      -      0    796    760
    1    331     71      -    100     88      0      0      0      0   9501   1890      0      0  23289  23289      0      -      -      0    728    745
    0    360     59      -    100     88      0      0      0      0   9501   1965      0      0  23289      4      0      -      -      0    764    758
    1    345     71      -    100     88      0      0      0      0   9501   1890      0      0  23289  23289      0      -      -      0    720    748
    0    361     59      -    100     88      0      0      0      0   9501   1965      0      0  23289      4      0      -      -      0    777    753
    1    346     71      -    100     89      0      0      0      0   9501   1890      0      0  23289  23289      0      -      -      0    728    752
    0    361     60      -    100     89      0      0      0      0   9501   1965      0      0  23289      4      0      -      -      0   2560   2537
    1    346     71      -    100     89      0      0      0      0   9501   1890      0      0  23289  23289      0      -      -      0   2346    822
    0    345     60      -    100     88      0      0      0      0   9501   1965      0      0  23289      4      0      -      -      0    757    757
    1    330     71      -    100     88      0      0      0      0   9501   1890      0      0  23289  23289      0      -      -      0    720    755
    0    356     60      -    100     89      0      0      0      0   9501   1965      0      0  23289      4      0      -      -      0    777    755
    1    337     71      -    100     89      0      0      0      0   9501   1890      0      0  23289  23289      0      -      -      0    728    749
    0    361     60      -    100     88      0      0      0      0   9501   1965      0      0  23289      4      0      -      -      0    776    720
    1    345     71      -    100     88      0      0      0      0   9501   1890      0      0  23289  23289      0      -      -      0    726    717
    0    355     60      -    100     17      0      0      0      0   9501   1965      0      0  23289      4      0      -      -      0    755    746
    1    336     71      -    100     17      0      0      0      0   9501   1890      0      0  23289  23289      0      -      -      0    711    739
# gpu    pwr  gtemp  mtemp     sm    mem    enc    dec    jpg    ofa   mclk   pclk  pviol  tviol     fb   bar1   ccpm  sbecc  dbecc    pci  rxpci  txpci
# Idx      W      C      C      %      %      %      %      %      %    MHz    MHz      %   bool     MB     MB     MB   errs   errs   errs   MB/s   MB/s
    0    348     61      -    100     88      0      0      0      0   9501   1965      0      0  23289      4      0      -      -      0    777    730
    1    335     71      -    100     88      0      0      0      0   9501   1890      0      0  23289  23289      0      -      -      0    702    767
    0    352     60      -    100     54      0      0      0      0   9501   1965      0      0  23289      4      0      -      -      0    776    757
    1    333     71      -    100     62      0      0      0      0   9501   1890      0      0  23289  23289      0      -      -      0    728    748
    0    358     61      -    100     89      0      0      0      0   9501   1965      0      0  23289      4      0      -      -      0    764    754
    1    344     71      -    100     88      0      0      0      0   9501   1890      0      0  23289  23289      0      -      -      0    720    748
    0    355     61      -    100     89      0      0      0      0   9501   1965      0      0  23289      4      0      -      -      0    791    753
    1    337     71      -    100     88      0      0      0      0   9501   1890      0      0  23289  23289      0      -      -      0    725   1360
    0    352     61      -    100     88      0      0      0      0   9501   1965      0      0  23289      4      0      -      -      0    768    767
    1    338     71      -    100     88      0      0      0      0   9501   1890      0      0  23289  23289      0      -      -      0    708    726
    0    363     62      -    100     89      0      0      0      0   9501   1965      0      0  23289      4      0      -      -      0    761    730
    1    346     71      -    100     88      0      0      0      0   9501   1890      0      0  23289  23289      0      -      -      0    697    767
    0    357     62      -    100     88      0      0      0      0   9501   1965      0      0  23289      4      0      -      -      0    748    752
    1    338     71      -    100     89      0      0      0      0   9501   1890      0      0  23289  23289      0      -      -      0    729    748
    0    354     62      -    100     89      0      0      0      0   9501   1965      0      0  23289      4      0      -      -      0    753    755
    1    340     72      -    100     88      0      0      0      0   9501   1890      0      0  23289  23289      0      -      -      0    720    758
    0    364     62      -    100     84      0      0      0      0   9501   1965      0      0  23289      4      0      -      -      0   2578   3125
    1    343     71      -    100     18      0      0      0      0   9501   1890      0      0  23289  23289      0      -      -      0   3088   2787
    0    346     62      -    100     17      0      0      0      0   9501   1965      0      0  23289      4      0      -      -      0   1937    741
    1    326     72      -    100     18      0      0      0      0   9501   1890      0      0  23289  23289      0      -      -      0    716    739
    0    346     62      -    100     18      0      0      0      0   9501   1965      0      0  23289      4      0      -      -      0   2309   1261
    1    327     71      -    100     34      0      0      0      0   9501   1890      0      0  23289  23289      0      -      -      0    728    755
    0    352     63      -    100     89      0      0      0      0   9501   1965      0      0  23289      4      0      -      -      0    772    761
    1    339     72      -    100     89      0      0      0      0   9501   1890      0      0  23289  23289      0      -      -      0    728    748
    0    365     63      -    100     89      0      0      0      0   9501   1965      0      0  23289      4      0      -      -      0   2350    903
    1    348     72      -    100     89      0      0      0      0   9501   1890      0      0  23289  23289      0      -      -      0    737    748
    0    352     63      -    100     88      0      0      0      0   9501   1965      0      0  23289      4      0      -      -      0    789    751
    1    333     72      -    100     88      0      0      0      0   9501   1890      0      0  23289  23289      0      -      -      0    754    758
    0    365     63      -    100     88      0      0      0      0   9501   1950      0      0  23289      4      0      -      -      0    760    722
    1    346     72      -    100     88      0      0      0      0   9501   1890      0      0  23289  23289      0      -      -      0    720    726
    0    356     63      -    100     88      0      0      0      0   9501   1950      0      0  23289      4      0      -      -      0   1067    760
    1    338     72      -    100     71      0      0      0      0   9501   1890      0      0  23289  23289      0      -      -      0    729    748
    0    356     63      -    100     88      0      0      0      0   9501   1950      0      0  23289      4      0      -      -      0    758    752
    1    341     72      -    100     88      0      0      0      0   9501   1890      0      0  23289  23289      0      -      -      0    729    748
    0    362     63      -    100     88      0      0      0      0   9501   1950      0      0  23289      4      0      -      -      0    750    752
    1    347     72      -    100     88      0      0      0      0   9501   1890      0      0  23289  23289      0      -      -      0    721    727
    0    347     63      -    100     89      0      0      0      0   9501   1950      0      0  23289      4      0      -      -      0    745    753
    1    331     72      -    100     38      0      0      0      0   9501   1890      0      0  23289  23289      0      -      -      0    734   1912
    0    348     64      -    100     88      0      0      0      0   9501   1950      0      0  23289      4      0      -      -      0    751    752
    1    332     72      -    100     88      0      0      0      0   9501   1890      0      0  23289  23289      0      -      -      0    719    726
    0    346     64      -    100     88      0      0      0      0   9501   1950      0      0  23289      4      0      -      -      0    762    751
    1    331     72      -    100     88      0      0      0      0   9501   1890      0      0  23289  23289      0      -      -      0    720    748
    0    362     64      -    100     88      0      0      0      0   9501   1950      0      0  23289      4      0      -      -      0    740    754
    1    346     72      -    100     88      0      0      0      0   9501   1890      0      0  23289  23289      0      -      -      0    728    748
# gpu    pwr  gtemp  mtemp     sm    mem    enc    dec    jpg    ofa   mclk   pclk  pviol  tviol     fb   bar1   ccpm  sbecc  dbecc    pci  rxpci  txpci
# Idx      W      C      C      %      %      %      %      %      %    MHz    MHz      %   bool     MB     MB     MB   errs   errs   errs   MB/s   MB/s
    0    363     64      -    100     88      0      0      0      0   9501   1950      0      0  23289      4      0      -      -      0    742    750
    1    347     72      -    100     88      0      0      0      0   9501   1890      0      0  23289  23289      0      -      -      0    725    749
    0    350     64      -    100     28      0      0      0      0   9501   1950      0      0  23289      4      0      -      -      0    754    762
    1    333     72      -    100     86      0      0      0      0   9501   1890      0      0  23289  23289      0      -      -      0    729    748
    0    363     64      -    100     88      0      0      0      0   9501   1950      0      0  23289      4      0      -      -      0    735    750
    1    347     72      -    100     88      0      0      0      0   9501   1890      0      0  23289  23289      0      -      -      0    729    748
    0    364     64      -    100     88      0      0      0      0   9501   1950      0      0  23289      4      0      -      -      0    750    752
    1    347     72      -    100     88      0      0      0      0   9501   1890      0      0  23289  23289      0      -      -      0    721    748
    0    364     64      -    100     88      0      0      0      0   9501   1950      0      0  23289      4      0      -      -      0    738    727
    1    348     72      -    100     88      0      0      0      0   9501   1890      0      0  23289  23289      0      -      -      0    681    716
    0    364     64      -    100     88      0      0      0      0   9501   1950      0      0  23289      4      0      -      -      0    758    744
    1    348     72      -    100     88      0      0      0      0   9501   1890      0      0  23289  23289      0      -      -      0    725    648
    0    354     63      -    100     84      0      0      0      0   9501   1950      0      0  23289      4      0      -      -      0   2679   2893
    1    334     72      -    100     87      0      0      0      0   9501   1890      0      0  23289  23289      0      -      -      0   2677   2892
    0    345     63      -    100     88      0      0      0      0   9501   1950      0      0  23289      4      0      -      -      0    751    750
    1    333     72      -    100     88      0      0      0      0   9501   1890      0      0  23289  23289      0      -      -      0    720    765
    0    363     63      -    100     88      0      0      0      0   9501   1950      0      0  23289      4      0      -      -      0    744    701
    1    347     72      -    100     88      0      0      0      0   9501   1890      0      0  23289  23289      0      -      -      0    708    735
    0    354     64      -    100     25      0      0      0      0   9501   1950      0      0  23289      4      0      -      -      0    747    719
    1    338     73      -    100     88      0      0      0      0   9501   1890      0      0  23289  23289      0      -      -      0    711    735
    0    355     63      -    100     88      0      0      0      0   9501   1950      0      0  23289      4      0      -      -      0    794    749
    1    342     72      -    100     88      0      0      0      0   9501   1890      0      0  23289  23289      0      -      -      0   2435   2575
    0    349     63      -    100     88      0      0      0      0   9501   1950      0      0  23289      4      0      -      -      0    770    750
    1    333     72      -    100     88      0      0      0      0   9501   1890      0      0  23289  23289      0      -      -      0    728    748
    0    363     63      -    100     89      0      0      0      0   9501   1950      0      0  23289      4      0      -      -      0    740    759
    1    347     72      -    100     88      0      0      0      0   9501   1890      0      0  23289  23289      0      -      -      0    729    748
    0    364     63      -    100     88      0      0      0      0   9501   1950      0      0  23289      4      0      -      -      0    744    759
    1    348     72      -    100     88      0      0      0      0   9501   1890      0      0  23289  23289      0      -      -      0    720    748
    0    364     63      -    100     89      0      0      0      0   9501   1950      0      0  23289      4      0      -      -      0    769    750
    1    348     73      -    100     89      0      0      0      0   9501   1890      0      0  23289  23289      0      -      -      0    720    748
    0    356     63      -    100     89      0      0      0      0   9501   1950      0      0  23289      4      0      -      -      0   2404   3152
    1    338     73      -    100     89      0      0      0      0   9501   1890      0      0  23289  23289      0      -      -      0   2549    729
    0    347     63      -    100     83      0      0      0      0   9501   1950      0      0  23289      4      0      -      -      0   2623   1109
    1    332     73      -    100     83      0      0      0      0   9501   1890      0      0  23289  23289      0      -      -      0    720    751
    0    354     63      -    100     40      0      0      0      0   9501   1950      0      0  23289      4      0      -      -      0    762    761
    1    338     73      -    100     86      0      0      0      0   9501   1890      0      0  23289  23289      0      -      -      0    728    768
    0    362     62      -    100     52      0      0      0      0   9501   1950      0      0  23289      4      0      -      -      0   2130    728
    1    342     72      -    100     18      0      0      0      0   9501   1890      0      0  23289  23289      0      -      -      0    689    776
    0    349     63      -    100     89      0      0      0      0   9501   1950      0      0  23289      4      0      -      -      0    744    750
    1    336     73      -    100     88      0      0      0      0   9501   1890      0      0  23289  23289      0      -      -      0    745    751
    0    363     63      -    100     88      0      0      0      0   9501   1950      0      0  23289      4      0      -      -      0    717    780
    1    348     73      -    100     88      0      0      0      0   9501   1890      0      0  23289  23289      0      -      -      0    696    748
    0    354     63      -    100     59      0      0      0      0   9501   1950      0      0  23289      4      0      -      -      0    754    751
    1    339     73      -    100     88      0      0      0      0   9501   1890      0      0  23289  23289      0      -      -      0    720    748
# gpu    pwr  gtemp  mtemp     sm    mem    enc    dec    jpg    ofa   mclk   pclk  pviol  tviol     fb   bar1   ccpm  sbecc  dbecc    pci  rxpci  txpci
# Idx      W      C      C      %      %      %      %      %      %    MHz    MHz      %   bool     MB     MB     MB   errs   errs   errs   MB/s   MB/s
    0    356     63      -    100     88      0      0      0      0   9501   1950      0      0  23289      4      0      -      -      0   2947   2778
    1    343     73      -    100     88      0      0      0      0   9501   1890      0      0  23289  23289      0      -      -      0   2225    741
    0    351     63      -    100     88      0      0      0      0   9501   1950      0      0  23289      4      0      -      -      0    741    760
    1    339     73      -    100     88      0      0      0      0   9501   1890      0      0  23289  23289      0      -      -      0    691    748
    0    354     62      -    100     75      0      0      0      0   9501   1950      0      0  23289      4      0      -      -      0    736    761
    1    334     73      -    100     19      0      0      0      0   9501   1890      0      0  23289  23289      0      -      -      0    728    748
    0    344     62      -    100     88      0      0      0      0   9501   1950      0      0  23289      4      0      -      -      0    764    752
    1    328     73      -    100     38      0      0      0      0   9501   1890      0      0  23289  23289      0      -      -      0    728    750
    0    357     62      -    100     88      0      0      0      0   9501   1950      0      0  23289      4      0      -      -      0    767    749
    1    346     73      -    100     88      0      0      0      0   9501   1890      0      0  23289  23289      0      -      -      0    728    748
    0    362     62      -    100     88      0      0      0      0   9501   1950      0      0  23289      4      0      -      -      0    764    750
    1    347     73      -    100     88      0      0      0      0   9501   1890      0      0  23289  23289      0      -      -      0    724    748
    0    337     62      -    100     18      0      0      0      0   9501   1950      0      0  23289      4      0      -      -      0    766    752
    1    318     73      -    100     44      0      0      0      0   9501   1875      0      0  23289  23289      0      -      -      0    720    749
    0    349     62      -    100     88      0      0      0      0   9501   1950      0      0  23289      4      0      -      -      0    787    760
    1    336     73      -    100     88      0      0      0      0   9501   1875      0      0  23289  23289      0      -      -      0    728    758
    0    363     62      -    100     89      0      0      0      0   9501   1950      0      0  23289      4      0      -      -      0    754    754
    1    345     73      -    100     88      0      0      0      0   9501   1875      0      0  23289  23289      0      -      -      0    720    750
    0    363     62      -    100     89      0      0      0      0   9501   1950      0      0  23289      4      0      -      -      0    786    753
    1    346     73      -    100     88      0      0      0      0   9501   1875      0      0  23289  23289      0      -      -      0    720    757
    0    351     62      -    100     88      0      0      0      0   9501   1950      0      0  23289      4      0      -      -      0    812    765
    1    333     73      -    100     89      0      0      0      0   9501   1875      0      0  23289  23289      0      -      -      0   1561   2092
    0    356     62      -    100     88      0      0      0      0   9501   1950      0      0  23289      4      0      -      -      0    746    756
    1    331     73      -    100     89      0      0      0      0   9501   1875      0      0  23289  23289      0      -      -      0    728    748
    0    362     62      -    100     88      0      0      0      0   9501   1950      0      0  23289      4      0      -      -      0    777    752
    1    345     73      -    100     88      0      0      0      0   9501   1875      0      0  23289  23289      0      -      -      0    720    749
    0    362     62      -    100     88      0      0      0      0   9501   1950      0      0  23289      4      0      -      -      0    757    745
    1    345     73      -    100     88      0      0      0      0   9501   1875      0      0  23289  23289      0      -      -      0    720    758
    0    362     62      -    100     88      0      0      0      0   9501   1950      0      0  23289      4      0      -      -      0    744    754
    1    345     73      -    100     88      0      0      0      0   9501   1875      0      0  23289  23289      0      -      -      0    720    750
    0    362     62      -    100     88      0      0      0      0   9501   1950      0      0  23289      4      0      -      -      0    764    724
    1    345     73      -    100     88      0      0      0      0   9501   1875      0      0  23289  23289      0      -      -      0    716    726
    0    353     62      -    100     88      0      0      0      0   9501   1950      0      0  23289      4      0      -      -      0    767    732
    1    335     72      -    100     89      0      0      0      0   9501   1875      0      0  23289  23289      0      -      -      0    697    758
    0    362     62      -    100     88      0      0      0      0   9501   1950      0      0  23289      4      0      -      -      0    735    752
    1    346     73      -    100     88      0      0      0      0   9501   1875      0      0  23289  23289      0      -      -      0    720    748
    0    362     62      -    100     88      0      0      0      0   9501   1950      0      0  23289      4      0      -      -      0    770    746
    1    342     72      -    100     32      0      0      0      0   9501   1875      0      0  23289  23289      0      -      -      0    706    739
    0    347     62      -    100     19      0      0      0      0   9501   1950      0      0  23289      4      0      -      -      0    751    756
    1    327     73      -    100     19      0      0      0      0   9501   1875      0      0  23289  23289      0      -      -      0    728    748
    0    350     62      -    100     89      0      0      0      0   9501   1950      0      0  23289      4      0      -      -      0    762    744
    1    337     73      -    100     88      0      0      0      0   9501   1875      0      0  23289  23289      0      -      -      0    720    748
    0    358     62      -    100     18      0      0      0      0   9501   1950      0      0  23289      4      0      -      -      0   2613   2661
    1    338     73      -    100     43      0      0      0      0   9501   1875      0      0  23289  23289      0      -      -      0   2459   3190
# gpu    pwr  gtemp  mtemp     sm    mem    enc    dec    jpg    ofa   mclk   pclk  pviol  tviol     fb   bar1   ccpm  sbecc  dbecc    pci  rxpci  txpci
# Idx      W      C      C      %      %      %      %      %      %    MHz    MHz      %   bool     MB     MB     MB   errs   errs   errs   MB/s   MB/s
    0    347     62      -    100     38      0      0      0      0   9501   1950      0      0  23289      4      0      -      -      0    804    751
    1    334     73      -    100     88      0      0      0      0   9501   1875      0      0  23289  23289      0      -      -      0    712    748
    0    362     62      -    100     88      0      0      0      0   9501   1950      0      0  23289      4      0      -      -      0   2860   2989
    1    344     73      -    100     88      0      0      0      0   9501   1875      0      0  23289  23289      0      -      -      0   2714   3092
    0    349     62      -    100     73      0      0      0      0   9501   1950      0      0  23289      4      0      -      -      0    771    761
    1    332     73      -    100     43      0      0      0      0   9501   1875      0      0  23289  23289      0      -      -      0    721    749
    0    362     62      -    100     89      0      0      0      0   9501   1950      0      0  23289      4      0      -      -      0    757    752
    1    346     73      -    100     88      0      0      0      0   9501   1875      0      0  23289  23289      0      -      -      0    719    748
    0    359     62      -    100     88      0      0      0      0   9501   1950      0      0  23289      4      0      -      -      0    773    753
    1    339     73      -    100     88      0      0      0      0   9501   1875      0      0  23289  23289      0      -      -      0    720    751
    0    360     62      -    100     88      0      0      0      0   9501   1950      0      0  23289      4      0      -      -      0   2238   2417
    1    344     72      -    100     74      0      0      0      0   9501   1875      0      0  23289  23289      0      -      -      0   2235   2416
    0    344     62      -    100     21      0      0      0      0   9501   1950      0      0  23289      4      0      -      -      0    763    755
    1    324     73      -    100     17      0      0      0      0   9501   1875      0      0  23289  23289      0      -      -      0    726    748
    0    345     62      -    100     88      0      0      0      0   9501   1950      0      0  23289      4      0      -      -      0    756    753
    1    332     73      -    100     88      0      0      0      0   9501   1875      0      0  23289  23289      0      -      -      0    720    757
    0    361     62      -    100     88      0      0      0      0   9501   1950      0      0  23289      4      0      -      -      0    749    761
    1    344     73      -    100     88      0      0      0      0   9501   1875      0      0  23289  23289      0      -      -      0    720    752
    0    362     62      -    100     88      0      0      0      0   9501   1950      0      0  23289      4      0      -      -      0    765    756
    1    345     73      -    100     88      0      0      0      0   9501   1875      0      0  23289  23289      0      -      -      0    728    748
    0    362     62      -    100     88      0      0      0      0   9501   1950      0      0  23289      4      0      -      -      0    769    753
    1    345     73      -    100     88      0      0      0      0   9501   1875      0      0  23289  23289      0      -      -      0    724    748
    0    363     62      -    100     88      0      0      0      0   9501   1950      0      0  23289      4      0      -      -      0    749    753
    1    346     73      -    100     89      0      0      0      0   9501   1875      0      0  23289  23289      0      -      -      0    719    748
    0    352     61      -    100     88      0      0      0      0   9501   1950      0      0  23289      4      0      -      -      0    755    752
    1    332     73      -    100     89      0      0      0      0   9501   1875      0      0  23289  23289      0      -      -      0    720    748
    0    350     62      -    100     88      0      0      0      0   9501   1950      0      0  23289      4      0      -      -      0   2851   3063
    1    332     73      -    100     89      0      0      0      0   9501   1875      0      0  23289  23289      0      -      -      0   2667   2964
    0    341     62      -    100     23      0      0      0      0   9501   1950      0      0  23289      4      0      -      -      0    779    754
    1    328     73      -    100     88      0      0      0      0   9501   1875      0      0  23289  23289      0      -      -      0    729    748
    0    359     61      -    100     89      0      0      0      0   9501   1950      0      0  23289      4      0      -      -      0   2513   2714
    1    337     73      -    100     88      0      0      0      0   9501   1875      0      0  23289  23289      0      -      -      0   2509   2714
    0    345     62      -    100     89      0      0      0      0   9501   1950      0      0  23289      4      0      -      -      0    777    752
    1    330     73      -    100     89      0      0      0      0   9501   1875      0      0  23289  23289      0      -      -      0    728    754
    0    356     61      -    100     18      0      0      0      0   9501   1950      0      0  23289      4      0      -      -      0   2002   2056
    1    336     73      -    100     46      0      0      0      0   9501   1875      0      0  23289  23289      0      -      -      0    847    748
    0    349     62      -    100     88      0      0      0      0   9501   1950      0      0  23289      4      0      -      -      0    746    751
    1    337     73      -    100     88      0      0      0      0   9501   1875      0      0  23289  23289      0      -      -      0    745    757
    0    348     62      -    100     88      0      0      0      0   9501   1950      0      0  23289      4      0      -      -      0    756    718
    1    332     73      -    100     89      0      0      0      0   9501   1875      0      0  23289  23289      0      -      -      0    727    726
    0    362     62      -    100     88      0      0      0      0   9501   1950      0      0  23289      4      0      -      -      0    773    761
    1    346     73      -    100     88      0      0      0      0   9501   1875      0      0  23289  23289      0      -      -      0    729    752
    0    362     62      -    100     89      0      0      0      0   9501   1950      0      0  23289      4      0      -      -      0    762    755
    1    346     73      -    100     88      0      0      0      0   9501   1875      0      0  23289  23289      0      -      -      0    720    748
# gpu    pwr  gtemp  mtemp     sm    mem    enc    dec    jpg    ofa   mclk   pclk  pviol  tviol     fb   bar1   ccpm  sbecc  dbecc    pci  rxpci  txpci
# Idx      W      C      C      %      %      %      %      %      %    MHz    MHz      %   bool     MB     MB     MB   errs   errs   errs   MB/s   MB/s
    0    362     62      -    100     88      0      0      0      0   9501   1950      0      0  23289      4      0      -      -      0    743    755
    1    345     73      -    100     89      0      0      0      0   9501   1875      0      0  23289  23289      0      -      -      0    720    751
    0    353     62      -    100     88      0      0      0      0   9501   1950      0      0  23289      4      0      -      -      0    740    755
    1    337     73      -    100     88      0      0      0      0   9501   1875      0      0  23289  23289      0      -      -      0    720    752
    0    355     62      -    100     88      0      0      0      0   9501   1950      0      0  23289      4      0      -      -      0   2306   2529
    1    340     73      -    100     88      0      0      0      0   9501   1875      0      0  23289  23289      0      -      -      0   2444   2529
    0    350     62      -    100     36      0      0      0      0   9501   1950      0      0  23289      4      0      -      -      0    798    753
    1    334     73      -    100     78      0      0      0      0   9501   1875      0      0  23289  23289      0      -      -      0    737    748
    0    353     62      -    100     83      0      0      0      0   9501   1950      0      0  23289      4      0      -      -      0   2451   2607
    1    334     73      -    100     37      0      0      0      0   9501   1875      0      0  23289  23289      0      -      -      0   2624   2220
    0    334     61      -    100     22      0      0      0      0   9501   1950      0      0  23289      4      0      -      -      0    767   1287
    1    317     73      -    100     76      0      0      0      0   9501   1875      0      0  23289  23289      0      -      -      0   2477   2668
    0    340     62      -    100     88      0      0      0      0   9501   1950      0      0  23289      4      0      -      -      0    767    757
    1    329     73      -    100     88      0      0      0      0   9501   1875      0      0  23289  23289      0      -      -      0    729    758
    0    349     61      -    100     49      0      0      0      0   9501   1950      0      0  23289      4      0      -      -      0    787    761
    1    333     73      -    100     88      0      0      0      0   9501   1875      0      0  23289  23289      0      -      -      0    726   1222
    0    346     61      -    100     39      0      0      0      0   9501   1950      0      0  23289      4      0      -      -      0    758    753
    1    333     73      -    100     88      0      0      0      0   9501   1875      0      0  23289  23289      0      -      -      0    728    756
    0    362     61      -    100     88      0      0      0      0   9501   1950      0      0  23289      4      0      -      -      0    757    762
    1    345     73      -    100     88      0      0      0      0   9501   1875      0      0  23289  23289      0      -      -      0    738    758
    0    362     61      -    100     88      0      0      0      0   9501   1950      0      0  23289      4      0      -      -      0    750    755
    1    346     73      -    100     88      0      0      0      0   9501   1875      0      0  23289  23289      0      -      -      0    720    739
    0    361     61      -    100     88      0      0      0      0   9501   1950      0      0  23289      4      0      -      -      0    763    761
    1    345     73      -    100     88      0      0      0      0   9501   1875      0      0  23289  23289      0      -      -      0    720    748
    0    361     62      -    100     88      0      0      0      0   9501   1950      0      0  23289      4      0      -      -      0    751    752
    1    345     73      -    100     88      0      0      0      0   9501   1875      0      0  23289  23289      0      -      -      0    728    748
    0    352     61      -    100     88      0      0      0      0   9501   1950      0      0  23289      4      0      -      -      0    769    758
    1    332     73      -    100     88      0      0      0      0   9501   1875      0      0  23289  23289      0      -      -      0    720    748
    0    356     61      -    100     88      0      0      0      0   9501   1950      0      0  23289      4      0      -      -      0    750    752
    1    341     73      -    100     88      0      0      0      0   9501   1875      0      0  23289  23289      0      -      -      0    720    758
    0    362     61      -    100     88      0      0      0      0   9501   1950      0      0  23289      4      0      -      -      0    749    760
    1    346     73      -    100     88      0      0      0      0   9501   1875      0      0  23289  23289      0      -      -      0    719    717
    0    353     61      -    100     56      0      0      0      0   9501   1950      0      0  23289      4      0      -      -      0    861    752
    1    332     73      -    100     18      0      0      0      0   9501   1875      0      0  23289  23289      0      -      -      0    725   1777
    0    342     62      -    100     88      0      0      0      0   9501   1950      0      0  23289      4      0      -      -      0    743    704
    1    328     73      -    100     88      0      0      0      0   9501   1875      0      0  23289  23289      0      -      -      0    718    734
    0    348     61      -    100     88      0      0      0      0   9501   1950      0      0  23289      4      0      -      -      0    731    748
    1    332     73      -    100     88      0      0      0      0   9501   1875      0      0  23289  23289      0      -      -      0    745    753
    0    362     61      -    100     88      0      0      0      0   9501   1950      0      0  23289      4      0      -      -      0    757    744
    1    345     73      -    100     88      0      0      0      0   9501   1875      0      0  23289  23289      0      -      -      0    728    748
    0    349     61      -    100     18      0      0      0      0   9501   1950      0      0  23289      4      0      -      -      0    769    754
    1    333     73      -    100     77      0      0      0      0   9501   1875      0      0  23289  23289      0      -      -      0    720    749
    0    362     61      -    100     88      0      0      0      0   9501   1950      0      0  23289      4      0      -      -      0    746    753
    1    346     73      -    100     88      0      0      0      0   9501   1875      0      0  23289  23289      0      -      -      0    720    750
# gpu    pwr  gtemp  mtemp     sm    mem    enc    dec    jpg    ofa   mclk   pclk  pviol  tviol     fb   bar1   ccpm  sbecc  dbecc    pci  rxpci  txpci
# Idx      W      C      C      %      %      %      %      %      %    MHz    MHz      %   bool     MB     MB     MB   errs   errs   errs   MB/s   MB/s
    0    362     61      -    100     88      0      0      0      0   9501   1950      0      0  23289      4      0      -      -      0    761    751
    1    346     73      -    100     88      0      0      0      0   9501   1875      0      0  23289  23289      0      -      -      0    720    748
    0    363     61      -    100     88      0      0      0      0   9501   1950      0      0  23289      4      0      -      -      0    762    753
    1    347     73      -    100     89      0      0      0      0   9501   1875      0      0  23289  23289      0      -      -      0    725    748
    0    359     61      -    100     89      0      0      0      0   9501   1950      0      0  23289      4      0      -      -      0    741    755
    1    339     73      -    100     88      0      0      0      0   9501   1875      0      0  23289  23289      0      -      -      0    720    744
    0    352     62      -    100     49      0      0      0      0   9501   1950      0      0  23289      4      0      -      -      0    749    752
    1    336     74      -    100     88      0      0      0      0   9501   1875      0      0  23289  23289      0      -      -      0    728    748
    0    352     62      -    100     17      0      0      0      0   9501   1950      0      0  23289      4      0      -      -      0   2347    734
    1    336     74      -    100     58      0      0      0      0   9501   1875      0      0  23289  23289      0      -      -      0    689    726
    0    354     61      -    100     89      0      0      0      0   9501   1950      0      0  23289      4      0      -      -      0    758    760
    1    341     74      -    100     89      0      0      0      0   9501   1875      0      0  23289  23289      0      -      -      0    721    748
    0    363     61      -    100     89      0      0      0      0   9501   1950      0      0  23289      4      0      -      -      0    773    751
    1    347     73      -    100     88      0      0      0      0   9501   1875      0      0  23289  23289      0      -      -      0    720    755
    0    363     61      -    100     88      0      0      0      0   9501   1950      0      0  23289      4      0      -      -      0   2572   2592
    1    347     74      -    100     88      0      0      0      0   9501   1875      0      0  23289  23289      0      -      -      0   2466   2643
    0    343     61      -    100     62      0      0      0      0   9501   1950      0      0  23289      4      0      -      -      0   2701   1530
    1    324     73      -    100     88      0      0      0      0   9501   1875      0      0  23289  23289      0      -      -      0    720    740
    0    347     61      -    100     35      0      0      0      0   9501   1950      0      0  23289      4      0      -      -      0    765    751
    1    335     74      -    100     78      0      0      0      0   9501   1875      0      0  23289  23289      0      -      -      0    727    748
    0    362     61      -    100     88      0      0      0      0   9501   1950      0      0  23289      4      0      -      -      0   2762   2986
    1    346     73      -    100     88      0      0      0      0   9501   1875      0      0  23289  23289      0      -      -      0   2674   2949
    0    352     61      -    100     78      0      0      0      0   9501   1950      0      0  23289      4      0      -      -      0    774    755
    1    336     74      -    100     88      0      0      0      0   9501   1875      0      0  23289  23289      0      -      -      0    720    748
    0    353     62      -    100     88      0      0      0      0   9501   1950      0      0  23289      4      0      -      -      0    811    761
    1    334     73      -    100     88      0      0      0      0   9501   1875      0      0  23289  23289      0      -      -      0    745    748
    0    356     61      -    100     88      0      0      0      0   9501   1950      0      0  23289      4      0      -      -      0   2478   2677
    1    341     74      -    100     88      0      0      0      0   9501   1875      0      0  23289  23289      0      -      -      0   2410   2044
    0    354     61      -    100     88      0      0      0      0   9501   1950      0      0  23289      4      0      -      -      0    799    751
    1    341     74      -    100     88      0      0      0      0   9501   1875      0      0  23289  23289      0      -      -      0    719    749
    0    360     61      -    100     70      0      0      0      0   9501   1950      0      0  23289      4      0      -      -      0    783   2109
    1    340     73      -    100     18      0      0      0      0   9501   1875      0      0  23289  23289      0      -      -      0   2321   2510
    0    347     61      -    100     88      0      0      0      0   9501   1950      0      0  23289      4      0      -      -      0    749    751
    1    332     74      -    100     88      0      0      0      0   9501   1875      0      0  23289  23289      0      -      -      0    720    752
    0    361     61      -    100     88      0      0      0      0   9501   1950      0      0  23289      4      0      -      -      0    783    754
    1    345     74      -    100     88      0      0      0      0   9501   1875      0      0  23289  23289      0      -      -      0    719    743
    0    362     61      -    100     88      0      0      0      0   9501   1950      0      0  23289      4      0      -      -      0    763    754
    1    346     74      -    100     88      0      0      0      0   9501   1875      0      0  23289  23289      0      -      -      0    713    749
    0    349     61      -    100     73      0      0      0      0   9501   1950      0      0  23289      4      0      -      -      0    801    722
    1    334     74      -    100     50      0      0      0      0   9501   1875      0      0  23289  23289      0      -      -      0    717    735
    0    363     61      -    100     88      0      0      0      0   9501   1950      0      0  23289      4      0      -      -      0    750    731
    1    347     74      -    100     88      0      0      0      0   9501   1875      0      0  23289  23289      0      -      -      0    685    717
    0    363     61      -    100     88      0      0      0      0   9501   1950      0      0  23289      4      0      -      -      0    740    724
    1    347     74      -    100     88      0      0      0      0   9501   1875      0      0  23289  23289      0      -      -      0    697    776
# gpu    pwr  gtemp  mtemp     sm    mem    enc    dec    jpg    ofa   mclk   pclk  pviol  tviol     fb   bar1   ccpm  sbecc  dbecc    pci  rxpci  txpci
# Idx      W      C      C      %      %      %      %      %      %    MHz    MHz      %   bool     MB     MB     MB   errs   errs   errs   MB/s   MB/s
    0    363     61      -    100     89      0      0      0      0   9501   1950      0      0  23289      4      0      -      -      0   2540   2748
    1    347     74      -    100     88      0      0      0      0   9501   1875      0      0  23289  23289      0      -      -      0   2796   2747
    0    350     61      -    100     18      0      0      0      0   9501   1950      0      0  23289      4      0      -      -      0    755    752
    1    334     74      -    100     24      0      0      0      0   9501   1875      0      0  23289  23289      0      -      -      0    716    742
    0    343     61      -    100     88      0      0      0      0   9501   1950      0      0  23289      4      0      -      -      0    757    730
    1    327     74      -    100     88      0      0      0      0   9501   1875      0      0  23289  23289      0      -      -      0    698    767
    0    362     61      -    100     88      0      0      0      0   9501   1950      0      0  23289      4      0      -      -      0   2833   2680
    1    346     74      -    100     87      0      0      0      0   9501   1875      0      0  23289  23289      0      -      -      0   2477   2679
    0    338     61      -    100     84      0      0      0      0   9501   1950      0      0  23289      4      0      -      -      0    781    755
    1    323     74      -    100     88      0      0      0      0   9501   1875      0      0  23289  23289      0      -      -      0    722    748
    0    361     61      -    100     87      0      0      0      0   9501   1950      0      0  23289      4      0      -      -      0    786    752
    1    345     74      -    100     87      0      0      0      0   9501   1875      0      0  23289  23289      0      -      -      0    720    748
    0    352     61      -    100     18      0      0      0      0   9501   1950      0      0  23289      4      0      -      -      0    747    731
    1    337     74      -    100     18      0      0      0      0   9501   1875      0      0  23289  23289      0      -      -      0    697    776
    0    361     61      -    100     88      0      0      0      0   9501   1950      0      0  23289      4      0      -      -      0    703    721
    1    336     74      -    100     88      0      0      0      0   9501   1875      0      0  23289  23289      0      -      -      0    719    717
    0    361     61      -    100     88      0      0      0      0   9501   1950      0      0  23289      4      0      -      -      0   2525   2728
    1    346     74      -    100     88      0      0      0      0   9501   1875      0      0  23289  23289      0      -      -      0   2522   2727
    0    349     61      -    100     83      0      0      0      0   9501   1950      0      0  23289      4      0      -      -      0    776    761
    1    334     74      -    100     34      0      0      0      0   9501   1875      0      0  23289  23289      0      -      -      0    720    753
    0    363     61      -    100     88      0      0      0      0   9501   1950      0      0  23289      4      0      -      -      0    747    781
    1    347     74      -    100     89      0      0      0      0   9501   1875      0      0  23289  23289      0      -      -      0    706    758
    0    363     61      -    100     89      0      0      0      0   9501   1950      0      0  23289      4      0      -      -      0    734    782
    1    347     74      -    100     89      0      0      0      0   9501   1875      0      0  23289  23289      0      -      -      0    697    753
    0    361     61      -    100     88      0      0      0      0   9501   1950      0      0  23289      4      0      -      -      0    786    753
    1    345     73      -    100     88      0      0      0      0   9501   1875      0      0  23289  23289      0      -      -      0    748    748
    0    361     61      -    100     88      0      0      0      0   9501   1950      0      0  23289      4      0      -      -      0    803    752
    1    345     74      -    100     89      0      0      0      0   9501   1875      0      0  23289  23289      0      -      -      0    728    751
    0    363     61      -    100     88      0      0      0      0   9501   1950      0      0  23289      4      0      -      -      0    761    752
    1    347     74      -    100     88      0      0      0      0   9501   1875      0      0  23289  23289      0      -      -      0    720    748
    0    353     61      -    100     18      0      0      0      0   9501   1950      0      0  23289      4      0      -      -      0    757    747
    1    338     74      -    100     18      0      0      0      0   9501   1875      0      0  23289  23289      0      -      -      0    712    748
    0    352     61      -    100     88      0      0      0      0   9501   1950      0      0  23289      4      0      -      -      0    747    751
    1    336     74      -    100     88      0      0      0      0   9501   1875      0      0  23289  23289      0      -      -      0    712    748
    0    353     61      -    100     80      0      0      0      0   9501   1950      0      0  23289      4      0      -      -      0    752    751
    1    338     74      -    100     81      0      0      0      0   9501   1875      0      0  23289  23289      0      -      -      0    720    758
    0    348     61      -    100     88      0      0      0      0   9501   1950      0      0  23289      4      0      -      -      0    763    760
    1    332     74      -    100     88      0      0      0      0   9501   1875      0      0  23289  23289      0      -      -      0    720    749
    0    363     61      -    100     88      0      0      0      0   9501   1950      0      0  23289      4      0      -      -      0    775   1117
    1    347     74      -    100     88      0      0      0      0   9501   1875      0      0  23289  23289      0      -      -      0   2414   2990
    0    349     61      -    100     52      0      0      0      0   9501   1950      0      0  23289      4      0      -      -      0    746    751
    1    333     74      -    100     51      0      0      0      0   9501   1875      0      0  23289  23289      0      -      -      0    728    749
    0    349     61      -    100     43      0      0      0      0   9501   1950      0      0  23289      4      0      -      -      0    766    760
    1    334     74      -    100     41      0      0      0      0   9501   1875      0      0  23289  23289      0      -      -      0    720    750
# gpu    pwr  gtemp  mtemp     sm    mem    enc    dec    jpg    ofa   mclk   pclk  pviol  tviol     fb   bar1   ccpm  sbecc  dbecc    pci  rxpci  txpci
# Idx      W      C      C      %      %      %      %      %      %    MHz    MHz      %   bool     MB     MB     MB   errs   errs   errs   MB/s   MB/s
    0    353     61      -    100     88      0      0      0      0   9501   1950      0      0  23289      4      0      -      -      0    746    738
    1    338     74      -    100     88      0      0      0      0   9501   1875      0      0  23289  23289      0      -      -      0    698    721
    0    363     61      -    100     88      0      0      0      0   9501   1950      0      0  23289      4      0      -      -      0    752    752
    1    347     74      -    100     89      0      0      0      0   9501   1875      0      0  23289  23289      0      -      -      0    729    758
    0    363     61      -    100     88      0      0      0      0   9501   1950      0      0  23289      4      0      -      -      0    779    753
    1    347     74      -    100     88      0      0      0      0   9501   1875      0      0  23289  23289      0      -      -      0    728    739
    0    353     61      -    100     18      0      0      0      0   9501   1950      0      0  23289      4      0      -      -      0   1225    752
    1    338     74      -    100     18      0      0      0      0   9501   1875      0      0  23289  23289      0      -      -      0    716    748
    0    351     61      -    100     88      0      0      0      0   9501   1950      0      0  23289      4      0      -      -      0    790    743
    1    335     74      -    100     88      0      0      0      0   9501   1875      0      0  23289  23289      0      -      -      0    720    751
    0    351     61      -    100     37      0      0      0      0   9501   1950      0      0  23289      4      0      -      -      0    772    753
    1    336     74      -    100     35      0      0      0      0   9501   1875      0      0  23289  23289      0      -      -      0    726    748
    0    362     61      -    100     88      0      0      0      0   9501   1950      0      0  23289      4      0      -      -      0    767    755
    1    346     74      -    100     88      0      0      0      0   9501   1875      0      0  23289  23289      0      -      -      0    720    756
    0    362     61      -    100     88      0      0      0      0   9501   1950      0      0  23289      4      0      -      -      0    774    753
    1    346     74      -    100     88      0      0      0      0   9501   1875      0      0  23289  23289      0      -      -      0    720    740
    0    363     61      -    100     89      0      0      0      0   9501   1950      0      0  23289      4      0      -      -      0    760    754
    1    347     74      -    100     88      0      0      0      0   9501   1875      0      0  23289  23289      0      -      -      0    720    752
    0    349     61      -    100     88      0      0      0      0   9501   1950      0      0  23289      4      0      -      -      0    760    754
    1    334     74      -    100     88      0      0      0      0   9501   1875      0      0  23289  23289      0      -      -      0    707   2212
    0    344     61      -    100     22      0      0      0      0   9501   1950      0      0  23289      4      0      -      -      0    786    747
    1    329     74      -    100     22      0      0      0      0   9501   1875      0      0  23289  23289      0      -      -      0    728    748
    0    356     61      -    100     88      0      0      0      0   9501   1950      0      0  23289      4      0      -      -      0    755    754
    1    341     74      -    100     88      0      0      0      0   9501   1875      0      0  23289  23289      0      -      -      0    728    751
    0    362     61      -    100     88      0      0      0      0   9501   1950      0      0  23289      4      0      -      -      0    783    752
    1    347     74      -    100     88      0      0      0      0   9501   1875      0      0  23289  23289      0      -      -      0    720    748
    0    363     61      -    100     88      0      0      0      0   9501   1950      0      0  23289      4      0      -      -      0   2583   2791
    1    347     74      -    100     89      0      0      0      0   9501   1875      0      0  23289  23289      0      -      -      0   2579   2790
    0    347     61      -    100     88      0      0      0      0   9501   1950      0      0  23289      4      0      -      -      0    766    754
    1    332     74      -    100     88      0      0      0      0   9501   1875      0      0  23289  23289      0      -      -      0    720    748
    0    362     61      -    100     88      0      0      0      0   9501   1950      0      0  23289      4      0      -      -      0    745    749
    1    347     74      -    100     88      0      0      0      0   9501   1875      0      0  23289  23289      0      -      -      0    728    748
    0    356     61      -    100     18      0      0      0      0   9501   1950      0      0  23289      4      0      -      -      0    784   1396
    1    341     74      -    100     18      0      0      0      0   9501   1875      0      0  23289  23289      0      -      -      0   2231   2412
    0    348     61      -    100     63      0      0      0      0   9501   1950      0      0  23289      4      0      -      -      0    778    749
    1    333     74      -    100     62      0      0      0      0   9501   1875      0      0  23289  23289      0      -      -      0    720    726
    0    362     61      -    100     88      0      0      0      0   9501   1950      0      0  23289      4      0      -      -      0    783    752
    1    346     74      -    100     88      0      0      0      0   9501   1875      0      0  23289  23289      0      -      -      0    720    757
    0    363     61      -    100     88      0      0      0      0   9501   1950      0      0  23289      4      0      -      -      0    756    741
    1    347     74      -    100     88      0      0      0      0   9501   1875      0      0  23289  23289      0      -      -      0    727    698
    0    363     61      -    100     88      0      0      0      0   9501   1950      0      0  23289      4      0      -      -      0    744    729
    1    347     74      -    100     89      0      0      0      0   9501   1875      0      0  23289  23289      0      -      -      0    708    726
    0    363     61      -    100     89      0      0      0      0   9501   1950      0      0  23289      4      0      -      -      0    775    744
    1    348     74      -    100     89      0      0      0      0   9501   1875      0      0  23289  23289      0      -      -      0    720    740
# gpu    pwr  gtemp  mtemp     sm    mem    enc    dec    jpg    ofa   mclk   pclk  pviol  tviol     fb   bar1   ccpm  sbecc  dbecc    pci  rxpci  txpci
# Idx      W      C      C      %      %      %      %      %      %    MHz    MHz      %   bool     MB     MB     MB   errs   errs   errs   MB/s   MB/s
    0    346     62      -    100     87      0      0      0      0   9501   1950      0      0  23289      4      0      -      -      0   2050   2057
    1    330     74      -    100     88      0      0      0      0   9501   1875      0      0  23289  23289      0      -      -      0   1797    757
    0    357     62      -    100     88      0      0      0      0   9501   1950      0      0  23289      4      0      -      -      0    743    762
    1    341     74      -    100     88      0      0      0      0   9501   1875      0      0  23289  23289      0      -      -      0    725    945
    0    351     61      -    100     89      0      0      0      0   9501   1950      0      0  23289      4      0      -      -      0    772    752
    1    335     74      -    100     89      0      0      0      0   9501   1875      0      0  23289  23289      0      -      -      0    720    752
    0    356     61      -    100     88      0      0      0      0   9501   1950      0      0  23289      4      0      -      -      0    744    755
    1    340     74      -    100     88      0      0      0      0   9501   1875      0      0  23289  23289      0      -      -      0    720    750
    0    356     61      -    100     88      0      0      0      0   9501   1950      0      0  23289      4      0      -      -      0    756    749
    1    341     74      -    100     88      0      0      0      0   9501   1875      0      0  23289  23289      0      -      -      0    719    726
    0    362     61      -    100     88      0      0      0      0   9501   1950      0      0  23289      4      0      -      -      0    772    722
    1    347     74      -    100     88      0      0      0      0   9501   1875      0      0  23289  23289      0      -      -      0    676    717
    0    354     61      -    100     88      0      0      0      0   9501   1950      0      0  23289      4      0      -      -      0   2389   2579
    1    339     74      -    100     88      0      0      0      0   9501   1875      0      0  23289  23289      0      -      -      0   2384   2578
    0    338     61      -    100     26      0      0      0      0   9501   1950      0      0  23289      4      0      -      -      0    762    754
    1    323     74      -    100     28      0      0      0      0   9501   1875      0      0  23289  23289      0      -      -      0    728    748
    0    363     61      -    100     88      0      0      0      0   9501   1950      0      0  23289      4      0      -      -      0   2724   2942
    1    347     74      -    100     88      0      0      0      0   9501   1875      0      0  23289  23289      0      -      -      0   2721   2941
    0    343     62      -    100     18      0      0      0      0   9501   1950      0      0  23289      4      0      -      -      0    773    757
    1    328     74      -    100     18      0      0      0      0   9501   1875      0      0  23289  23289      0      -      -      0    728    758
    0    352     61      -    100     88      0      0      0      0   9501   1950      0      0  23289      4      0      -      -      0    745    754
    1    336     74      -    100     88      0      0      0      0   9501   1875      0      0  23289  23289      0      -      -      0    720    748
    0    362     61      -    100     88      0      0      0      0   9501   1950      0      0  23289      4      0      -      -      0    764    758
    1    346     74      -    100     88      0      0      0      0   9501   1875      0      0  23289  23289      0      -      -      0    720    757
    0    362     61      -    100     89      0      0      0      0   9501   1950      0      0  23289      4      0      -      -      0    758    757
    1    347     74      -    100     89      0      0      0      0   9501   1875      0      0  23289  23289      0      -      -      0    720    743
    0    353     61      -    100     34      0      0      0      0   9501   1950      0      0  23289      4      0      -      -      0    761    755
    1    337     74      -    100     32      0      0      0      0   9501   1875      0      0  23289  23289      0      -      -      0    720    758
    0    353     61      -    100     83      0      0      0      0   9501   1950      0      0  23289      4      0      -      -      0   2478   2667
    1    338     74      -    100     84      0      0      0      0   9501   1875      0      0  23289  23289      0      -      -      0   2342   1192
    0    350     61      -    100     88      0      0      0      0   9501   1950      0      0  23289      4      0      -      -      0    793    752
    1    335     74      -    100     88      0      0      0      0   9501   1875      0      0  23289  23289      0      -      -      0    719    750
    0    354     62      -    100     88      0      0      0      0   9501   1950      0      0  23289      4      0      -      -      0   1905   2064
    1    339     74      -    100     88      0      0      0      0   9501   1875      0      0  23289  23289      0      -      -      0   1914   2014
    0    357     61      -    100     88      0      0      0      0   9501   1950      0      0  23289      4      0      -      -      0    782    752
    1    341     74      -    100     88      0      0      0      0   9501   1875      0      0  23289  23289      0      -      -      0    720    738
    0    354     61      -    100     88      0      0      0      0   9501   1950      0      0  23289      4      0      -      -      0    784    761
    1    338     74      -    100     88      0      0      0      0   9501   1875      0      0  23289  23289      0      -      -      0    720    748
    0    353     61      -    100     88      0      0      0      0   9501   1950      0      0  23289      4      0      -      -      0    784    751
    1    338     74      -    100     88      0      0      0      0   9501   1875      0      0  23289  23289      0      -      -      0    728    748
    0    363     61      -    100     88      0      0      0      0   9501   1950      0      0  23289      4      0      -      -      0    765    753
    1    347     74      -    100     88      0      0      0      0   9501   1875      0      0  23289  23289      0      -      -      0    720    748
    0    364     61      -    100     89      0      0      0      0   9501   1950      0      0  23289      4      0      -      -      0    748    752
    1    348     74      -    100     88      0      0      0      0   9501   1875      0      0  23289  23289      0      -      -      0    720    748
# gpu    pwr  gtemp  mtemp     sm    mem    enc    dec    jpg    ofa   mclk   pclk  pviol  tviol     fb   bar1   ccpm  sbecc  dbecc    pci  rxpci  txpci
# Idx      W      C      C      %      %      %      %      %      %    MHz    MHz      %   bool     MB     MB     MB   errs   errs   errs   MB/s   MB/s
    0    349     62      -    100     88      0      0      0      0   9501   1950      0      0  23289      4      0      -      -      0    742    745
    1    334     74      -    100     89      0      0      0      0   9501   1875      0      0  23289  23289      0      -      -      0    712    748
    0    364     61      -    100     89      0      0      0      0   9501   1950      0      0  23289      4      0      -      -      0    756    759
    1    348     74      -    100     88      0      0      0      0   9501   1875      0      0  23289  23289      0      -      -      0    720    741
    0    347     61      -    100     42      0      0      0      0   9501   1950      0      0  23289      4      0      -      -      0    773    756
    1    332     74      -    100     40      0      0      0      0   9501   1875      0      0  23289  23289      0      -      -      0    720    748
    0    359     61      -    100     88      0      0      0      0   9501   1950      0      0  23289      4      0      -      -      0    760    742
    1    344     74      -    100     88      0      0      0      0   9501   1875      0      0  23289  23289      0      -      -      0    711    749
    0    352     62      -    100     88      0      0      0      0   9501   1950      0      0  23289      4      0      -      -      0    752    756
    1    337     74      -    100     88      0      0      0      0   9501   1875      0      0  23289  23289      0      -      -      0    709    734
    0    362     62      -    100     88      0      0      0      0   9501   1950      0      0  23289      4      0      -      -      0    732    772
    1    347     74      -    100     88      0      0      0      0   9501   1875      0      0  23289  23289      0      -      -      0    697    748
    0    346     62      -    100     47      0      0      0      0   9501   1950      0      0  23289      4      0      -      -      0    961   2132
    1    331     74      -    100     49      0      0      0      0   9501   1875      0      0  23289  23289      0      -      -      0   1987   2212
    0    346     61      -    100     88      0      0      0      0   9501   1950      0      0  23289      4      0      -      -      0    757    764
    1    331     74      -    100     88      0      0      0      0   9501   1875      0      0  23289  23289      0      -      -      0    720    751
    0    362     61      -    100     88      0      0      0      0   9501   1950      0      0  23289      4      0      -      -      0    764    751
    1    347     74      -    100     88      0      0      0      0   9501   1875      0      0  23289  23289      0      -      -      0    711    748
    0    363     62      -    100     88      0      0      0      0   9501   1950      0      0  23289      4      0      -      -      0   1907   2117
    1    347     74      -    100     88      0      0      0      0   9501   1875      0      0  23289  23289      0      -      -      0   2050   1053
    0    357     62      -    100     88      0      0      0      0   9501   1950      0      0  23289      4      0      -      -      0    765    751
    1    341     74      -    100     88      0      0      0      0   9501   1875      0      0  23289  23289      0      -      -      0    719    748
    0    363     61      -    100     88      0      0      0      0   9501   1950      0      0  23289      4      0      -      -      0    758    752
    1    347     74      -    100     88      0      0      0      0   9501   1875      0      0  23289  23289      0      -      -      0    720    751
    0    350     62      -    100     88      0      0      0      0   9501   1950      0      0  23289      4      0      -      -      0   2665   2879
    1    334     74      -    100     88      0      0      0      0   9501   1875      0      0  23289  23289      0      -      -      0   2829   3062
    0    353     62      -    100     88      0      0      0      0   9501   1950      0      0  23289      4      0      -      -      0    754    753
    1    337     74      -    100     88      0      0      0      0   9501   1875      0      0  23289  23289      0      -      -      0    723    748
    0    363     62      -    100     88      0      0      0      0   9501   1950      0      0  23289      4      0      -      -      0    784    765
    1    347     74      -    100     88      0      0      0      0   9501   1875      0      0  23289  23289      0      -      -      0    719    748
    0    348     61      -    100     24      0      0      0      0   9501   1950      0      0  23289      4      0      -      -      0    802    755
    1    333     74      -    100     22      0      0      0      0   9501   1875      0      0  23289  23289      0      -      -      0    719    748
    0    363     61      -    100     88      0      0      0      0   9501   1950      0      0  23289      4      0      -      -      0   2571   2716
    1    347     74      -    100     88      0      0      0      0   9501   1875      0      0  23289  23289      0      -      -      0   2578   2788
    0    351     61      -    100     69      0      0      0      0   9501   1950      0      0  23289      4      0      -      -      0    767    760
    1    335     74      -    100     71      0      0      0      0   9501   1875      0      0  23289  23289      0      -      -      0    723    748
    0    352     62      -    100     88      0      0      0      0   9501   1950      0      0  23289      4      0      -      -      0    804    760
    1    337     74      -    100     88      0      0      0      0   9501   1875      0      0  23289  23289      0      -      -      0    709    726
    0    352     61      -    100     88      0      0      0      0   9501   1950      0      0  23289      4      0      -      -      0    779    752
    1    337     74      -    100     88      0      0      0      0   9501   1875      0      0  23289  23289      0      -      -      0    721    748
    0    362     61      -    100     87      0      0      0      0   9501   1950      0      0  23289      4      0      -      -      0    765    751
    1    346     74      -    100     88      0      0      0      0   9501   1875      0      0  23289  23289      0      -      -      0    719    749
    0    348     61      -    100     22      0      0      0      0   9501   1950      0      0  23289      4      0      -      -      0    742    757
    1    333     74      -    100     22      0      0      0      0   9501   1875      0      0  23289  23289      0      -      -      0    720    750
# gpu    pwr  gtemp  mtemp     sm    mem    enc    dec    jpg    ofa   mclk   pclk  pviol  tviol     fb   bar1   ccpm  sbecc  dbecc    pci  rxpci  txpci
# Idx      W      C      C      %      %      %      %      %      %    MHz    MHz      %   bool     MB     MB     MB   errs   errs   errs   MB/s   MB/s
    0    344     62      -    100     88      0      0      0      0   9501   1950      0      0  23289      4      0      -      -      0    777    755
    1    329     74      -    100     88      0      0      0      0   9501   1875      0      0  23289  23289      0      -      -      0    729    758
    0    363     62      -    100     88      0      0      0      0   9501   1950      0      0  23289      4      0      -      -      0    744    754
    1    348     74      -    100     88      0      0      0      0   9501   1875      0      0  23289  23289      0      -      -      0    702    758
    0    364     62      -    100     88      0      0      0      0   9501   1950      0      0  23289      4      0      -      -      0    766    755
    1    348     74      -    100     88      0      0      0      0   9501   1875      0      0  23289  23289      0      -      -      0    720    760
    0    348     62      -    100     88      0      0      0      0   9501   1950      0      0  23289      4      0      -      -      0    813    754
    1    333     74      -    100     88      0      0      0      0   9501   1875      0      0  23289  23289      0      -      -      0    720    749
    0    354     62      -    100     83      0      0      0      0   9501   1950      0      0  23289      4      0      -      -      0    722    720
    1    339     74      -    100     83      0      0      0      0   9501   1875      0      0  23289  23289      0      -      -      0    697    767
    0    362     62      -    100     88      0      0      0      0   9501   1950      0      0  23289      4      0      -      -      0    738    719
    1    347     74      -    100     88      0      0      0      0   9501   1875      0      0  23289  23289      0      -      -      0    697    758
    0    349     61      -    100     82      0      0      0      0   9501   1950      0      0  23289      4      0      -      -      0    789    753
    1    333     74      -    100     84      0      0      0      0   9501   1875      0      0  23289  23289      0      -      -      0    720    751
    0    357     62      -    100     88      0      0      0      0   9501   1950      0      0  23289      4      0      -      -      0    747    761
    1    346     74      -    100     88      0      0      0      0   9501   1875      0      0  23289  23289      0      -      -      0    720    757
    0    363     62      -    100     88      0      0      0      0   9501   1950      0      0  23289      4      0      -      -      0    777    759
    1    347     74      -    100     88      0      0      0      0   9501   1875      0      0  23289  23289      0      -      -      0   1721   2935
    0    348     62      -    100     88      0      0      0      0   9501   1950      0      0  23289      4      0      -      -      0    758    753
    1    332     74      -    100     88      0      0      0      0   9501   1875      0      0  23289  23289      0      -      -      0    720    742
    0    362     62      -    100     88      0      0      0      0   9501   1950      0      0  23289      4      0      -      -      0   2519   2602
    1    347     74      -    100     88      0      0      0      0   9501   1875      0      0  23289  23289      0      -      -      0   2406   2972
    0    338     62      -    100     84      0      0      0      0   9501   1950      0      0  23289      4      0      -      -      0    758    754
    1    323     74      -    100     89      0      0      0      0   9501   1875      0      0  23289  23289      0      -      -      0    728    717
    0    363     62      -    100     88      0      0      0      0   9501   1950      0      0  23289      4      0      -      -      0    767    752
    1    348     74      -    100     89      0      0      0      0   9501   1875      0      0  23289  23289      0      -      -      0    728    748
    0    362     61      -    100     69      0      0      0      0   9501   1950      0      0  23289      4      0      -      -      0    761    760
    1    342     74      -    100     18      0      0      0      0   9501   1875      0      0  23289  23289      0      -      -      0    720    758
    0    364     62      -    100     88      0      0      0      0   9501   1950      0      0  23289      4      0      -      -      0   2876   3109
    1    346     74      -    100     89      0      0      0      0   9501   1875      0      0  23289  23289      0      -      -      0   2873   2810
    0    333     62      -    100     18      0      0      0      0   9501   1950      0      0  23289      4      0      -      -      0    741    761
    1    318     74      -    100     20      0      0      0      0   9501   1875      0      0  23289  23289      0      -      -      0    722    757
    0    359     62      -    100     88      0      0      0      0   9501   1950      0      0  23289      4      0      -      -      0    757    754
    1    347     74      -    100     88      0      0      0      0   9501   1875      0      0  23289  23289      0      -      -      0    720    757
    0    362     62      -    100     88      0      0      0      0   9501   1950      0      0  23289      4      0      -      -      0    777    754
    1    347     74      -    100     88      0      0      0      0   9501   1875      0      0  23289  23289      0      -      -      0    719    750
    0    363     62      -    100     88      0      0      0      0   9501   1950      0      0  23289      4      0      -      -      0    759    752
    1    347     74      -    100     88      0      0      0      0   9501   1875      0      0  23289  23289      0      -      -      0    712    748
    0    359     62      -    100     88      0      0      0      0   9501   1950      0      0  23289      4      0      -      -      0    784    750
    1    347     74      -    100     88      0      0      0      0   9501   1875      0      0  23289  23289      0      -      -      0    720    750
    0    363     62      -    100     88      0      0      0      0   9501   1950      0      0  23289      4      0      -      -      0    746    751
    1    347     74      -    100     88      0      0      0      0   9501   1875      0      0  23289  23289      0      -      -      0    718    739
    0    363     62      -    100     88      0      0      0      0   9501   1950      0      0  23289      4      0      -      -      0    750    730
    1    347     74      -    100     88      0      0      0      0   9501   1875      0      0  23289  23289      0      -      -      0    698    767
# gpu    pwr  gtemp  mtemp     sm    mem    enc    dec    jpg    ofa   mclk   pclk  pviol  tviol     fb   bar1   ccpm  sbecc  dbecc    pci  rxpci  txpci
# Idx      W      C      C      %      %      %      %      %      %    MHz    MHz      %   bool     MB     MB     MB   errs   errs   errs   MB/s   MB/s
    0    364     62      -    100     88      0      0      0      0   9501   1950      0      0  23289      4      0      -      -      0    752    752
    1    348     74      -    100     88      0      0      0      0   9501   1875      0      0  23289  23289      0      -      -      0    720    739
    0    358     61      -    100     19      0      0      0      0   9501   1950      0      0  23289      4      0      -      -      0    774    719
    1    341     74      -    100     68      0      0      0      0   9501   1875      0      0  23289  23289      0      -      -      0    717    722
    0    363     62      -    100     88      0      0      0      0   9501   1950      0      0  23289      4      0      -      -      0    755    753
    1    347     74      -    100     88      0      0      0      0   9501   1875      0      0  23289  23289      0      -      -      0    720    748
    0    348     62      -    100     18      0      0      0      0   9501   1950      0      0  23289      4      0      -      -      0    742    750
    1    332     74      -    100     61      0      0      0      0   9501   1875      0      0  23289  23289      0      -      -      0    739    748
    0    356     62      -    100     31      0      0      0      0   9501   1950      0      0  23289      4      0      -      -      0    825   1189
    1    339     74      -    100     18      0      0      0      0   9501   1875      0      0  23289  23289      0      -      -      0   2363   2555
    0    350     62      -    100     18      0      0      0      0   9501   1950      0      0  23289      4      0      -      -      0    789   1683
    1    331     74      -    100     81      0      0      0      0   9501   1875      0      0  23289  23289      0      -      -      0   2046   2207
    0    347     62      -    100     22      0      0      0      0   9501   1950      0      0  23289      4      0      -      -      0   2622   1026
    1    331     74      -    100     83      0      0      0      0   9501   1875      0      0  23289  23289      0      -      -      0    719    750
    0    349     62      -    100     38      0      0      0      0   9501   1950      0      0  23289      4      0      -      -      0    727    757
    1    333     74      -    100     83      0      0      0      0   9501   1875      0      0  23289  23289      0      -      -      0    709    758
    0    364     62      -    100     88      0      0      0      0   9501   1950      0      0  23289      4      0      -      -      0    768    764
    1    348     74      -    100     89      0      0      0      0   9501   1875      0      0  23289  23289      0      -      -      0   1487   2830
    0    349     62      -    100     89      0      0      0      0   9501   1950      0      0  23289      4      0      -      -      0    768    761
    1    333     74      -    100     89      0      0      0      0   9501   1875      0      0  23289  23289      0      -      -      0    728    758
    0    364     62      -    100     89      0      0      0      0   9501   1950      0      0  23289      4      0      -      -      0   2280    754
    1    348     74      -    100     89      0      0      0      0   9501   1875      0      0  23289  23289      0      -      -      0    690    747
    0    348     62      -    100     88      0      0      0      0   9501   1950      0      0  23289      4      0      -      -      0    765    751
    1    332     74      -    100     88      0      0      0      0   9501   1875      0      0  23289  23289      0      -      -      0    728    748
    0    353     61      -    100     38      0      0      0      0   9501   1950      0      0  23289      4      0      -      -      0    760    762
    1    335     74      -    100     78      0      0      0      0   9501   1875      0      0  23289  23289      0      -      -      0    720    754
    0    362     62      -    100     88      0      0      0      0   9501   1950      0      0  23289      4      0      -      -      0    761    752
    1    346     74      -    100     88      0      0      0      0   9501   1875      0      0  23289  23289      0      -      -      0    720    748
    0    363     62      -    100     88      0      0      0      0   9501   1950      0      0  23289      4      0      -      -      0    758    752
    1    346     74      -    100     88      0      0      0      0   9501   1875      0      0  23289  23289      0      -      -      0    720    739
    0    363     62      -    100     88      0      0      0      0   9501   1950      0      0  23289      4      0      -      -      0   2393   2584
    1    347     74      -    100     88      0      0      0      0   9501   1875      0      0  23289  23289      0      -      -      0   2181   2489
    0    355     62      -    100     38      0      0      0      0   9501   1950      0      0  23289      4      0      -      -      0    777    756
    1    338     74      -    100     88      0      0      0      0   9501   1875      0      0  23289  23289      0      -      -      0    720    748
    0    366     62      -    100     89      0      0      0      0   9501   1950      0      0  23289      4      0      -      -      0    776    753
    1    347     74      -    100     89      0      0      0      0   9501   1875      0      0  23289  23289      0      -      -      0    728    748
    0    374     62      -    100     88      0      0      0      0   9501   1950      0      0  23289      4      0      -      -      0    748    755
    1    348     74      -    100     88      0      0      0      0   9501   1875      0      0  23289  23289      0      -      -      0    720    749
    0    360     62      -    100     88      0      0      0      0   9501   1950      0      0  23289      4      0      -      -      0    764    739
    1    333     74      -    100     88      0      0      0      0   9501   1875      0      0  23289  23289      0      -      -      0    698    776
    0    363     62      -    100     82      0      0      0      0   9501   1950      0      0  23289      4      0      -      -      0   1915   2880
    1    336     74      -    100     41      0      0      0      0   9501   1875      0      0  23289  23289      0      -      -      0   2659   2807
    0    351     61      -    100     88      0      0      0      0   9501   1950      0      0  23289      4      0      -      -      0    768    756
    1    329     74      -    100     88      0      0      0      0   9501   1875      0      0  23289  23289      0      -      -      0    719    748
# gpu    pwr  gtemp  mtemp     sm    mem    enc    dec    jpg    ofa   mclk   pclk  pviol  tviol     fb   bar1   ccpm  sbecc  dbecc    pci  rxpci  txpci
# Idx      W      C      C      %      %      %      %      %      %    MHz    MHz      %   bool     MB     MB     MB   errs   errs   errs   MB/s   MB/s
    0    363     61      -    100     88      0      0      0      0   9501   1950      0      0  23289      4      0      -      -      0    759    742
    1    347     74      -    100     88      0      0      0      0   9501   1875      0      0  23289  23289      0      -      -      0    720    739
    0    361     61      -    100     88      0      0      0      0   9501   1950      0      0  23289      4      0      -      -      0    764    749
    1    347     74      -    100     88      0      0      0      0   9501   1875      0      0  23289  23289      0      -      -      0    720    749
    0    352     60      -    100     18      0      0      0      0   9501   1950      0      0  23289      4      0      -      -      0    764    743
    1    334     74      -    100     27      0      0      0      0   9501   1875      0      0  23289  23289      0      -      -      0    720    748
    0    354     60      -    100     76      0      0      0      0   9501   1950      0      0  23289      4      0      -      -      0    770    753
    1    332     74      -    100     18      0      0      0      0   9501   1875      0      0  23289  23289      0      -      -      0    725   1582
    0    338     60      -    100     60      0      0      0      0   9501   1950      0      0  23289      4      0      -      -      0    771    763
    1    324     74      -    100     88      0      0      0      0   9501   1875      0      0  23289  23289      0      -      -      0    728    758
    0    350     60      -    100     88      0      0      0      0   9501   1950      0      0  23289      4      0      -      -      0    769    772
    1    336     74      -    100     88      0      0      0      0   9501   1875      0      0  23289  23289      0      -      -      0    719    729
    0    362     60      -    100     89      0      0      0      0   9501   1950      0      0  23289      4      0      -      -      0    768    755
    1    336     74      -    100     88      0      0      0      0   9501   1875      0      0  23289  23289      0      -      -      0    729    757
    0    362     61      -    100     88      0      0      0      0   9501   1950      0      0  23289      4      0      -      -      0    764    763
    1    347     74      -    100     88      0      0      0      0   9501   1875      0      0  23289  23289      0      -      -      0    720    748
    0    349     61      -    100     88      0      0      0      0   9501   1950      0      0  23289      4      0      -      -      0    776    764
    1    336     74      -    100     89      0      0      0      0   9501   1875      0      0  23289  23289      0      -      -      0    728    758
    0    362     61      -    100     89      0      0      0      0   9501   1950      0      0  23289      4      0      -      -      0    748    759
    1    348     74      -    100     89      0      0      0      0   9501   1875      0      0  23289  23289      0      -      -      0    692    758
    0    362     61      -    100     89      0      0      0      0   9501   1950      0      0  23289      4      0      -      -      0   2278   2458
    1    348     74      -    100     89      0      0      0      0   9501   1875      0      0  23289  23289      0      -      -      0   2274   2459
    0    354     61      -    100     88      0      0      0      0   9501   1950      0      0  23289      4      0      -      -      0    791    761
    1    339     74      -    100     89      0      0      0      0   9501   1875      0      0  23289  23289      0      -      -      0    720    758
    0    363     61      -    100     88      0      0      0      0   9501   1950      0      0  23289      4      0      -      -      0    749    751
    1    347     74      -    100     88      0      0      0      0   9501   1875      0      0  23289  23289      0      -      -      0    728    745
    0    352     61      -    100     88      0      0      0      0   9501   1950      0      0  23289      4      0      -      -      0    777    741
    1    333     74      -    100     55      0      0      0      0   9501   1875      0      0  23289  23289      0      -      -      0    728    748
    0    350     62      -    100     88      0      0      0      0   9501   1950      0      0  23289      4      0      -      -      0    776    753
    1    335     74      -    100     88      0      0      0      0   9501   1875      0      0  23289  23289      0      -      -      0    720    748
    0    355     62      -    100     88      0      0      0      0   9501   1950      0      0  23289      4      0      -      -      0    749    756
    1    342     74      -    100     88      0      0      0      0   9501   1875      0      0  23289  23289      0      -      -      0    723    748
    0    363     61      -    100     88      0      0      0      0   9501   1950      0      0  23289      4      0      -      -      0    776    753
    1    347     74      -    100     88      0      0      0      0   9501   1875      0      0  23289  23289      0      -      -      0    720    757
    0    349     61      -    100     88      0      0      0      0   9501   1950      0      0  23289      4      0      -      -      0    781    755
    1    333     74      -    100     88      0      0      0      0   9501   1875      0      0  23289  23289      0      -      -      0    728    748
    0    368     61      -    100     88      0      0      0      0   9501   1950      0      0  23289      4      0      -      -      0    773    752
    1    348     74      -    100     88      0      0      0      0   9501   1875      0      0  23289  23289      0      -      -      0    720    748
    0    363     61      -    100     37      0      0      0      0   9501   1950      0      0  23289      4      0      -      -      0   1194   2055
    1    342     74      -    100     18      0      0      0      0   9501   1875      0      0  23289  23289      0      -      -      0   2046   2088
    0    340     61      -    100     47      0      0      0      0   9501   1950      0      0  23289      4      0      -      -      0    782   2158
    1    320     74      -    100     16      0      0      0      0   9501   1875      0      0  23289  23289      0      -      -      0   2320   2510
    0    349     61      -    100     88      0      0      0      0   9501   1950      0      0  23289      4      0      -      -      0    779    760
    1    324     74      -    100     88      0      0      0      0   9501   1875      0      0  23289  23289      0      -      -      0    728    748
# gpu    pwr  gtemp  mtemp     sm    mem    enc    dec    jpg    ofa   mclk   pclk  pviol  tviol     fb   bar1   ccpm  sbecc  dbecc    pci  rxpci  txpci
# Idx      W      C      C      %      %      %      %      %      %    MHz    MHz      %   bool     MB     MB     MB   errs   errs   errs   MB/s   MB/s
    0    362     61      -    100     88      0      0      0      0   9501   1950      0      0  23289      4      0      -      -      0    742    762
    1    347     74      -    100     88      0      0      0      0   9501   1875      0      0  23289  23289      0      -      -      0    721    751
    0    362     61      -    100     88      0      0      0      0   9501   1950      0      0  23289      4      0      -      -      0    744    751
    1    347     74      -    100     89      0      0      0      0   9501   1875      0      0  23289  23289      0      -      -      0    720    750
    0    362     61      -    100     88      0      0      0      0   9501   1950      0      0  23289      4      0      -      -      0    768    751
    1    347     74      -    100     88      0      0      0      0   9501   1875      0      0  23289  23289      0      -      -      0    720    748
    0    361     61      -    100     88      0      0      0      0   9501   1950      0      0  23289      4      0      -      -      0    764    752
    1    347     74      -    100     89      0      0      0      0   9501   1875      0      0  23289  23289      0      -      -      0    720    748
    0    362     61      -    100     88      0      0      0      0   9501   1950      0      0  23289      4      0      -      -      0    768    751
    1    347     74      -    100     88      0      0      0      0   9501   1875      0      0  23289  23289      0      -      -      0    721    749
    0    369     60      -    100     18      0      0      0      0   9501   1950      0      0  23289      4      0      -      -      0   1264    742
    1    348     74      -    100     89      0      0      0      0   9501   1875      0      0  23289  23289      0      -      -      0    713    740
    0    361     61      -    100     88      0      0      0      0   9501   1950      0      0  23289      4      0      -      -      0    764    753
    1    339     74      -    100     88      0      0      0      0   9501   1875      0      0  23289  23289      0      -      -      0    720    744
    0    358     61      -    100     88      0      0      0      0   9501   1950      0      0  23289      4      0      -      -      0    757    751
    1    334     74      -    100     50      0      0      0      0   9501   1875      0      0  23289  23289      0      -      -      0    728    748
    0    359     61      -    100     88      0      0      0      0   9501   1950      0      0  23289      4      0      -      -      0    753    752
    1    341     74      -    100     88      0      0      0      0   9501   1875      0      0  23289  23289      0      -      -      0    728    748
    0    362     61      -    100     88      0      0      0      0   9501   1950      0      0  23289      4      0      -      -      0    752    750
    1    347     74      -    100     88      0      0      0      0   9501   1875      0      0  23289  23289      0      -      -      0    715    748
    0    362     61      -    100     88      0      0      0      0   9501   1950      0      0  23289      4      0      -      -      0    793    754
    1    347     74      -    100     88      0      0      0      0   9501   1875      0      0  23289  23289      0      -      -      0    719    749
    0    354     61      -    100     88      0      0      0      0   9501   1950      0      0  23289      4      0      -      -      0   2202   2325
    1    338     74      -    100     88      0      0      0      0   9501   1875      0      0  23289  23289      0      -      -      0    720    752
    0    363     60      -    100     88      0      0      0      0   9501   1950      0      0  23289      4      0      -      -      0   2555   2716
    1    341     74      -    100     88      0      0      0      0   9501   1875      0      0  23289  23289      0      -      -      0   2508   1106
    0    337     60      -    100     43      0      0      0      0   9501   1950      0      0  23289      4      0      -      -      0    767    755
    1    318     74      -    100     54      0      0      0      0   9501   1875      0      0  23289  23289      0      -      -      0    720    740
    0    356     60      -    100     88      0      0      0      0   9501   1950      0      0  23289      4      0      -      -      0    766    722
    1    345     74      -    100     88      0      0      0      0   9501   1875      0      0  23289  23289      0      -      -      0    726    726
    0    361     60      -    100     88      0      0      0      0   9501   1950      0      0  23289      4      0      -      -      0    738    757
    1    347     74      -    100     88      0      0      0      0   9501   1875      0      0  23289  23289      0      -      -      0    727    748
    0    362     60      -    100     88      0      0      0      0   9501   1950      0      0  23289      4      0      -      -      0   2794   2920
    1    348     74      -    100     89      0      0      0      0   9501   1875      0      0  23289  23289      0      -      -      0   2698   2919
    0    346     60      -    100     88      0      0      0      0   9501   1950      0      0  23289      4      0      -      -      0   2755   2979
    1    332     74      -    100     88      0      0      0      0   9501   1875      0      0  23289  23289      0      -      -      0   2561   2839
    0    348     60      -    100     89      0      0      0      0   9501   1950      0      0  23289      4      0      -      -      0    782    757
    1    333     74      -    100     89      0      0      0      0   9501   1875      0      0  23289  23289      0      -      -      0    719    748
    0    362     61      -    100     88      0      0      0      0   9501   1950      0      0  23289      4      0      -      -      0   2558   1612
    1    348     74      -    100     89      0      0      0      0   9501   1875      0      0  23289  23289      0      -      -      0    711    739
    0    344     60      -    100     52      0      0      0      0   9501   1950      0      0  23289      4      0      -      -      0    766    750
    1    325     74      -    100     17      0      0      0      0   9501   1875      0      0  23289  23289      0      -      -      0    729    758
    0    362     61      -    100     88      0      0      0      0   9501   1950      0      0  23289      4      0      -      -      0   1862   2517
    1    348     74      -    100     88      0      0      0      0   9501   1875      0      0  23289  23289      0      -      -      0   2409   2528
# gpu    pwr  gtemp  mtemp     sm    mem    enc    dec    jpg    ofa   mclk   pclk  pviol  tviol     fb   bar1   ccpm  sbecc  dbecc    pci  rxpci  txpci
# Idx      W      C      C      %      %      %      %      %      %    MHz    MHz      %   bool     MB     MB     MB   errs   errs   errs   MB/s   MB/s
    0    347     61      -    100     81      0      0      0      0   9501   1950      0      0  23289      4      0      -      -      0    762    751
    1    332     74      -    100     33      0      0      0      0   9501   1875      0      0  23289  23289      0      -      -      0    720    748
    0    361     61      -    100     88      0      0      0      0   9501   1950      0      0  23289      4      0      -      -      0    768    752
    1    346     74      -    100     88      0      0      0      0   9501   1875      0      0  23289  23289      0      -      -      0    720    750
    0    362     61      -    100     88      0      0      0      0   9501   1950      0      0  23289      4      0      -      -      0    780    752
    1    347     74      -    100     88      0      0      0      0   9501   1875      0      0  23289  23289      0      -      -      0    720    752
    0    362     61      -    100     88      0      0      0      0   9501   1950      0      0  23289      4      0      -      -      0    764    757
    1    347     74      -    100     88      0      0      0      0   9501   1875      0      0  23289  23289      0      -      -      0    719    748
    0    363     61      -    100     89      0      0      0      0   9501   1950      0      0  23289      4      0      -      -      0    775    753
    1    347     74      -    100     88      0      0      0      0   9501   1875      0      0  23289  23289      0      -      -      0    720    745
    0    358     61      -    100     75      0      0      0      0   9501   1950      0      0  23289      4      0      -      -      0   1958    964
    1    339     74      -    100     78      0      0      0      0   9501   1875      0      0  23289  23289      0      -      -      0    720    750
    0    353     61      -    100     58      0      0      0      0   9501   1950      0      0  23289      4      0      -      -      0    774    753
    1    328     74      -    100     88      0      0      0      0   9501   1875      0      0  23289  23289      0      -      -      0    720    748
    0    367     61      -    100     88      0      0      0      0   9501   1950      0      0  23289      4      0      -      -      0    807    753
    1    348     74      -    100     89      0      0      0      0   9501   1875      0      0  23289  23289      0      -      -      0    728    748
    0    363     61      -    100     89      0      0      0      0   9501   1950      0      0  23289      4      0      -      -      0    784    753
    1    348     74      -    100     88      0      0      0      0   9501   1875      0      0  23289  23289      0      -      -      0    720    740
    0    363     61      -    100     88      0      0      0      0   9501   1950      0      0  23289      4      0      -      -      0   2320   2505
    1    348     74      -    100     89      0      0      0      0   9501   1875      0      0  23289  23289      0      -      -      0   2316   2504
    0    358     61      -    100     32      0      0      0      0   9501   1950      0      0  23289      4      0      -      -      0    762    750
    1    333     74      -    100     88      0      0      0      0   9501   1875      0      0  23289  23289      0      -      -      0    728    717
    0    353     60      -    100     17      0      0      0      0   9501   1950      0      0  23289      4      0      -      -      0    763    752
    1    334     74      -    100     19      0      0      0      0   9501   1875      0      0  23289  23289      0      -      -      0    719    755
    0    370     60      -    100     88      0      0      0      0   9501   1950      0      0  23289      4      0      -      -      0    706    723
    1    347     74      -    100     88      0      0      0      0   9501   1875      0      0  23289  23289      0      -      -      0    703   2504
    0    348     60      -    100     35      0      0      0      0   9501   1950      0      0  23289      4      0      -      -      0    743    751
    1    333     74      -    100     80      0      0      0      0   9501   1875      0      0  23289  23289      0      -      -      0    720    748
    0    360     60      -    100     88      0      0      0      0   9501   1950      0      0  23289      4      0      -      -      0    725    763
    1    347     74      -    100     88      0      0      0      0   9501   1875      0      0  23289  23289      0      -      -      0    720    746
    0    361     60      -    100     89      0      0      0      0   9501   1950      0      0  23289      4      0      -      -      0    763    752
    1    348     74      -    100     89      0      0      0      0   9501   1875      0      0  23289  23289      0      -      -      0    721    748
    0    351     60      -    100     83      0      0      0      0   9501   1950      0      0  23289      4      0      -      -      0    754    753
    1    336     74      -    100     71      0      0      0      0   9501   1875      0      0  23289  23289      0      -      -      0    729    748
    0    358     60      -    100     83      0      0      0      0   9501   1950      0      0  23289      4      0      -      -      0    751    728
    1    338     74      -    100     17      0      0      0      0   9501   1875      0      0  23289  23289      0      -      -      0    686    718
    0    338     60      -    100     89      0      0      0      0   9501   1950      0      0  23289      4      0      -      -      0    772    751
    1    322     74      -    100     89      0      0      0      0   9501   1875      0      0  23289  23289      0      -      -      0    729    748
    0    361     60      -    100     88      0      0      0      0   9501   1950      0      0  23289      4      0      -      -      0   2771   2996
    1    348     74      -    100     88      0      0      0      0   9501   1875      0      0  23289  23289      0      -      -      0   2216   2746
    0    334     60      -    100     88      0      0      0      0   9501   1950      0      0  23289      4      0      -      -      0    716    729
    1    320     74      -    100     34      0      0      0      0   9501   1875      0      0  23289  23289      0      -      -      0    697    785
    0    361     60      -    100     88      0      0      0      0   9501   1950      0      0  23289      4      0      -      -      0    772    751
    1    347     74      -    100     88      0      0      0      0   9501   1875      0      0  23289  23289      0      -      -      0    720    758
# gpu    pwr  gtemp  mtemp     sm    mem    enc    dec    jpg    ofa   mclk   pclk  pviol  tviol     fb   bar1   ccpm  sbecc  dbecc    pci  rxpci  txpci
# Idx      W      C      C      %      %      %      %      %      %    MHz    MHz      %   bool     MB     MB     MB   errs   errs   errs   MB/s   MB/s
    0    362     61      -    100     88      0      0      0      0   9501   1950      0      0  23289      4      0      -      -      0    752    751
    1    348     74      -    100     88      0      0      0      0   9501   1875      0      0  23289  23289      0      -      -      0    720    748
    0    362     61      -    100     88      0      0      0      0   9501   1950      0      0  23289      4      0      -      -      0    769    753
    1    347     74      -    100     88      0      0      0      0   9501   1875      0      0  23289  23289      0      -      -      0    719    739
    0    362     61      -    100     88      0      0      0      0   9501   1950      0      0  23289      4      0      -      -      0    783    754
    1    347     74      -    100     88      0      0      0      0   9501   1875      0      0  23289  23289      0      -      -      0    720    748
    0    359     61      -    100     18      0      0      0      0   9501   1950      0      0  23289      4      0      -      -      0   2768   2993
    1    348     74      -    100     89      0      0      0      0   9501   1875      0      0  23289  23289      0      -      -      0   2766   1190
    0    342     61      -    100     88      0      0      0      0   9501   1950      0      0  23289      4      0      -      -      0   2733   2955
    1    326     74      -    100     88      0      0      0      0   9501   1875      0      0  23289  23289      0      -      -      0   2343   3091
    0    356     61      -    100     88      0      0      0      0   9501   1950      0      0  23289      4      0      -      -      0    764    753
    1    333     74      -    100     88      0      0      0      0   9501   1875      0      0  23289  23289      0      -      -      0    729    757
    0    352     61      -    100     31      0      0      0      0   9501   1950      0      0  23289      4      0      -      -      0    770    753
    1    335     74      -    100     88      0      0      0      0   9501   1875      0      0  23289  23289      0      -      -      0    728    748
    0    356     61      -    100     88      0      0      0      0   9501   1950      0      0  23289      4      0      -      -      0    745    750
    1    346     74      -    100     88      0      0      0      0   9501   1875      0      0  23289  23289      0      -      -      0   1203   2054
    0    346     61      -    100     88      0      0      0      0   9501   1950      0      0  23289      4      0      -      -      0    750    756
    1    332     74      -    100     88      0      0      0      0   9501   1875      0      0  23289  23289      0      -      -      0    745    758
    0    361     60      -    100     88      0      0      0      0   9501   1950      0      0  23289      4      0      -      -      0    752    751
    1    346     74      -    100     88      0      0      0      0   9501   1875      0      0  23289  23289      0      -      -      0    720    739
    0    353     60      -    100     88      0      0      0      0   9501   1950      0      0  23289      4      0      -      -      0   2284   1929
    1    337     74      -    100     88      0      0      0      0   9501   1875      0      0  23289  23289      0      -      -      0    728    748
    0    356     60      -    100     88      0      0      0      0   9501   1950      0      0  23289      4      0      -      -      0    758    754
    1    341     74      -    100     88      0      0      0      0   9501   1875      0      0  23289  23289      0      -      -      0    719    748
    0    365     61      -    100     88      0      0      0      0   9501   1950      0      0  23289      4      0      -      -      0   2448   2585
    1    346     74      -    100     88      0      0      0      0   9501   1875      0      0  23289  23289      0      -      -      0   2373   2814
    0    352     61      -    100     20      0      0      0      0   9501   1950      0      0  23289      4      0      -      -      0    780    762
    1    336     74      -    100     18      0      0      0      0   9501   1875      0      0  23289  23289      0      -      -      0    719    748
    0    363     60      -    100     29      0      0      0      0   9501   1950      0      0  23289      4      0      -      -      0    767    754
    1    339     74      -    100     28      0      0      0      0   9501   1875      0      0  23289  23289      0      -      -      0    722    750
    0    348     60      -    100     88      0      0      0      0   9501   1950      0      0  23289      4      0      -      -      0   2484   2683
    1    334     74      -    100     25      0      0      0      0   9501   1875      0      0  23289  23289      0      -      -      0    690    748
    0    348     61      -    100     88      0      0      0      0   9501   1950      0      0  23289      4      0      -      -      0    754    751
    1    332     74      -    100     88      0      0      0      0   9501   1875      0      0  23289  23289      0      -      -      0    720    748
    0    365     60      -    100     88      0      0      0      0   9501   1950      0      0  23289      4      0      -      -      0   2601   2857
    1    347     74      -    100     88      0      0      0      0   9501   1875      0      0  23289  23289      0      -      -      0   2641   2857
    0    346     60      -    100     88      0      0      0      0   9501   1950      0      0  23289      4      0      -      -      0    766    754
    1    332     74      -    100     88      0      0      0      0   9501   1875      0      0  23289  23289      0      -      -      0    720    748
    0    362     60      -    100     88      0      0      0      0   9501   1950      0      0  23289      4      0      -      -      0   2426   2832
    1    345     74      -    100     88      0      0      0      0   9501   1875      0      0  23289  23289      0      -      -      0   2716   2679
    0    336     60      -    100     18      0      0      0      0   9501   1950      0      0  23289      4      0      -      -      0    753    753
    1    321     74      -    100     41      0      0      0      0   9501   1875      0      0  23289  23289      0      -      -      0    728    748
    0    368     60      -    100     88      0      0      0      0   9501   1950      0      0  23289      4      0      -      -      0    773    752
    1    346     74      -    100     88      0      0      0      0   9501   1875      0      0  23289  23289      0      -      -      0    722    748
# gpu    pwr  gtemp  mtemp     sm    mem    enc    dec    jpg    ofa   mclk   pclk  pviol  tviol     fb   bar1   ccpm  sbecc  dbecc    pci  rxpci  txpci
# Idx      W      C      C      %      %      %      %      %      %    MHz    MHz      %   bool     MB     MB     MB   errs   errs   errs   MB/s   MB/s
    0    361     60      -    100     88      0      0      0      0   9501   1950      0      0  23289      4      0      -      -      0    754    752
    1    347     74      -    100     88      0      0      0      0   9501   1875      0      0  23289  23289      0      -      -      0    729    748
    0    361     60      -    100     88      0      0      0      0   9501   1950      0      0  23289      4      0      -      -      0    816    754
    1    342     74      -    100     88      0      0      0      0   9501   1875      0      0  23289  23289      0      -      -      0    728    748
    0    363     60      -    100     88      0      0      0      0   9501   1950      0      0  23289      4      0      -      -      0    772    752
    1    335     74      -    100     88      0      0      0      0   9501   1875      0      0  23289  23289      0      -      -      0    700    751
    0    364     60      -    100     88      0      0      0      0   9501   1950      0      0  23289      4      0      -      -      0    763    750
    1    347     74      -    100     88      0      0      0      0   9501   1875      0      0  23289  23289      0      -      -      0    719    750
    0    366     60      -    100     88      0      0      0      0   9501   1950      0      0  23289      4      0      -      -      0    755    752
    1    347     74      -    100     88      0      0      0      0   9501   1875      0      0  23289  23289      0      -      -      0    719    752
    0    353     60      -    100     17      0      0      0      0   9501   1950      0      0  23289      4      0      -      -      0   2341   2578
    1    330     74      -    100     17      0      0      0      0   9501   1875      0      0  23289  23289      0      -      -      0   2420   2677
    0    355     61      -    100     88      0      0      0      0   9501   1950      0      0  23289      4      0      -      -      0   2526   2505
    1    333     74      -    100     88      0      0      0      0   9501   1875      0      0  23289  23289      0      -      -      0   2487   2504
    0    350     60      -    100     56      0      0      0      0   9501   1950      0      0  23289      4      0      -      -      0    710    731
    1    332     74      -    100     58      0      0      0      0   9501   1875      0      0  23289  23289      0      -      -      0    698    786
    0    362     60      -    100     88      0      0      0      0   9501   1950      0      0  23289      4      0      -      -      0    760    753
    1    348     74      -    100     88      0      0      0      0   9501   1875      0      0  23289  23289      0      -      -      0    720    750
    0    354     60      -    100     89      0      0      0      0   9501   1950      0      0  23289      4      0      -      -      0    763    751
    1    339     74      -    100     88      0      0      0      0   9501   1875      0      0  23289  23289      0      -      -      0    729    758
    0    355     60      -    100     88      0      0      0      0   9501   1950      0      0  23289      4      0      -      -      0    735    770
    1    342     74      -    100     89      0      0      0      0   9501   1875      0      0  23289  23289      0      -      -      0    707    748
    0    361     60      -    100     88      0      0      0      0   9501   1950      0      0  23289      4      0      -      -      0   2054    877
    1    342     74      -    100     88      0      0      0      0   9501   1875      0      0  23289  23289      0      -      -      0    745    753
    0    348     60      -    100     40      0      0      0      0   9501   1950      0      0  23289      4      0      -      -      0    781    722
    1    333     74      -    100     88      0      0      0      0   9501   1875      0      0  23289  23289      0      -      -      0    726    726
    0    363     60      -    100     89      0      0      0      0   9501   1950      0      0  23289      4      0      -      -      0   2197   2441
    1    348     74      -    100     88      0      0      0      0   9501   1875      0      0  23289  23289      0      -      -      0   2185   2447
    0    350     60      -    100     88      0      0      0      0   9501   1950      0      0  23289      4      0      -      -      0    755    760
    1    334     74      -    100     88      0      0      0      0   9501   1875      0      0  23289  23289      0      -      -      0    720    748
    0    363     61      -    100     88      0      0      0      0   9501   1950      0      0  23289      4      0      -      -      0   2498   2901
    1    347     74      -    100     88      0      0      0      0   9501   1875      0      0  23289  23289      0      -      -      0   2766   2818
    0    346     60      -    100     81      0      0      0      0   9501   1950      0      0  23289      4      0      -      -      0    765    764
    1    323     74      -    100     22      0      0      0      0   9501   1875      0      0  23289  23289      0      -      -      0    720    748
    0    350     60      -    100     77      0      0      0      0   9501   1950      0      0  23289      4      0      -      -      0    787    756
    1    325     74      -    100     36      0      0      0      0   9501   1875      0      0  23289  23289      0      -      -      0    720    748
    0    360     61      -    100     88      0      0      0      0   9501   1950      0      0  23289      4      0      -      -      0    805    757
    1    346     74      -    100     88      0      0      0      0   9501   1875      0      0  23289  23289      0      -      -      0    712    748
    0    361     61      -    100     88      0      0      0      0   9501   1950      0      0  23289      4      0      -      -      0    773    754
    1    347     74      -    100     88      0      0      0      0   9501   1875      0      0  23289  23289      0      -      -      0    720    748
    0    361     60      -    100     88      0      0      0      0   9501   1950      0      0  23289      4      0      -      -      0   2477   2529
    1    342     74      -    100     88      0      0      0      0   9501   1875      0      0  23289  23289      0      -      -      0   2340   2677
    0    349     60      -    100     82      0      0      0      0   9501   1950      0      0  23289      4      0      -      -      0    748    757
    1    335     74      -    100     88      0      0      0      0   9501   1875      0      0  23289  23289      0      -      -      0    720    748
# gpu    pwr  gtemp  mtemp     sm    mem    enc    dec    jpg    ofa   mclk   pclk  pviol  tviol     fb   bar1   ccpm  sbecc  dbecc    pci  rxpci  txpci
# Idx      W      C      C      %      %      %      %      %      %    MHz    MHz      %   bool     MB     MB     MB   errs   errs   errs   MB/s   MB/s
    0    362     60      -    100     88      0      0      0      0   9501   1950      0      0  23289      4      0      -      -      0    775    757
    1    347     74      -    100     88      0      0      0      0   9501   1875      0      0  23289  23289      0      -      -      0    729   2024
    0    352     61      -    100     88      0      0      0      0   9501   1950      0      0  23289      4      0      -      -      0    777    753
    1    337     74      -    100     78      0      0      0      0   9501   1875      0      0  23289  23289      0      -      -      0    729    748
    0    368     60      -    100     88      0      0      0      0   9501   1950      0      0  23289      4      0      -      -      0   2704   2923
    1    345     74      -    100     33      0      0      0      0   9501   1875      0      0  23289  23289      0      -      -      0   2702   2897
    0    352     61      -    100     88      0      0      0      0   9501   1950      0      0  23289      4      0      -      -      0    814   1347
    1    334     74      -    100     88      0      0      0      0   9501   1875      0      0  23289  23289      0      -      -      0   2714   2809
    0    347     61      -    100     88      0      0      0      0   9501   1950      0      0  23289      4      0      -      -      0    751    730
    1    332     74      -    100     88      0      0      0      0   9501   1875      0      0  23289  23289      0      -      -      0    726    726
    0    349     60      -    100     88      0      0      0      0   9501   1950      0      0  23289      4      0      -      -      0    773    754
    1    334     74      -    100     28      0      0      0      0   9501   1875      0      0  23289  23289      0      -      -      0    723    745
    0    356     60      -    100     88      0      0      0      0   9501   1950      0      0  23289      4      0      -      -      0    759    752
    1    342     74      -    100     88      0      0      0      0   9501   1875      0      0  23289  23289      0      -      -      0    728    749
    0    360     60      -    100     88      0      0      0      0   9501   1950      0      0  23289      4      0      -      -      0    780    752
    1    347     74      -    100     88      0      0      0      0   9501   1875      0      0  23289  23289      0      -      -      0    720    748
    0    361     60      -    100     88      0      0      0      0   9501   1950      0      0  23289      4      0      -      -      0    757    752
    1    347     74      -    100     88      0      0      0      0   9501   1875      0      0  23289  23289      0      -      -      0    721    748
    0    363     60      -    100     88      0      0      0      0   9501   1950      0      0  23289      4      0      -      -      0    768    731
    1    347     74      -    100     88      0      0      0      0   9501   1875      0      0  23289  23289      0      -      -      0    726   2398
    0    360     60      -    100     18      0      0      0      0   9501   1950      0      0  23289      4      0      -      -      0    772    752
    1    339     74      -    100     18      0      0      0      0   9501   1875      0      0  23289  23289      0      -      -      0    720    748
    0    372     60      -    100     88      0      0      0      0   9501   1950      0      0  23289      4      0      -      -      0   2835   3052
    1    348     74      -    100     88      0      0      0      0   9501   1875      0      0  23289  23289      0      -      -      0   2429   3064
    0    355     60      -    100     17      0      0      0      0   9501   1950      0      0  23289      4      0      -      -      0   2642   2690
    1    331     74      -    100     17      0      0      0      0   9501   1875      0      0  23289  23289      0      -      -      0    719    732
    0    356     60      -    100     88      0      0      0      0   9501   1950      0      0  23289      4      0      -      -      0    786    755
    1    335     74      -    100     88      0      0      0      0   9501   1875      0      0  23289  23289      0      -      -      0    727    748
    0    351     60      -    100     88      0      0      0      0   9501   1950      0      0  23289      4      0      -      -      0    754    754
    1    333     74      -    100     88      0      0      0      0   9501   1875      0      0  23289  23289      0      -      -      0    720    749
    0    361     60      -    100     88      0      0      0      0   9501   1950      0      0  23289      4      0      -      -      0    745    754
    1    347     74      -    100     88      0      0      0      0   9501   1875      0      0  23289  23289      0      -      -      0    728    748
    0    358     60      -    100     35      0      0      0      0   9501   1950      0      0  23289      4      0      -      -      0    754    742
    1    345     74      -    100     39      0      0      0      0   9501   1875      0      0  23289  23289      0      -      -      0    711    739
    0    357     59      -    100     88      0      0      0      0   9501   1950      0      0  23289      4      0      -      -      0    755    751
    1    343     74      -    100     89      0      0      0      0   9501   1875      0      0  23289  23289      0      -      -      0    729    748
    0    360     59      -    100     88      0      0      0      0   9501   1950      0      0  23289      4      0      -      -      0    766    750
    1    348     74      -    100     88      0      0      0      0   9501   1875      0      0  23289  23289      0      -      -      0    720    748
    0    356     59      -    100     88      0      0      0      0   9501   1950      0      0  23289      4      0      -      -      0   2324   2510
    1    343     74      -    100     88      0      0      0      0   9501   1875      0      0  23289  23289      0      -      -      0   2241   2371
    0    352     60      -    100     88      0      0      0      0   9501   1950      0      0  23289      4      0      -      -      0    737    744
    1    336     74      -    100     88      0      0      0      0   9501   1875      0      0  23289  23289      0      -      -      0    754    748
    0    367     60      -    100     88      0      0      0      0   9501   1950      0      0  23289      4      0      -      -      0    759    755
    1    348     74      -    100     88      0      0      0      0   9501   1875      0      0  23289  23289      0      -      -      0    720    739
# gpu    pwr  gtemp  mtemp     sm    mem    enc    dec    jpg    ofa   mclk   pclk  pviol  tviol     fb   bar1   ccpm  sbecc  dbecc    pci  rxpci  txpci
# Idx      W      C      C      %      %      %      %      %      %    MHz    MHz      %   bool     MB     MB     MB   errs   errs   errs   MB/s   MB/s
    0    363     60      -    100     89      0      0      0      0   9501   1950      0      0  23289      4      0      -      -      0   2252   2876
    1    348     74      -    100     89      0      0      0      0   9501   1875      0      0  23289  23289      0      -      -      0   2861   3090
    0    349     60      -    100     88      0      0      0      0   9501   1950      0      0  23289      4      0      -      -      0    776    751
    1    332     74      -    100     88      0      0      0      0   9501   1875      0      0  23289  23289      0      -      -      0    720    754
    0    358     61      -    100     64      0      0      0      0   9501   1950      0      0  23289      4      0      -      -      0    720    721
    1    338     74      -    100     61      0      0      0      0   9501   1875      0      0  23289  23289      0      -      -      0    697    776
    0    358     60      -    100     88      0      0      0      0   9501   1950      0      0  23289      4      0      -      -      0    748    756
    1    342     74      -    100     88      0      0      0      0   9501   1875      0      0  23289  23289      0      -      -      0    690    748
    0    364     61      -    100     88      0      0      0      0   9501   1950      0      0  23289      4      0      -      -      0    757    754
    1    348     74      -    100     88      0      0      0      0   9501   1875      0      0  23289  23289      0      -      -      0    712    748
    0    362     60      -    100     88      0      0      0      0   9501   1950      0      0  23289      4      0      -      -      0    733   2539
    1    348     74      -    100     88      0      0      0      0   9501   1875      0      0  23289  23289      0      -      -      0   2338   2535
    0    344     60      -    100     53      0      0      0      0   9501   1950      0      0  23289      4      0      -      -      0    772    759
    1    329     74      -    100     56      0      0      0      0   9501   1875      0      0  23289  23289      0      -      -      0    728    718
    0    362     60      -    100     88      0      0      0      0   9501   1950      0      0  23289      4      0      -      -      0   2506   2708
    1    348     74      -    100     88      0      0      0      0   9501   1875      0      0  23289  23289      0      -      -      0   2502   2862
    0    347     60      -    100     66      0      0      0      0   9501   1950      0      0  23289      4      0      -      -      0    770    751
    1    332     74      -    100     69      0      0      0      0   9501   1875      0      0  23289  23289      0      -      -      0    721    757
    0    355     60      -    100     88      0      0      0      0   9501   1950      0      0  23289      4      0      -      -      0    770    755
    1    342     74      -    100     88      0      0      0      0   9501   1875      0      0  23289  23289      0      -      -      0    720    749
    0    350     60      -    100     88      0      0      0      0   9501   1950      0      0  23289      4      0      -      -      0    786    756
    1    337     74      -    100     89      0      0      0      0   9501   1875      0      0  23289  23289      0      -      -      0    728    748
    0    362     60      -    100     88      0      0      0      0   9501   1950      0      0  23289      4      0      -      -      0    754    741
    1    348     74      -    100     88      0      0      0      0   9501   1875      0      0  23289  23289      0      -      -      0    720    748
    0    354     60      -    100     18      0      0      0      0   9501   1950      0      0  23289      4      0      -      -      0   2050   2171
    1    340     74      -    100     18      0      0      0      0   9501   1875      0      0  23289  23289      0      -      -      0   1902   2099
    0    352     61      -    100     88      0      0      0      0   9501   1950      0      0  23289      4      0      -      -      0    753    755
    1    337     74      -    100     88      0      0      0      0   9501   1875      0      0  23289  23289      0      -      -      0    723    750
    0    348     60      -    100     18      0      0      0      0   9501   1950      0      0  23289      4      0      -      -      0   1970   2055
    1    332     74      -    100     18      0      0      0      0   9501   1875      0      0  23289  23289      0      -      -      0   2049   2207
    0    347     61      -    100     88      0      0      0      0   9501   1950      0      0  23289      4      0      -      -      0    732    779
    1    328     74      -    100     88      0      0      0      0   9501   1875      0      0  23289  23289      0      -      -      0    697    753
    0    347     61      -    100     22      0      0      0      0   9501   1950      0      0  23289      4      0      -      -      0    767    756
    1    332     74      -    100     19      0      0      0      0   9501   1875      0      0  23289  23289      0      -      -      0    724    748
    0    361     61      -    100     88      0      0      0      0   9501   1950      0      0  23289      4      0      -      -      0    740    747
    1    346     74      -    100     88      0      0      0      0   9501   1875      0      0  23289  23289      0      -      -      0    720    758
    0    362     61      -    100     88      0      0      0      0   9501   1950      0      0  23289      4      0      -      -      0    771    753
    1    347     74      -    100     88      0      0      0      0   9501   1875      0      0  23289  23289      0      -      -      0    723    748
    0    363     61      -    100     88      0      0      0      0   9501   1950      0      0  23289      4      0      -      -      0    772    754
    1    347     74      -    100     88      0      0      0      0   9501   1875      0      0  23289  23289      0      -      -      0    727   1641
    0    351     61      -    100     18      0      0      0      0   9501   1950      0      0  23289      4      0      -      -      0    802    755
    1    333     74      -    100     21      0      0      0      0   9501   1875      0      0  23289  23289      0      -      -      0    726   2232
    0    355     60      -    100     81      0      0      0      0   9501   1950      0      0  23289      4      0      -      -      0    758    751
    1    333     74      -    100     84      0      0      0      0   9501   1875      0      0  23289  23289      0      -      -      0    728    748
# gpu    pwr  gtemp  mtemp     sm    mem    enc    dec    jpg    ofa   mclk   pclk  pviol  tviol     fb   bar1   ccpm  sbecc  dbecc    pci  rxpci  txpci
# Idx      W      C      C      %      %      %      %      %      %    MHz    MHz      %   bool     MB     MB     MB   errs   errs   errs   MB/s   MB/s
    0    365     61      -    100     88      0      0      0      0   9501   1950      0      0  23289      4      0      -      -      0    781    754
    1    348     74      -    100     89      0      0      0      0   9501   1875      0      0  23289  23289      0      -      -      0    720    758
    0    362     61      -    100     88      0      0      0      0   9501   1950      0      0  23289      4      0      -      -      0    760    753
    1    348     74      -    100     88      0      0      0      0   9501   1875      0      0  23289  23289      0      -      -      0    728    748
    0    367     61      -    100     88      0      0      0      0   9501   1950      0      0  23289      4      0      -      -      0    746    749
    1    348     74      -    100     88      0      0      0      0   9501   1875      0      0  23289  23289      0      -      -      0    720    739
    0    371     61      -    100     88      0      0      0      0   9501   1950      0      0  23289      4      0      -      -      0   2253   2778
    1    347     74      -    100     88      0      0      0      0   9501   1875      0      0  23289  23289      0      -      -      0   2270   2778
    0    348     60      -    100     18      0      0      0      0   9501   1950      0      0  23289      4      0      -      -      0    755    754
    1    328     74      -    100     18      0      0      0      0   9501   1875      0      0  23289  23289      0      -      -      0    720    753
    0    356     61      -    100     17      0      0      0      0   9501   1950      0      0  23289      4      0      -      -      0    759    746
    1    333     74      -    100     17      0      0      0      0   9501   1875      0      0  23289  23289      0      -      -      0    692    748
    0    365     60      -    100     88      0      0      0      0   9501   1950      0      0  23289      4      0      -      -      0    760    751
    1    346     74      -    100     88      0      0      0      0   9501   1875      0      0  23289  23289      0      -      -      0    720    739
    0    360     60      -    100     88      0      0      0      0   9501   1950      0      0  23289      4      0      -      -      0    783    752
    1    347     74      -    100     88      0      0      0      0   9501   1875      0      0  23289  23289      0      -      -      0    719    740
    0    350     60      -    100     88      0      0      0      0   9501   1950      0      0  23289      4      0      -      -      0    740    754
    1    337     74      -    100     88      0      0      0      0   9501   1875      0      0  23289  23289      0      -      -      0    720    748
    0    358     60      -    100     88      0      0      0      0   9501   1950      0      0  23289      4      0      -      -      0   2868   3083
    1    343     74      -    100     88      0      0      0      0   9501   1875      0      0  23289  23289      0      -      -      0   2609   3101
    0    346     60      -    100     88      0      0      0      0   9501   1950      0      0  23289      4      0      -      -      0    767    752
    1    334     74      -    100     88      0      0      0      0   9501   1875      0      0  23289  23289      0      -      -      0    719    748
    0    360     60      -    100     88      0      0      0      0   9501   1950      0      0  23289      4      0      -      -      0    743    711
    1    347     74      -    100     88      0      0      0      0   9501   1875      0      0  23289  23289      0      -      -      0    710    726
    0    361     60      -    100     88      0      0      0      0   9501   1950      0      0  23289      4      0      -      -      0    771   2579
    1    347     74      -    100     88      0      0      0      0   9501   1875      0      0  23289  23289      0      -      -      0   2509   2712
    0    345     60      -    100     88      0      0      0      0   9501   1950      0      0  23289      4      0      -      -      0    708    722
    1    332     74      -    100     88      0      0      0      0   9501   1875      0      0  23289  23289      0      -      -      0    698    776
    0    368     60      -    100     88      0      0      0      0   9501   1950      0      0  23289      4      0      -      -      0    718    754
    1    348     74      -    100     88      0      0      0      0   9501   1875      0      0  23289  23289      0      -      -      0    721    741
    0    352     61      -    100     53      0      0      0      0   9501   1950      0      0  23289      4      0      -      -      0    750    754
    1    336     74      -    100     56      0      0      0      0   9501   1875      0      0  23289  23289      0      -      -      0    720    751
    0    365     61      -    100     88      0      0      0      0   9501   1950      0      0  23289      4      0      -      -      0    770    752
    1    348     74      -    100     88      0      0      0      0   9501   1875      0      0  23289  23289      0      -      -      0    720    748
    0    362     61      -    100     89      0      0      0      0   9501   1950      0      0  23289      4      0      -      -      0    758    741
    1    348     74      -    100     89      0      0      0      0   9501   1875      0      0  23289  23289      0      -      -      0    712    708
    0    354     60      -    100     89      0      0      0      0   9501   1950      0      0  23289      4      0      -      -      0    725    744
    1    338     74      -    100     89      0      0      0      0   9501   1875      0      0  23289  23289      0      -      -      0    728    742
    0    350     61      -    100     88      0      0      0      0   9501   1950      0      0  23289      4      0      -      -      0    694    721
    1    327     74      -    100     88      0      0      0      0   9501   1875      0      0  23289  23289      0      -      -      0    689    767
    0    351     61      -    100     88      0      0      0      0   9501   1950      0      0  23289      4      0      -      -      0    772    751
    1    341     74      -    100     88      0      0      0      0   9501   1875      0      0  23289  23289      0      -      -      0    720    748
    0    362     61      -    100     88      0      0      0      0   9501   1950      0      0  23289      4      0      -      -      0    750    728
    1    347     74      -    100     88      0      0      0      0   9501   1875      0      0  23289  23289      0      -      -      0    697    759
# gpu    pwr  gtemp  mtemp     sm    mem    enc    dec    jpg    ofa   mclk   pclk  pviol  tviol     fb   bar1   ccpm  sbecc  dbecc    pci  rxpci  txpci
# Idx      W      C      C      %      %      %      %      %      %    MHz    MHz      %   bool     MB     MB     MB   errs   errs   errs   MB/s   MB/s
    0    345     60      -    100     88      0      0      0      0   9501   1950      0      0  23289      4      0      -      -      0    761    751
    1    332     74      -    100     88      0      0      0      0   9501   1875      0      0  23289  23289      0      -      -      0    728    748
    0    360     60      -    100     88      0      0      0      0   9501   1950      0      0  23289      4      0      -      -      0    761    750
    1    346     74      -    100     88      0      0      0      0   9501   1875      0      0  23289  23289      0      -      -      0    720    757
    0    363     60      -    100     88      0      0      0      0   9501   1950      0      0  23289      4      0      -      -      0    754    752
    1    347     74      -    100     88      0      0      0      0   9501   1875      0      0  23289  23289      0      -      -      0    720    745
    0    362     60      -    100     88      0      0      0      0   9501   1950      0      0  23289      4      0      -      -      0    770    752
    1    348     74      -    100     88      0      0      0      0   9501   1875      0      0  23289  23289      0      -      -      0    720    752
    0    364     60      -    100     88      0      0      0      0   9501   1950      0      0  23289      4      0      -      -      0   1430   2758
    1    348     74      -    100     88      0      0      0      0   9501   1875      0      0  23289  23289      0      -      -      0   2638   2805
    0    347     60      -    100     88      0      0      0      0   9501   1950      0      0  23289      4      0      -      -      0    764    752
    1    325     74      -    100     88      0      0      0      0   9501   1875      0      0  23289  23289      0      -      -      0    720    747
    0    365     61      -    100     35      0      0      0      0   9501   1950      0      0  23289      4      0      -      -      0    767    753
    1    337     74      -    100     31      0      0      0      0   9501   1875      0      0  23289  23289      0      -      -      0    720    751
    0    365     61      -    100     88      0      0      0      0   9501   1950      0      0  23289      4      0      -      -      0   1635   2510
    1    347     74      -    100     88      0      0      0      0   9501   1875      0      0  23289  23289      0      -      -      0   2274   2507
    0    346     61      -    100     29      0      0      0      0   9501   1950      0      0  23289      4      0      -      -      0    771    751
    1    332     74      -    100     27      0      0      0      0   9501   1875      0      0  23289  23289      0      -      -      0    720    740
    0    346     60      -    100     55      0      0      0      0   9501   1950      0      0  23289      4      0      -      -      0   2528   2732
    1    331     74      -    100     59      0      0      0      0   9501   1875      0      0  23289  23289      0      -      -      0   2526   3277
    0    348     61      -    100     89      0      0      0      0   9501   1950      0      0  23289      4      0      -      -      0    752    761
    1    333     74      -    100     88      0      0      0      0   9501   1875      0      0  23289  23289      0      -      -      0    699    750
    0    362     60      -    100     89      0      0      0      0   9501   1950      0      0  23289      4      0      -      -      0    781    753
    1    348     74      -    100     88      0      0      0      0   9501   1875      0      0  23289  23289      0      -      -      0    729    758
    0    362     61      -    100     88      0      0      0      0   9501   1950      0      0  23289      4      0      -      -      0    779    754
    1    348     74      -    100     88      0      0      0      0   9501   1875      0      0  23289  23289      0      -      -      0    720    748
    0    364     61      -    100     88      0      0      0      0   9501   1950      0      0  23289      4      0      -      -      0    780    755
    1    348     74      -    100     89      0      0      0      0   9501   1875      0      0  23289  23289      0      -      -      0    722    748
    0    366     61      -    100     88      0      0      0      0   9501   1950      0      0  23289      4      0      -      -      0    779    754
    1    348     74      -    100     89      0      0      0      0   9501   1875      0      0  23289  23289      0      -      -      0    712    748
    0    375     61      -    100     89      0      0      0      0   9501   1950      0      0  23289      4      0      -      -      0    739    711
    1    348     74      -    100     89      0      0      0      0   9501   1875      0      0  23289  23289      0      -      -      0    708    726
    0    370     61      -    100     88      0      0      0      0   9501   1950      0      0  23289      4      0      -      -      0    773    755
    1    343     74      -    100     89      0      0      0      0   9501   1875      0      0  23289  23289      0      -      -      0   1876   2672
    0    356     61      -    100     89      0      0      0      0   9501   1950      0      0  23289      4      0      -      -      0   2614   2709
    1    331     74      -    100     88      0      0      0      0   9501   1875      0      0  23289  23289      0      -      -      0   2630   2817
    0    328     61      -    100     19      0      0      0      0   9501   1950      0      0  23289      4      0      -      -      0    751    755
    1    309     74      -    100     19      0      0      0      0   9501   1875      0      0  23289  23289      0      -      -      0    719    748
    0    361     61      -    100     88      0      0      0      0   9501   1950      0      0  23289      4      0      -      -      0    761    756
    1    340     74      -    100     88      0      0      0      0   9501   1875      0      0  23289  23289      0      -      -      0    729    748
    0    346     60      -    100     88      0      0      0      0   9501   1950      0      0  23289      4      0      -      -      0    767    754
    1    333     74      -    100     88      0      0      0      0   9501   1875      0      0  23289  23289      0      -      -      0    720    750
    0    360     60      -    100     88      0      0      0      0   9501   1950      0      0  23289      4      0      -      -      0    765    754
    1    347     74      -    100     88      0      0      0      0   9501   1875      0      0  23289  23289      0      -      -      0    720    748
# gpu    pwr  gtemp  mtemp     sm    mem    enc    dec    jpg    ofa   mclk   pclk  pviol  tviol     fb   bar1   ccpm  sbecc  dbecc    pci  rxpci  txpci
# Idx      W      C      C      %      %      %      %      %      %    MHz    MHz      %   bool     MB     MB     MB   errs   errs   errs   MB/s   MB/s
    0    360     60      -    100     88      0      0      0      0   9501   1950      0      0  23289      4      0      -      -      0    754    753
    1    347     74      -    100     88      0      0      0      0   9501   1875      0      0  23289  23289      0      -      -      0    729    750
    0    345     60      -    100     88      0      0      0      0   9501   1950      0      0  23289      4      0      -      -      0   2628   2554
    1    333     74      -    100     87      0      0      0      0   9501   1875      0      0  23289  23289      0      -      -      0    712    726
    0    346     60      -    100     88      0      0      0      0   9501   1950      0      0  23289      4      0      -      -      0    738    757
    1    332     74      -    100     87      0      0      0      0   9501   1875      0      0  23289  23289      0      -      -      0    719    758
    0    360     60      -    100     88      0      0      0      0   9501   1950      0      0  23289      4      0      -      -      0    757    752
    1    347     74      -    100     88      0      0      0      0   9501   1875      0      0  23289  23289      0      -      -      0    719    751
    0    361     61      -    100     88      0      0      0      0   9501   1950      0      0  23289      4      0      -      -      0    760    756
    1    347     74      -    100     88      0      0      0      0   9501   1875      0      0  23289  23289      0      -      -      0    720    748
    0    362     61      -    100     88      0      0      0      0   9501   1950      0      0  23289      4      0      -      -      0    762    755
    1    348     74      -    100     88      0      0      0      0   9501   1875      0      0  23289  23289      0      -      -      0    720    748
    0    364     61      -    100     88      0      0      0      0   9501   1950      0      0  23289      4      0      -      -      0    751    756
    1    348     74      -    100     89      0      0      0      0   9501   1875      0      0  23289  23289      0      -      -      0    720    744
    0    366     61      -    100     88      0      0      0      0   9501   1950      0      0  23289      4      0      -      -      0    761    762
    1    348     74      -    100     88      0      0      0      0   9501   1875      0      0  23289  23289      0      -      -      0    711    748
    0    376     61      -    100     88      0      0      0      0   9501   1950      0      0  23289      4      0      -      -      0    749    754
    1    348     74      -    100     88      0      0      0      0   9501   1875      0      0  23289  23289      0      -      -      0    720    739
    0    361     61      -    100     29      0      0      0      0   9501   1950      0      0  23289      4      0      -      -      0   2659   3230
    1    330     74      -    100     33      0      0      0      0   9501   1875      0      0  23289  23289      0      -      -      0   3167   2836
    0    345     61      -    100     88      0      0      0      0   9501   1950      0      0  23289      4      0      -      -      0    772    752
    1    325     74      -    100     88      0      0      0      0   9501   1875      0      0  23289  23289      0      -      -      0    720    748
    0    370     61      -    100     88      0      0      0      0   9501   1950      0      0  23289      4      0      -      -      0    768    756
    1    348     74      -    100     89      0      0      0      0   9501   1875      0      0  23289  23289      0      -      -      0    720    748
    0    362     61      -    100     89      0      0      0      0   9501   1950      0      0  23289      4      0      -      -      0    704    721
    1    345     74      -    100     89      0      0      0      0   9501   1875      0      0  23289  23289      0      -      -      0    698    771
    0    344     60      -    100     33      0      0      0      0   9501   1950      0      0  23289      4      0      -      -      0    791    763
    1    334     74      -    100     29      0      0      0      0   9501   1875      0      0  23289  23289      0      -      -      0    728    748
    0    350     60      -    100     18      0      0      0      0   9501   1950      0      0  23289      4      0      -      -      0    789    762
    1    333     74      -    100     18      0      0      0      0   9501   1875      0      0  23289  23289      0      -      -      0    720    748
    0    343     59      -    100     41      0      0      0      0   9501   1950      0      0  23289      4      0      -      -      0    760    730
    1    327     74      -    100     45      0      0      0      0   9501   1875      0      0  23289  23289      0      -      -      0    697    767
    0    346     60      -    100     38      0      0      0      0   9501   1950      0      0  23289      4      0      -      -      0    759    762
    1    333     74      -    100     41      0      0      0      0   9501   1875      0      0  23289  23289      0      -      -      0    720    753
    0    361     60      -    100     88      0      0      0      0   9501   1950      0      0  23289      4      0      -      -      0    775    754
    1    347     74      -    100     88      0      0      0      0   9501   1875      0      0  23289  23289      0      -      -      0    728    758
    0    361     60      -    100     88      0      0      0      0   9501   1950      0      0  23289      4      0      -      -      0    793    762
    1    347     74      -    100     88      0      0      0      0   9501   1875      0      0  23289  23289      0      -      -      0    703    748
    0    361     60      -    100     88      0      0      0      0   9501   1950      0      0  23289      4      0      -      -      0    734    780
    1    347     74      -    100     88      0      0      0      0   9501   1875      0      0  23289  23289      0      -      -      0    697    748
    0    353     61      -    100     47      0      0      0      0   9501   1950      0      0  23289      4      0      -      -      0    783    752
    1    339     74      -    100     75      0      0      0      0   9501   1875      0      0  23289  23289      0      -      -      0    720    748
    0    353     61      -    100     87      0      0      0      0   9501   1950      0      0  23289      4      0      -      -      0    750    750
    1    342     74      -    100     88      0      0      0      0   9501   1875      0      0  23289  23289      0      -      -      0    720    742
# gpu    pwr  gtemp  mtemp     sm    mem    enc    dec    jpg    ofa   mclk   pclk  pviol  tviol     fb   bar1   ccpm  sbecc  dbecc    pci  rxpci  txpci
# Idx      W      C      C      %      %      %      %      %      %    MHz    MHz      %   bool     MB     MB     MB   errs   errs   errs   MB/s   MB/s
    0    362     61      -    100     88      0      0      0      0   9501   1950      0      0  23289      4      0      -      -      0    772    758
    1    347     74      -    100     88      0      0      0      0   9501   1875      0      0  23289  23289      0      -      -      0    716    751
    0    351     61      -    100     88      0      0      0      0   9501   1950      0      0  23289      4      0      -      -      0    772    756
    1    333     74      -    100     88      0      0      0      0   9501   1875      0      0  23289  23289      0      -      -      0    729    748
    0    356     61      -    100     88      0      0      0      0   9501   1950      0      0  23289      4      0      -      -      0    764    761
    1    332     74      -    100     74      0      0      0      0   9501   1875      0      0  23289  23289      0      -      -      0    729    748
    0    363     61      -    100     89      0      0      0      0   9501   1950      0      0  23289      4      0      -      -      0    760    753
    1    345     74      -    100     89      0      0      0      0   9501   1875      0      0  23289  23289      0      -      -      0    720    752
    0    346     61      -    100     66      0      0      0      0   9501   1950      0      0  23289      4      0      -      -      0   2658   2547
    1    330     74      -    100     18      0      0      0      0   9501   1875      0      0  23289  23289      0      -      -      0   2604   2512
    0    346     61      -    100     18      0      0      0      0   9501   1950      0      0  23289      4      0      -      -      0    752    763
    1    331     74      -    100     81      0      0      0      0   9501   1875      0      0  23289  23289      0      -      -      0    754    758
    0    366     61      -    100     88      0      0      0      0   9501   1950      0      0  23289      4      0      -      -      0    756    759
    1    348     74      -    100     89      0      0      0      0   9501   1875      0      0  23289  23289      0      -      -      0    729    748
    0    363     61      -    100     88      0      0      0      0   9501   1950      0      0  23289      4      0      -      -      0    765    761
    1    347     74      -    100     88      0      0      0      0   9501   1875      0      0  23289  23289      0      -      -      0    728    748
    0    362     61      -    100     88      0      0      0      0   9501   1950      0      0  23289      4      0      -      -      0    776    748
    1    348     74      -    100     88      0      0      0      0   9501   1875      0      0  23289  23289      0      -      -      0    726   1095
    0    346     60      -    100     20      0      0      0      0   9501   1950      0      0  23289      4      0      -      -      0    775    762
    1    325     74      -    100     33      0      0      0      0   9501   1875      0      0  23289  23289      0      -      -      0    729    758
    0    362     60      -    100     65      0      0      0      0   9501   1950      0      0  23289      4      0      -      -      0   2345    968
    1    339     74      -    100     18      0      0      0      0   9501   1875      0      0  23289  23289      0      -      -      0    728    758
    0    354     61      -    100     88      0      0      0      0   9501   1950      0      0  23289      4      0      -      -      0    811    754
    1    335     74      -    100     88      0      0      0      0   9501   1875      0      0  23289  23289      0      -      -      0    728    748
    0    361     61      -    100     88      0      0      0      0   9501   1950      0      0  23289      4      0      -      -      0    765    753
    1    347     74      -    100     88      0      0      0      0   9501   1875      0      0  23289  23289      0      -      -      0    711    748
    0    361     61      -    100     88      0      0      0      0   9501   1950      0      0  23289      4      0      -      -      0    781    753
    1    347     74      -    100     88      0      0      0      0   9501   1875      0      0  23289  23289      0      -      -      0    720    757
    0    365     61      -    100     88      0      0      0      0   9501   1950      0      0  23289      4      0      -      -      0    745    751
    1    347     74      -    100     88      0      0      0      0   9501   1875      0      0  23289  23289      0      -      -      0    724    739
    0    375     61      -    100     88      0      0      0      0   9501   1950      0      0  23289      4      0      -      -      0    758    749
    1    348     74      -    100     88      0      0      0      0   9501   1875      0      0  23289  23289      0      -      -      0    725    781
    0    364     61      -    100     83      0      0      0      0   9501   1950      0      0  23289      4      0      -      -      0    753    752
    1    337     74      -    100     88      0      0      0      0   9501   1875      0      0  23289  23289      0      -      -      0    724    741
    0    350     61      -    100     88      0      0      0      0   9501   1950      0      0  23289      4      0      -      -      0    753    752
    1    324     74      -    100     88      0      0      0      0   9501   1875      0      0  23289  23289      0      -      -      0    720    749
    0    366     61      -    100     88      0      0      0      0   9501   1950      0      0  23289      4      0      -      -      0    757    753
    1    347     74      -    100     88      0      0      0      0   9501   1875      0      0  23289  23289      0      -      -      0    720    739
    0    361     60      -    100     88      0      0      0      0   9501   1950      0      0  23289      4      0      -      -      0    750    752
    1    347     74      -    100     88      0      0      0      0   9501   1875      0      0  23289  23289      0      -      -      0    719    726
    0    348     60      -    100     54      0      0      0      0   9501   1950      0      0  23289      4      0      -      -      0    778    751
    1    334     74      -    100     88      0      0      0      0   9501   1875      0      0  23289  23289      0      -      -      0    720    748
    0    364     60      -    100     88      0      0      0      0   9501   1950      0      0  23289      4      0      -      -      0    767    752
    1    347     74      -    100     88      0      0      0      0   9501   1875      0      0  23289  23289      0      -      -      0    728    748
# gpu    pwr  gtemp  mtemp     sm    mem    enc    dec    jpg    ofa   mclk   pclk  pviol  tviol     fb   bar1   ccpm  sbecc  dbecc    pci  rxpci  txpci
# Idx      W      C      C      %      %      %      %      %      %    MHz    MHz      %   bool     MB     MB     MB   errs   errs   errs   MB/s   MB/s
    0    362     60      -    100     88      0      0      0      0   9501   1950      0      0  23289      4      0      -      -      0    781    751
    1    348     74      -    100     88      0      0      0      0   9501   1875      0      0  23289  23289      0      -      -      0    729    747
    0    356     60      -    100     88      0      0      0      0   9501   1950      0      0  23289      4      0      -      -      0    777    755
    1    342     74      -    100     88      0      0      0      0   9501   1875      0      0  23289  23289      0      -      -      0    986   2513
    0    343     60      -    100     64      0      0      0      0   9501   1950      0      0  23289      4      0      -      -      0    760    761
    1    324     74      -    100     88      0      0      0      0   9501   1875      0      0  23289  23289      0      -      -      0    728    758
    0    348     60      -    100     35      0      0      0      0   9501   1950      0      0  23289      4      0      -      -      0    747    755
    1    335     74      -    100     40      0      0      0      0   9501   1875      0      0  23289  23289      0      -      -      0    728    748
    0    362     60      -    100     89      0      0      0      0   9501   1950      0      0  23289      4      0      -      -      0    787    751
    1    347     74      -    100     88      0      0      0      0   9501   1875      0      0  23289  23289      0      -      -      0    719    757
    0    361     60      -    100     88      0      0      0      0   9501   1950      0      0  23289      4      0      -      -      0    770    753
    1    346     74      -    100     88      0      0      0      0   9501   1875      0      0  23289  23289      0      -      -      0    719    752
    0    350     61      -    100     89      0      0      0      0   9501   1950      0      0  23289      4      0      -      -      0    800    751
    1    335     74      -    100     89      0      0      0      0   9501   1875      0      0  23289  23289      0      -      -      0    729    748
    0    350     61      -    100     89      0      0      0      0   9501   1950      0      0  23289      4      0      -      -      0    774    761
    1    334     74      -    100     88      0      0      0      0   9501   1875      0      0  23289  23289      0      -      -      0    728    748
    0    363     61      -    100     88      0      0      0      0   9501   1950      0      0  23289      4      0      -      -      0    763    733
    1    348     74      -    100     88      0      0      0      0   9501   1875      0      0  23289  23289      0      -      -      0    697    785
    0    363     61      -    100     88      0      0      0      0   9501   1950      0      0  23289      4      0      -      -      0    776    752
    1    348     74      -    100     89      0      0      0      0   9501   1875      0      0  23289  23289      0      -      -      0    720    758
    0    364     61      -    100     89      0      0      0      0   9501   1950      0      0  23289      4      0      -      -      0    763    752
    1    348     74      -    100     88      0      0      0      0   9501   1875      0      0  23289  23289      0      -      -      0    721    750
    0    351     62      -    100     88      0      0      0      0   9501   1950      0      0  23289      4      0      -      -      0   2329   2512
    1    322     74      -    100     35      0      0      0      0   9501   1875      0      0  23289  23289      0      -      -      0    855    748
    0    357     61      -    100     87      0      0      0      0   9501   1950      0      0  23289      4      0      -      -      0    772    766
    1    330     74      -    100     88      0      0      0      0   9501   1875      0      0  23289  23289      0      -      -      0    710    726
    0    360     62      -    100     88      0      0      0      0   9501   1950      0      0  23289      4      0      -      -      0    758    741
    1    344     74      -    100     88      0      0      0      0   9501   1875      0      0  23289  23289      0      -      -      0    681    717
    0    362     62      -    100     88      0      0      0      0   9501   1950      0      0  23289      4      0      -      -      0    754    761
    1    347     74      -    100     88      0      0      0      0   9501   1875      0      0  23289  23289      0      -      -      0    717    726
    0    363     61      -    100     88      0      0      0      0   9501   1950      0      0  23289      4      0      -      -      0    716    752
    1    347     74      -    100     88      0      0      0      0   9501   1875      0      0  23289  23289      0      -      -      0    731    748
    0    357     61      -    100     52      0      0      0      0   9501   1950      0      0  23289      4      0      -      -      0   3062   2743
    1    334     74      -    100     19      0      0      0      0   9501   1875      0      0  23289  23289      0      -      -      0   2682   3226
    0    359     61      -    100     88      0      0      0      0   9501   1950      0      0  23289      4      0      -      -      0    781    711
    1    340     74      -    100     88      0      0      0      0   9501   1875      0      0  23289  23289      0      -      -      0    708    730
    0    364     61      -    100     88      0      0      0      0   9501   1950      0      0  23289      4      0      -      -      0   2234   2507
    1    336     74      -    100     45      0      0      0      0   9501   1875      0      0  23289  23289      0      -      -      0   2231   1784
    0    350     61      -    100     88      0      0      0      0   9501   1950      0      0  23289      4      0      -      -      0    735    753
    1    328     74      -    100     88      0      0      0      0   9501   1875      0      0  23289  23289      0      -      -      0    720    740
    0    364     61      -    100     88      0      0      0      0   9501   1950      0      0  23289      4      0      -      -      0   2365   2527
    1    346     74      -    100     88      0      0      0      0   9501   1875      0      0  23289  23289      0      -      -      0   2242   2379
    0    349     61      -    100     88      0      0      0      0   9501   1950      0      0  23289      4      0      -      -      0   2181   2836
    1    334     74      -    100     88      0      0      0      0   9501   1875      0      0  23289  23289      0      -      -      0   2762   2880
# gpu    pwr  gtemp  mtemp     sm    mem    enc    dec    jpg    ofa   mclk   pclk  pviol  tviol     fb   bar1   ccpm  sbecc  dbecc    pci  rxpci  txpci
# Idx      W      C      C      %      %      %      %      %      %    MHz    MHz      %   bool     MB     MB     MB   errs   errs   errs   MB/s   MB/s
    0    348     60      -    100     59      0      0      0      0   9501   1950      0      0  23289      4      0      -      -      0    760    755
    1    333     74      -    100     54      0      0      0      0   9501   1875      0      0  23289  23289      0      -      -      0    730    758
    0    363     60      -    100     89      0      0      0      0   9501   1950      0      0  23289      4      0      -      -      0    751    752
    1    343     74      -    100     88      0      0      0      0   9501   1875      0      0  23289  23289      0      -      -      0    716    759
    0    346     60      -    100     43      0      0      0      0   9501   1950      0      0  23289      4      0      -      -      0    784    762
    1    333     74      -    100     88      0      0      0      0   9501   1875      0      0  23289  23289      0      -      -      0    724    752
    0    361     60      -    100     89      0      0      0      0   9501   1950      0      0  23289      4      0      -      -      0    767    753
    1    348     74      -    100     89      0      0      0      0   9501   1875      0      0  23289  23289      0      -      -      0    720    757
    0    361     61      -    100     88      0      0      0      0   9501   1950      0      0  23289      4      0      -      -      0    736    754
    1    347     74      -    100     88      0      0      0      0   9501   1875      0      0  23289  23289      0      -      -      0    711    749
    0    365     61      -    100     88      0      0      0      0   9501   1950      0      0  23289      4      0      -      -      0    763    752
    1    347     74      -    100     88      0      0      0      0   9501   1875      0      0  23289  23289      0      -      -      0    719    748
    0    369     61      -    100     88      0      0      0      0   9501   1950      0      0  23289      4      0      -      -      0    748    754
    1    347     74      -    100     88      0      0      0      0   9501   1875      0      0  23289  23289      0      -      -      0    725    750
    0    356     61      -    100     88      0      0      0      0   9501   1950      0      0  23289      4      0      -      -      0   1785    751
    1    332     74      -    100     88      0      0      0      0   9501   1875      0      0  23289  23289      0      -      -      0    712    748
    0    361     61      -    100     88      0      0      0      0   9501   1950      0      0  23289      4      0      -      -      0    777    749
    1    335     74      -    100     88      0      0      0      0   9501   1875      0      0  23289  23289      0      -      -      0    720    716
    0    366     61      -    100     88      0      0      0      0   9501   1950      0      0  23289      4      0      -      -      0   2310   2396
    1    345     74      -    100     46      0      0      0      0   9501   1875      0      0  23289  23289      0      -      -      0   2439   2640
    0    333     61      -    100     18      0      0      0      0   9501   1950      0      0  23289      4      0      -      -      0    790    762
    1    319     74      -    100     18      0      0      0      0   9501   1875      0      0  23289  23289      0      -      -      0    746    755
    0    358     61      -    100     88      0      0      0      0   9501   1950      0      0  23289      4      0      -      -      0    763    755
    1    345     74      -    100     88      0      0      0      0   9501   1875      0      0  23289  23289      0      -      -      0    720    752
    0    362     60      -    100     88      0      0      0      0   9501   1950      0      0  23289      4      0      -      -      0    820    753
    1    347     74      -    100     88      0      0      0      0   9501   1875      0      0  23289  23289      0      -      -      0    728    748
    0    351     60      -    100     88      0      0      0      0   9501   1950      0      0  23289      4      0      -      -      0    770    758
    1    336     74      -    100     88      0      0      0      0   9501   1875      0      0  23289  23289      0      -      -      0    720    749
    0    342     60      -    100     89      0      0      0      0   9501   1950      0      0  23289      4      0      -      -      0    709    788
    1    327     74      -    100     40      0      0      0      0   9501   1875      0      0  23289  23289      0      -      -      0    706    785
    0    362     61      -    100     88      0      0      0      0   9501   1950      0      0  23289      4      0      -      -      0   1363   2838
    1    348     74      -    100     89      0      0      0      0   9501   1875      0      0  23289  23289      0      -      -      0   2458   3191
    0    348     61      -    100     88      0      0      0      0   9501   1950      0      0  23289      4      0      -      -      0    806    759
    1    333     74      -    100     89      0      0      0      0   9501   1875      0      0  23289  23289      0      -      -      0    720    754
    0    362     61      -    100     88      0      0      0      0   9501   1950      0      0  23289      4      0      -      -      0    777    753
    1    347     74      -    100     88      0      0      0      0   9501   1875      0      0  23289  23289      0      -      -      0    720    748
    0    361     61      -    100     87      0      0      0      0   9501   1950      0      0  23289      4      0      -      -      0    744    751
    1    347     74      -    100     88      0      0      0      0   9501   1875      0      0  23289  23289      0      -      -      0    714    748
    0    363     61      -    100     88      0      0      0      0   9501   1950      0      0  23289      4      0      -      -      0    775    751
    1    347     74      -    100     88      0      0      0      0   9501   1875      0      0  23289  23289      0      -      -      0    721    749
    0    376     62      -    100     88      0      0      0      0   9501   1950      0      0  23289      4      0      -      -      0   2294   2573
    1    347     74      -    100     88      0      0      0      0   9501   1875      0      0  23289  23289      0      -      -      0   2409   2480
    0    356     62      -    100     44      0      0      0      0   9501   1950      0      0  23289      4      0      -      -      0    770    752
    1    332     74      -    100     88      0      0      0      0   9501   1875      0      0  23289  23289      0      -      -      0    720    751
# gpu    pwr  gtemp  mtemp     sm    mem    enc    dec    jpg    ofa   mclk   pclk  pviol  tviol     fb   bar1   ccpm  sbecc  dbecc    pci  rxpci  txpci
# Idx      W      C      C      %      %      %      %      %      %    MHz    MHz      %   bool     MB     MB     MB   errs   errs   errs   MB/s   MB/s
    0    373     62      -    100     88      0      0      0      0   9501   1950      0      0  23289      4      0      -      -      0    763    754
    1    348     74      -    100     88      0      0      0      0   9501   1875      0      0  23289  23289      0      -      -      0    720    748
    0    364     62      -    100     88      0      0      0      0   9501   1950      0      0  23289      4      0      -      -      0    753    729
    1    348     74      -    100     89      0      0      0      0   9501   1875      0      0  23289  23289      0      -      -      0    697    758
    0    367     61      -    100     89      0      0      0      0   9501   1950      0      0  23289      4      0      -      -      0   2314   2927
    1    347     74      -    100     88      0      0      0      0   9501   1875      0      0  23289  23289      0      -      -      0   2786   2650
    0    359     61      -    100     27      0      0      0      0   9501   1950      0      0  23289      4      0      -      -      0   1964   2057
    1    332     74      -    100     19      0      0      0      0   9501   1875      0      0  23289  23289      0      -      -      0   2050   1682
    0    367     61      -    100     88      0      0      0      0   9501   1950      0      0  23289      4      0      -      -      0   2516   2973
    1    342     74      -    100     88      0      0      0      0   9501   1875      0      0  23289  23289      0      -      -      0   2471   2743
    0    351     61      -    100     88      0      0      0      0   9501   1950      0      0  23289      4      0      -      -      0   2911   2659
    1    334     74      -    100     85      0      0      0      0   9501   1875      0      0  23289  23289      0      -      -      0   2865   3101
    0    353     60      -    100     88      0      0      0      0   9501   1950      0      0  23289      4      0      -      -      0    774    750
    1    339     74      -    100     88      0      0      0      0   9501   1875      0      0  23289  23289      0      -      -      0    720    757
    0    360     60      -    100     88      0      0      0      0   9501   1950      0      0  23289      4      0      -      -      0    800    752
    1    348     74      -    100     88      0      0      0      0   9501   1875      0      0  23289  23289      0      -      -      0    719    740
    0    351     60      -    100     87      0      0      0      0   9501   1950      0      0  23289      4      0      -      -      0    761    751
    1    334     74      -    100     29      0      0      0      0   9501   1875      0      0  23289  23289      0      -      -      0    719    748
    0    358     60      -    100     88      0      0      0      0   9501   1950      0      0  23289      4      0      -      -      0    771    729
    1    338     74      -    100     88      0      0      0      0   9501   1875      0      0  23289  23289      0      -      -      0    686    727
    0    351     60      -    100     89      0      0      0      0   9501   1950      0      0  23289      4      0      -      -      0    760    754
    1    339     74      -    100     89      0      0      0      0   9501   1875      0      0  23289  23289      0      -      -      0    728    748
    0    361     60      -    100     88      0      0      0      0   9501   1950      0      0  23289      4      0      -      -      0    732    752
    1    348     74      -    100     88      0      0      0      0   9501   1875      0      0  23289  23289      0      -      -      0    720    748
    0    363     60      -    100     88      0      0      0      0   9501   1950      0      0  23289      4      0      -      -      0    752    752
    1    347     74      -    100     88      0      0      0      0   9501   1875      0      0  23289  23289      0      -      -      0    719    748
    0    361     61      -    100     88      0      0      0      0   9501   1950      0      0  23289      4      0      -      -      0    780    752
    1    348     74      -    100     88      0      0      0      0   9501   1875      0      0  23289  23289      0      -      -      0    720    748
    0    349     61      -    100     34      0      0      0      0   9501   1950      0      0  23289      4      0      -      -      0    765    742
    1    331     74      -    100     57      0      0      0      0   9501   1875      0      0  23289  23289      0      -      -      0    720    748
    0    365     61      -    100     88      0      0      0      0   9501   1950      0      0  23289      4      0      -      -      0    832    745
    1    345     74      -    100     88      0      0      0      0   9501   1875      0      0  23289  23289      0      -      -      0   2420   3315
    0    352     61      -    100     88      0      0      0      0   9501   1950      0      0  23289      4      0      -      -      0    723    730
    1    333     74      -    100     88      0      0      0      0   9501   1875      0      0  23289  23289      0      -      -      0    697    758
    0    362     61      -    100     88      0      0      0      0   9501   1950      0      0  23289      4      0      -      -      0    780    750
    1    347     74      -    100     88      0      0      0      0   9501   1875      0      0  23289  23289      0      -      -      0    720    745
    0    362     61      -    100     88      0      0      0      0   9501   1950      0      0  23289      4      0      -      -      0   2861   2777
    1    348     74      -    100     88      0      0      0      0   9501   1875      0      0  23289  23289      0      -      -      0   2291   2790
    0    350     61      -    100     88      0      0      0      0   9501   1950      0      0  23289      4      0      -      -      0    753    752
    1    335     74      -    100     88      0      0      0      0   9501   1875      0      0  23289  23289      0      -      -      0    729    762
    0    350     61      -    100     17      0      0      0      0   9501   1950      0      0  23289      4      0      -      -      0    749    759
    1    332     74      -    100     55      0      0      0      0   9501   1875      0      0  23289  23289      0      -      -      0    712    726
    0    348     61      -    100     29      0      0      0      0   9501   1950      0      0  23289      4      0      -      -      0    762    754
    1    333     74      -    100     18      0      0      0      0   9501   1875      0      0  23289  23289      0      -      -      0    711    741
# gpu    pwr  gtemp  mtemp     sm    mem    enc    dec    jpg    ofa   mclk   pclk  pviol  tviol     fb   bar1   ccpm  sbecc  dbecc    pci  rxpci  txpci
# Idx      W      C      C      %      %      %      %      %      %    MHz    MHz      %   bool     MB     MB     MB   errs   errs   errs   MB/s   MB/s
    0    347     61      -    100     64      0      0      0      0   9501   1950      0      0  23289      4      0      -      -      0    752    763
    1    332     74      -    100     18      0      0      0      0   9501   1875      0      0  23289  23289      0      -      -      0    709    729
    0    360     61      -    100     87      0      0      0      0   9501   1950      0      0  23289      4      0      -      -      0    783    752
    1    344     74      -    100     88      0      0      0      0   9501   1875      0      0  23289  23289      0      -      -      0    720    757
    0    351     61      -    100     84      0      0      0      0   9501   1950      0      0  23289      4      0      -      -      0    769    760
    1    336     74      -    100     88      0      0      0      0   9501   1875      0      0  23289  23289      0      -      -      0    724    718
    0    361     61      -    100     88      0      0      0      0   9501   1950      0      0  23289      4      0      -      -      0   2752   2959
    1    345     74      -    100     60      0      0      0      0   9501   1875      0      0  23289  23289      0      -      -      0   2748   2311
    0    336     62      -    100     79      0      0      0      0   9501   1950      0      0  23289      4      0      -      -      0    777    760
    1    321     74      -    100     62      0      0      0      0   9501   1875      0      0  23289  23289      0      -      -      0    729    757
    0    361     61      -    100     88      0      0      0      0   9501   1950      0      0  23289      4      0      -      -      0    787    752
    1    343     74      -    100     88      0      0      0      0   9501   1875      0      0  23289  23289      0      -      -      0    720    757
    0    364     62      -    100     88      0      0      0      0   9501   1950      0      0  23289      4      0      -      -      0    774    764
    1    347     74      -    100     88      0      0      0      0   9501   1875      0      0  23289  23289      0      -      -      0    719    748
    0    357     61      -    100     18      0      0      0      0   9501   1950      0      0  23289      4      0      -      -      0    783    753
    1    338     74      -    100     20      0      0      0      0   9501   1875      0      0  23289  23289      0      -      -      0    720    739
    0    358     62      -    100     88      0      0      0      0   9501   1950      0      0  23289      4      0      -      -      0    744    753
    1    338     74      -    100     88      0      0      0      0   9501   1875      0      0  23289  23289      0      -      -      0    720    750
    0    356     62      -    100     88      0      0      0      0   9501   1950      0      0  23289      4      0      -      -      0    793    753
    1    340     74      -    100     88      0      0      0      0   9501   1875      0      0  23289  23289      0      -      -      0    720    758
    0    371     62      -    100     88      0      0      0      0   9501   1950      0      0  23289      4      0      -      -      0    753    753
    1    347     74      -    100     88      0      0      0      0   9501   1875      0      0  23289  23289      0      -      -      0    720    740
    0    365     62      -    100     88      0      0      0      0   9501   1950      0      0  23289      4      0      -      -      0    771    755
    1    348     74      -    100     88      0      0      0      0   9501   1875      0      0  23289  23289      0      -      -      0    728    749
    0    375     62      -    100     88      0      0      0      0   9501   1950      0      0  23289      4      0      -      -      0   2610   1535
    1    348     74      -    100     88      0      0      0      0   9501   1875      0      0  23289  23289      0      -      -      0    719    755
    0    347     61      -    100     71      0      0      0      0   9501   1950      0      0  23289      4      0      -      -      0   2218   2440
    1    325     74      -    100     18      0      0      0      0   9501   1875      0      0  23289  23289      0      -      -      0   2355   2344
    0    345     61      -    100     82      0      0      0      0   9501   1950      0      0  23289      4      0      -      -      0    776    752
    1    314     74      -    100     22      0      0      0      0   9501   1875      0      0  23289  23289      0      -      -      0    720    757
    0    358     61      -    100     88      0      0      0      0   9501   1950      0      0  23289      4      0      -      -      0    762    751
    1    341     74      -    100     88      0      0      0      0   9501   1875      0      0  23289  23289      0      -      -      0    719    743
    0    360     61      -    100     88      0      0      0      0   9501   1950      0      0  23289      4      0      -      -      0    767    754
    1    346     74      -    100     88      0      0      0      0   9501   1875      0      0  23289  23289      0      -      -      0    720    758
    0    360     60      -    100     88      0      0      0      0   9501   1950      0      0  23289      4      0      -      -      0    765    752
    1    347     74      -    100     88      0      0      0      0   9501   1875      0      0  23289  23289      0      -      -      0    720    749
    0    352     60      -    100     51      0      0      0      0   9501   1950      0      0  23289      4      0      -      -      0    776    751
    1    333     74      -    100     61      0      0      0      0   9501   1875      0      0  23289  23289      0      -      -      0    729    748
    0    360     60      -    100     88      0      0      0      0   9501   1950      0      0  23289      4      0      -      -      0    781    751
    1    347     74      -    100     88      0      0      0      0   9501   1875      0      0  23289  23289      0      -      -      0    720    748
    0    355     60      -    100     88      0      0      0      0   9501   1950      0      0  23289      4      0      -      -      0   2332   2363
    1    338     74      -    100     88      0      0      0      0   9501   1875      0      0  23289  23289      0      -      -      0   2386   2686
    0    340     61      -    100     61      0      0      0      0   9501   1950      0      0  23289      4      0      -      -      0    748    761
    1    326     74      -    100     77      0      0      0      0   9501   1875      0      0  23289  23289      0      -      -      0    720    757
# gpu    pwr  gtemp  mtemp     sm    mem    enc    dec    jpg    ofa   mclk   pclk  pviol  tviol     fb   bar1   ccpm  sbecc  dbecc    pci  rxpci  txpci
# Idx      W      C      C      %      %      %      %      %      %    MHz    MHz      %   bool     MB     MB     MB   errs   errs   errs   MB/s   MB/s
    0    364     61      -    100     88      0      0      0      0   9501   1950      0      0  23289      4      0      -      -      0    778    759
    1    346     74      -    100     88      0      0      0      0   9501   1875      0      0  23289  23289      0      -      -      0    720    750
    0    361     61      -    100     88      0      0      0      0   9501   1950      0      0  23289      4      0      -      -      0    764    758
    1    348     74      -    100     89      0      0      0      0   9501   1875      0      0  23289  23289      0      -      -      0    720    758
    0    363     61      -    100     88      0      0      0      0   9501   1950      0      0  23289      4      0      -      -      0   2479   2759
    1    347     74      -    100     63      0      0      0      0   9501   1875      0      0  23289  23289      0      -      -      0   2745   1636
    0    351     61      -    100     88      0      0      0      0   9501   1950      0      0  23289      4      0      -      -      0    754    763
    1    335     74      -    100     88      0      0      0      0   9501   1875      0      0  23289  23289      0      -      -      0    720    755
    0    357     61      -    100     65      0      0      0      0   9501   1950      0      0  23289      4      0      -      -      0    785    752
    1    333     74      -    100     48      0      0      0      0   9501   1875      0      0  23289  23289      0      -      -      0    720    757
    0    349     62      -    100     54      0      0      0      0   9501   1950      0      0  23289      4      0      -      -      0    752    752
    1    329     74      -    100     88      0      0      0      0   9501   1875      0      0  23289  23289      0      -      -      0    725    748
    0    353     61      -    100     18      0      0      0      0   9501   1950      0      0  23289      4      0      -      -      0    771    751
    1    337     74      -    100     69      0      0      0      0   9501   1875      0      0  23289  23289      0      -      -      0    724    748
    0    361     61      -    100     88      0      0      0      0   9501   1950      0      0  23289      4      0      -      -      0   2282   2431
    1    346     74      -    100     88      0      0      0      0   9501   1875      0      0  23289  23289      0      -      -      0   2278   2462
    0    336     61      -    100     19      0      0      0      0   9501   1950      0      0  23289      4      0      -      -      0    761    752
    1    320     74      -    100     18      0      0      0      0   9501   1875      0      0  23289  23289      0      -      -      0    729    757
    0    363     61      -    100     88      0      0      0      0   9501   1950      0      0  23289      4      0      -      -      0    763    751
    1    348     74      -    100     89      0      0      0      0   9501   1875      0      0  23289  23289      0      -      -      0    728    758
    0    354     61      -    100     89      0      0      0      0   9501   1950      0      0  23289      4      0      -      -      0    769    751
    1    340     74      -    100     89      0      0      0      0   9501   1875      0      0  23289  23289      0      -      -      0    729    758
    0    355     61      -    100     88      0      0      0      0   9501   1950      0      0  23289      4      0      -      -      0    768    761
    1    343     74      -    100     89      0      0      0      0   9501   1875      0      0  23289  23289      0      -      -      0    728    758
    0    363     61      -    100     89      0      0      0      0   9501   1950      0      0  23289      4      0      -      -      0    743    762
    1    348     74      -    100     89      0      0      0      0   9501   1875      0      0  23289  23289      0      -      -      0    692    757
    0    367     61      -    100     88      0      0      0      0   9501   1950      0      0  23289      4      0      -      -      0    757    731
    1    348     74      -    100     88      0      0      0      0   9501   1875      0      0  23289  23289      0      -      -      0    717    735
    0    366     61      -    100     29      0      0      0      0   9501   1950      0      0  23289      4      0      -      -      0   2373   1183
    1    340     74      -    100     18      0      0      0      0   9501   1875      0      0  23289  23289      0      -      -      0    720    758
    0    363     62      -    100     88      0      0      0      0   9501   1950      0      0  23289      4      0      -      -      0    779    753
    1    337     74      -    100     88      0      0      0      0   9501   1875      0      0  23289  23289      0      -      -      0    728    748
    0    365     62      -    100     17      0      0      0      0   9501   1950      0      0  23289      4      0      -      -      0    782    752
    1    337     74      -    100     36      0      0      0      0   9501   1875      0      0  23289  23289      0      -      -      0    729    749
    0    358     62      -    100     88      0      0      0      0   9501   1950      0      0  23289      4      0      -      -      0    764    753
    1    340     74      -    100     88      0      0      0      0   9501   1875      0      0  23289  23289      0      -      -      0    720    749
    0    356     61      -    100     88      0      0      0      0   9501   1950      0      0  23289      4      0      -      -      0    755    755
    1    333     74      -    100     66      0      0      0      0   9501   1875      0      0  23289  23289      0      -      -      0    720    748
    0    360     61      -    100     88      0      0      0      0   9501   1950      0      0  23289      4      0      -      -      0    745    753
    1    345     74      -    100     88      0      0      0      0   9501   1875      0      0  23289  23289      0      -      -      0    728    748
    0    348     61      -    100     43      0      0      0      0   9501   1950      0      0  23289      4      0      -      -      0    770    765
    1    333     74      -    100     18      0      0      0      0   9501   1875      0      0  23289  23289      0      -      -      0    720    739
    0    354     60      -    100     88      0      0      0      0   9501   1950      0      0  23289      4      0      -      -      0    744    780
    1    338     74      -    100     88      0      0      0      0   9501   1875      0      0  23289  23289      0      -      -      0    698    753
# gpu    pwr  gtemp  mtemp     sm    mem    enc    dec    jpg    ofa   mclk   pclk  pviol  tviol     fb   bar1   ccpm  sbecc  dbecc    pci  rxpci  txpci
# Idx      W      C      C      %      %      %      %      %      %    MHz    MHz      %   bool     MB     MB     MB   errs   errs   errs   MB/s   MB/s
    0    352     60      -    100     89      0      0      0      0   9501   1950      0      0  23289      4      0      -      -      0   2055   2212
    1    340     74      -    100     89      0      0      0      0   9501   1875      0      0  23289  23289      0      -      -      0    728    763
    0    343     60      -    100     88      0      0      0      0   9501   1950      0      0  23289      4      0      -      -      0    779    762
    1    328     74      -    100     88      0      0      0      0   9501   1875      0      0  23289  23289      0      -      -      0    720    749
    0    362     60      -    100     88      0      0      0      0   9501   1950      0      0  23289      4      0      -      -      0    734    768
    1    348     74      -    100     88      0      0      0      0   9501   1875      0      0  23289  23289      0      -      -      0    697    785
    0    361     60      -    100     88      0      0      0      0   9501   1950      0      0  23289      4      0      -      -      0    760    756
    1    348     74      -    100     88      0      0      0      0   9501   1875      0      0  23289  23289      0      -      -      0    720    748
    0    361     61      -    100     88      0      0      0      0   9501   1950      0      0  23289      4      0      -      -      0    765    754
    1    347     74      -    100     88      0      0      0      0   9501   1875      0      0  23289  23289      0      -      -      0   1191   2583
    0    348     61      -    100     62      0      0      0      0   9501   1950      0      0  23289      4      0      -      -      0    744    782
    1    334     74      -    100     88      0      0      0      0   9501   1875      0      0  23289  23289      0      -      -      0    720    757
    0    370     61      -    100     88      0      0      0      0   9501   1950      0      0  23289      4      0      -      -      0    757    751
    1    347     74      -    100     88      0      0      0      0   9501   1875      0      0  23289  23289      0      -      -      0    720    748
    0    359     61      -    100     88      0      0      0      0   9501   1950      0      0  23289      4      0      -      -      0    750    752
    1    343     74      -    100     88      0      0      0      0   9501   1875      0      0  23289  23289      0      -      -      0    722    751
    0    351     61      -    100     57      0      0      0      0   9501   1950      0      0  23289      4      0      -      -      0    779    709
    1    334     74      -    100     88      0      0      0      0   9501   1875      0      0  23289  23289      0      -      -      0    714    726
    0    344     61      -    100     75      0      0      0      0   9501   1950      0      0  23289      4      0      -      -      0    783    761
    1    328     74      -    100     18      0      0      0      0   9501   1875      0      0  23289  23289      0      -      -      0    729    748
    0    353     61      -    100     71      0      0      0      0   9501   1950      0      0  23289      4      0      -      -      0    730    780
    1    337     74      -    100     88      0      0      0      0   9501   1875      0      0  23289  23289      0      -      -      0    697    753
    0    363     61      -    100     89      0      0      0      0   9501   1950      0      0  23289      4      0      -      -      0    769    751
    1    348     74      -    100     88      0      0      0      0   9501   1875      0      0  23289  23289      0      -      -      0    724    748
    0    362     61      -    100     88      0      0      0      0   9501   1950      0      0  23289      4      0      -      -      0    766    757
    1    348     74      -    100     88      0      0      0      0   9501   1875      0      0  23289  23289      0      -      -      0    728    748
    0    363     61      -    100     88      0      0      0      0   9501   1950      0      0  23289      4      0      -      -      0    786    755
    1    348     74      -    100     88      0      0      0      0   9501   1875      0      0  23289  23289      0      -      -      0    720    750
    0    351     61      -    100     88      0      0      0      0   9501   1950      0      0  23289      4      0      -      -      0    758    752
    1    335     74      -    100     88      0      0      0      0   9501   1875      0      0  23289  23289      0      -      -      0    719    748
    0    375     61      -    100     88      0      0      0      0   9501   1950      0      0  23289      4      0      -      -      0    738    742
    1    348     74      -    100     89      0      0      0      0   9501   1875      0      0  23289  23289      0      -      -      0    721    759
    0    368     62      -    100     88      0      0      0      0   9501   1950      0      0  23289      4      0      -      -      0    754    753
    1    342     74      -    100     88      0      0      0      0   9501   1875      0      0  23289  23289      0      -      -      0    713    748
    0    364     62      -    100     88      0      0      0      0   9501   1950      0      0  23289      4      0      -      -      0   2457   2399
    1    348     74      -    100     89      0      0      0      0   9501   1875      0      0  23289  23289      0      -      -      0   2534   2603
    0    349     61      -    100     88      0      0      0      0   9501   1950      0      0  23289      4      0      -      -      0    723    720
    1    334     74      -    100     88      0      0      0      0   9501   1875      0      0  23289  23289      0      -      -      0    697    776
    0    364     61      -    100     88      0      0      0      0   9501   1950      0      0  23289      4      0      -      -      0   2341   2537
    1    347     74      -    100     89      0      0      0      0   9501   1875      0      0  23289  23289      0      -      -      0   2479   2529
    0    347     61      -    100     88      0      0      0      0   9501   1950      0      0  23289      4      0      -      -      0   1697    754
    1    333     74      -    100     88      0      0      0      0   9501   1875      0      0  23289  23289      0      -      -      0    720    739
    0    339     60      -    100     82      0      0      0      0   9501   1950      0      0  23289      4      0      -      -      0    764    752
    1    323     74      -    100     78      0      0      0      0   9501   1875      0      0  23289  23289      0      -      -      0    720    753
# gpu    pwr  gtemp  mtemp     sm    mem    enc    dec    jpg    ofa   mclk   pclk  pviol  tviol     fb   bar1   ccpm  sbecc  dbecc    pci  rxpci  txpci
# Idx      W      C      C      %      %      %      %      %      %    MHz    MHz      %   bool     MB     MB     MB   errs   errs   errs   MB/s   MB/s
    0    350     61      -    100     46      0      0      0      0   9501   1950      0      0  23289      4      0      -      -      0    751    753
    1    333     74      -    100     50      0      0      0      0   9501   1875      0      0  23289  23289      0      -      -      0    728    758
    0    350     61      -    100     88      0      0      0      0   9501   1950      0      0  23289      4      0      -      -      0    777    770
    1    336     74      -    100     88      0      0      0      0   9501   1875      0      0  23289  23289      0      -      -      0    728    726
    0    362     61      -    100     88      0      0      0      0   9501   1950      0      0  23289      4      0      -      -      0    774    756
    1    347     74      -    100     88      0      0      0      0   9501   1875      0      0  23289  23289      0      -      -      0    728    748
    0    362     61      -    100     88      0      0      0      0   9501   1950      0      0  23289      4      0      -      -      0    775    751
    1    348     74      -    100     89      0      0      0      0   9501   1875      0      0  23289  23289      0      -      -      0    728    758
    0    363     61      -    100     88      0      0      0      0   9501   1950      0      0  23289      4      0      -      -      0    784    752
    1    348     74      -    100     89      0      0      0      0   9501   1875      0      0  23289  23289      0      -      -      0    708    750
    0    353     61      -    100     17      0      0      0      0   9501   1950      0      0  23289      4      0      -      -      0    787    754
    1    337     74      -    100     17      0      0      0      0   9501   1875      0      0  23289  23289      0      -      -      0    728    748
    0    372     61      -    100     88      0      0      0      0   9501   1950      0      0  23289      4      0      -      -      0    763    752
    1    347     74      -    100     88      0      0      0      0   9501   1875      0      0  23289  23289      0      -      -      0    720    749
    0    368     62      -    100     88      0      0      0      0   9501   1950      0      0  23289      4      0      -      -      0    742    755
    1    347     74      -    100     88      0      0      0      0   9501   1875      0      0  23289  23289      0      -      -      0    720    741
    0    364     62      -    100     88      0      0      0      0   9501   1950      0      0  23289      4      0      -      -      0   2514   3003
    1    348     74      -    100     88      0      0      0      0   9501   1875      0      0  23289  23289      0      -      -      0   2623   2538
    0    354     61      -    100     18      0      0      0      0   9501   1950      0      0  23289      4      0      -      -      0    788    753
    1    334     74      -    100     18      0      0      0      0   9501   1875      0      0  23289  23289      0      -      -      0    712    748
    0    374     61      -    100     88      0      0      0      0   9501   1950      0      0  23289      4      0      -      -      0    742    747
    1    348     74      -    100     88      0      0      0      0   9501   1875      0      0  23289  23289      0      -      -      0    720    748
    0    371     61      -    100     88      0      0      0      0   9501   1950      0      0  23289      4      0      -      -      0   2725   2578
    1    348     74      -    100     88      0      0      0      0   9501   1875      0      0  23289  23289      0      -      -      0   2383   2670
    0    354     61      -    100     88      0      0      0      0   9501   1950      0      0  23289      4      0      -      -      0    743    757
    1    332     74      -    100     88      0      0      0      0   9501   1875      0      0  23289  23289      0      -      -      0    719    726
    0    362     61      -    100     75      0      0      0      0   9501   1950      0      0  23289      4      0      -      -      0   2551   3064
    1    338     74      -    100     80      0      0      0      0   9501   1875      0      0  23289  23289      0      -      -      0   2562   2452
    0    349     60      -    100     89      0      0      0      0   9501   1950      0      0  23289      4      0      -      -      0    794    751
    1    329     74      -    100     89      0      0      0      0   9501   1875      0      0  23289  23289      0      -      -      0    729    749
    0    362     60      -    100     88      0      0      0      0   9501   1950      0      0  23289      4      0      -      -      0    775    751
    1    348     74      -    100     88      0      0      0      0   9501   1875      0      0  23289  23289      0      -      -      0    718    748
    0    348     60      -    100     18      0      0      0      0   9501   1950      0      0  23289      4      0      -      -      0    771    753
    1    335     74      -    100     18      0      0      0      0   9501   1875      0      0  23289  23289      0      -      -      0    714    748
    0    360     59      -    100     88      0      0      0      0   9501   1950      0      0  23289      4      0      -      -      0    766    754
    1    348     74      -    100     88      0      0      0      0   9501   1875      0      0  23289  23289      0      -      -      0    720    750
    0    347     59      -    100     18      0      0      0      0   9501   1950      0      0  23289      4      0      -      -      0   2634   2847
    1    333     74      -    100     18      0      0      0      0   9501   1875      0      0  23289  23289      0      -      -      0   2630   2564
    0    349     59      -    100     88      0      0      0      0   9501   1950      0      0  23289      4      0      -      -      0    771    757
    1    332     74      -    100     88      0      0      0      0   9501   1875      0      0  23289  23289      0      -      -      0    720    752
    0    361     60      -    100     89      0      0      0      0   9501   1950      0      0  23289      4      0      -      -      0    809   2051
    1    348     74      -    100     88      0      0      0      0   9501   1875      0      0  23289  23289      0      -      -      0   2552   2761
    0    346     60      -    100     88      0      0      0      0   9501   1950      0      0  23289      4      0      -      -      0    759    748
    1    333     74      -    100     87      0      0      0      0   9501   1875      0      0  23289  23289      0      -      -      0    728    748
# gpu    pwr  gtemp  mtemp     sm    mem    enc    dec    jpg    ofa   mclk   pclk  pviol  tviol     fb   bar1   ccpm  sbecc  dbecc    pci  rxpci  txpci
# Idx      W      C      C      %      %      %      %      %      %    MHz    MHz      %   bool     MB     MB     MB   errs   errs   errs   MB/s   MB/s
    0    359     60      -    100     88      0      0      0      0   9501   1950      0      0  23289      4      0      -      -      0    758    753
    1    346     74      -    100     88      0      0      0      0   9501   1875      0      0  23289  23289      0      -      -      0    720    751
    0    360     60      -    100     88      0      0      0      0   9501   1950      0      0  23289      4      0      -      -      0    765    755
    1    347     74      -    100     88      0      0      0      0   9501   1875      0      0  23289  23289      0      -      -      0    728    748
    0    347     60      -    100     48      0      0      0      0   9501   1950      0      0  23289      4      0      -      -      0   2594   2677
    1    334     74      -    100     43      0      0      0      0   9501   1875      0      0  23289  23289      0      -      -      0   1311    752
    0    346     61      -    100     89      0      0      0      0   9501   1950      0      0  23289      4      0      -      -      0    774    771
    1    332     74      -    100     89      0      0      0      0   9501   1875      0      0  23289  23289      0      -      -      0    728    748
    0    363     61      -    100     89      0      0      0      0   9501   1950      0      0  23289      4      0      -      -      0    775    754
    1    348     74      -    100     88      0      0      0      0   9501   1875      0      0  23289  23289      0      -      -      0    728    748
    0    351     61      -    100     63      0      0      0      0   9501   1950      0      0  23289      4      0      -      -      0   2519   2885
    1    336     74      -    100     68      0      0      0      0   9501   1875      0      0  23289  23289      0      -      -      0   2618   2884
    0    352     61      -    100     88      0      0      0      0   9501   1950      0      0  23289      4      0      -      -      0    766    761
    1    337     74      -    100     88      0      0      0      0   9501   1875      0      0  23289  23289      0      -      -      0    728    758
    0    364     61      -    100     88      0      0      0      0   9501   1950      0      0  23289      4      0      -      -      0    745    754
    1    349     74      -    100     89      0      0      0      0   9501   1875      0      0  23289  23289      0      -      -      0    720    742
    0    363     61      -    100     88      0      0      0      0   9501   1950      0      0  23289      4      0      -      -      0    748    752
    1    348     74      -    100     88      0      0      0      0   9501   1875      0      0  23289  23289      0      -      -      0    720    748
    0    353     61      -    100     88      0      0      0      0   9501   1950      0      0  23289      4      0      -      -      0    754    751
    1    333     74      -    100     88      0      0      0      0   9501   1875      0      0  23289  23289      0      -      -      0    720    740
    0    374     61      -    100     88      0      0      0      0   9501   1950      0      0  23289      4      0      -      -      0   3515   2295
    1    348     74      -    100     88      0      0      0      0   9501   1875      0      0  23289  23289      0      -      -      0   2812   3044
    0    336     61      -    100     59      0      0      0      0   9501   1950      0      0  23289      4      0      -      -      0    774    752
    1    320     74      -    100     54      0      0      0      0   9501   1875      0      0  23289  23289      0      -      -      0    737    748
    0    368     61      -    100     88      0      0      0      0   9501   1950      0      0  23289      4      0      -      -      0   1051   2521
    1    344     74      -    100     88      0      0      0      0   9501   1875      0      0  23289  23289      0      -      -      0   2589   2520
    0    349     61      -    100     88      0      0      0      0   9501   1950      0      0  23289      4      0      -      -      0    727    720
    1    332     74      -    100     88      0      0      0      0   9501   1875      0      0  23289  23289      0      -      -      0    696    767
    0    361     61      -    100     88      0      0      0      0   9501   1950      0      0  23289      4      0      -      -      0    729    731
    1    347     74      -    100     88      0      0      0      0   9501   1875      0      0  23289  23289      0      -      -      0    681    716
    0    359     61      -    100     88      0      0      0      0   9501   1950      0      0  23289      4      0      -      -      0    769    751
    1    345     74      -    100     88      0      0      0      0   9501   1875      0      0  23289  23289      0      -      -      0    714    749
    0    350     60      -    100     88      0      0      0      0   9501   1950      0      0  23289      4      0      -      -      0    786    752
    1    336     74      -    100     88      0      0      0      0   9501   1875      0      0  23289  23289      0      -      -      0    720    751
    0    363     60      -    100     88      0      0      0      0   9501   1950      0      0  23289      4      0      -      -      0    796   1056
    1    348     74      -    100     88      0      0      0      0   9501   1875      0      0  23289  23289      0      -      -      0   1973   2212
    0    356     61      -    100     35      0      0      0      0   9501   1950      0      0  23289      4      0      -      -      0    767    753
    1    334     74      -    100     31      0      0      0      0   9501   1875      0      0  23289  23289      0      -      -      0    720    758
    0    357     60      -    100     88      0      0      0      0   9501   1950      0      0  23289      4      0      -      -      0    769    760
    1    338     74      -    100     88      0      0      0      0   9501   1875      0      0  23289  23289      0      -      -      0    720    726
    0    363     61      -    100     88      0      0      0      0   9501   1950      0      0  23289      4      0      -      -      0    749    720
    1    347     74      -    100     88      0      0      0      0   9501   1875      0      0  23289  23289      0      -      -      0    719    726
    0    362     61      -    100     88      0      0      0      0   9501   1950      0      0  23289      4      0      -      -      0    730    760
    1    347     74      -    100     89      0      0      0      0   9501   1875      0      0  23289  23289      0      -      -      0    699    753
# gpu    pwr  gtemp  mtemp     sm    mem    enc    dec    jpg    ofa   mclk   pclk  pviol  tviol     fb   bar1   ccpm  sbecc  dbecc    pci  rxpci  txpci
# Idx      W      C      C      %      %      %      %      %      %    MHz    MHz      %   bool     MB     MB     MB   errs   errs   errs   MB/s   MB/s
    0    363     61      -    100     89      0      0      0      0   9501   1950      0      0  23289      4      0      -      -      0    758    751
    1    348     74      -    100     89      0      0      0      0   9501   1875      0      0  23289  23289      0      -      -      0    729    748
    0    365     61      -    100     18      0      0      0      0   9501   1950      0      0  23289      4      0      -      -      0    761    729
    1    343     74      -    100     17      0      0      0      0   9501   1875      0      0  23289  23289      0      -      -      0    680    716
    0    363     61      -    100     88      0      0      0      0   9501   1950      0      0  23289      4      0      -      -      0    762    752
    1    336     74      -    100     88      0      0      0      0   9501   1875      0      0  23289  23289      0      -      -      0    711    740
    0    349     61      -    100     88      0      0      0      0   9501   1950      0      0  23289      4      0      -      -      0    804    756
    1    333     74      -    100     88      0      0      0      0   9501   1875      0      0  23289  23289      0      -      -      0    720    739
    0    361     61      -    100     88      0      0      0      0   9501   1950      0      0  23289      4      0      -      -      0    800    744
    1    348     74      -    100     89      0      0      0      0   9501   1875      0      0  23289  23289      0      -      -      0    720    748
    0    362     61      -    100     89      0      0      0      0   9501   1950      0      0  23289      4      0      -      -      0    773    752
    1    349     74      -    100     89      0      0      0      0   9501   1875      0      0  23289  23289      0      -      -      0    711    748
    0    353     60      -    100     88      0      0      0      0   9501   1950      0      0  23289      4      0      -      -      0   2509   3157
    1    337     74      -    100     88      0      0      0      0   9501   1875      0      0  23289  23289      0      -      -      0   2675   2006
    0    349     60      -    100     54      0      0      0      0   9501   1950      0      0  23289      4      0      -      -      0    754    754
    1    330     74      -    100     49      0      0      0      0   9501   1875      0      0  23289  23289      0      -      -      0    729    748
    0    361     60      -    100     17      0      0      0      0   9501   1950      0      0  23289      4      0      -      -      0   2528   3278
    1    345     74      -    100     22      0      0      0      0   9501   1875      0      0  23289  23289      0      -      -      0   3028   2732
    0    337     61      -    100     69      0      0      0      0   9501   1950      0      0  23289      4      0      -      -      0   1905   2124
    1    324     75      -    100     65      0      0      0      0   9501   1875      0      0  23289  23289      0      -      -      0   2050   2056
    0    359     60      -    100     88      0      0      0      0   9501   1950      0      0  23289      4      0      -      -      0    778    752
    1    340     74      -    100     88      0      0      0      0   9501   1875      0      0  23289  23289      0      -      -      0    720    748
    0    360     60      -    100     88      0      0      0      0   9501   1950      0      0  23289      4      0      -      -      0    758    752
    1    347     74      -    100     88      0      0      0      0   9501   1875      0      0  23289  23289      0      -      -      0    712    748
    0    360     60      -    100     88      0      0      0      0   9501   1950      0      0  23289      4      0      -      -      0    774    744
    1    347     74      -    100     88      0      0      0      0   9501   1875      0      0  23289  23289      0      -      -      0    720    749
    0    361     60      -    100     88      0      0      0      0   9501   1950      0      0  23289      4      0      -      -      0    772    711
    1    348     74      -    100     88      0      0      0      0   9501   1875      0      0  23289  23289      0      -      -      0    717    735
    0    362     60      -    100     88      0      0      0      0   9501   1950      0      0  23289      4      0      -      -      0    786    752
    1    348     74      -    100     88      0      0      0      0   9501   1875      0      0  23289  23289      0      -      -      0    720    741
    0    350     61      -    100     88      0      0      0      0   9501   1950      0      0  23289      4      0      -      -      0    759    747
    1    335     74      -    100     89      0      0      0      0   9501   1875      0      0  23289  23289      0      -      -      0    720    750
    0    356     61      -    100     88      0      0      0      0   9501   1950      0      0  23289      4      0      -      -      0    751    751
    1    336     75      -    100     89      0      0      0      0   9501   1875      0      0  23289  23289      0      -      -      0    720    748
    0    366     61      -    100     88      0      0      0      0   9501   1950      0      0  23289      4      0      -      -      0    758    748
    1    343     74      -    100     88      0      0      0      0   9501   1875      0      0  23289  23289      0      -      -      0    712    748
    0    355     61      -    100     88      0      0      0      0   9501   1950      0      0  23289      4      0      -      -      0    765    751
    1    336     74      -    100     89      0      0      0      0   9501   1875      0      0  23289  23289      0      -      -      0    722    754
    0    351     61      -    100     18      0      0      0      0   9501   1950      0      0  23289      4      0      -      -      0    760    752
    1    331     74      -    100     17      0      0      0      0   9501   1875      0      0  23289  23289      0      -      -      0    724    752
    0    355     61      -    100     89      0      0      0      0   9501   1950      0      0  23289      4      0      -      -      0    750    759
    1    340     74      -    100     88      0      0      0      0   9501   1875      0      0  23289  23289      0      -      -      0    699    757
    0    356     60      -    100     18      0      0      0      0   9501   1950      0      0  23289      4      0      -      -      0    762    754
    1    343     74      -    100     18      0      0      0      0   9501   1875      0      0  23289  23289      0      -      -      0    728    758
# gpu    pwr  gtemp  mtemp     sm    mem    enc    dec    jpg    ofa   mclk   pclk  pviol  tviol     fb   bar1   ccpm  sbecc  dbecc    pci  rxpci  txpci
# Idx      W      C      C      %      %      %      %      %      %    MHz    MHz      %   bool     MB     MB     MB   errs   errs   errs   MB/s   MB/s
    0    349     60      -    100     89      0      0      0      0   9501   1950      0      0  23289      4      0      -      -      0    781    761
    1    335     74      -    100     88      0      0      0      0   9501   1875      0      0  23289  23289      0      -      -      0    724    758
    0    364     60      -    100     89      0      0      0      0   9501   1950      0      0  23289      4      0      -      -      0    787    762
    1    348     74      -    100     88      0      0      0      0   9501   1875      0      0  23289  23289      0      -      -      0    729    758
    0    362     60      -    100     88      0      0      0      0   9501   1950      0      0  23289      4      0      -      -      0    768    751
    1    348     74      -    100     88      0      0      0      0   9501   1875      0      0  23289  23289      0      -      -      0    720    748
    0    351     61      -    100     88      0      0      0      0   9501   1950      0      0  23289      4      0      -      -      0   2338    729
    1    337     74      -    100     89      0      0      0      0   9501   1875      0      0  23289  23289      0      -      -      0    719    727
    0    365     61      -    100     88      0      0      0      0   9501   1950      0      0  23289      4      0      -      -      0    738    754
    1    340     74      -    100     88      0      0      0      0   9501   1875      0      0  23289  23289      0      -      -      0    691    748
    0    365     61      -    100     88      0      0      0      0   9501   1950      0      0  23289      4      0      -      -      0   2214   2326
    1    347     74      -    100     88      0      0      0      0   9501   1875      0      0  23289  23289      0      -      -      0   2151   2412
    0    351     61      -    100     35      0      0      0      0   9501   1950      0      0  23289      4      0      -      -      0    751    753
    1    336     74      -    100     31      0      0      0      0   9501   1875      0      0  23289  23289      0      -      -      0    721    753
    0    350     61      -    100     88      0      0      0      0   9501   1950      0      0  23289      4      0      -      -      0    752    753
    1    333     74      -    100     88      0      0      0      0   9501   1875      0      0  23289  23289      0      -      -      0    720    748
    0    352     61      -    100     79      0      0      0      0   9501   1950      0      0  23289      4      0      -      -      0   2474   2626
    1    327     74      -    100     83      0      0      0      0   9501   1875      0      0  23289  23289      0      -      -      0    728    748
    0    347     61      -    100     88      0      0      0      0   9501   1950      0      0  23289      4      0      -      -      0    760    753
    1    332     74      -    100     88      0      0      0      0   9501   1875      0      0  23289  23289      0      -      -      0    720    748
    0    361     61      -    100     88      0      0      0      0   9501   1950      0      0  23289      4      0      -      -      0    758    753
    1    347     74      -    100     88      0      0      0      0   9501   1875      0      0  23289  23289      0      -      -      0    720    747
    0    361     61      -    100     88      0      0      0      0   9501   1950      0      0  23289      4      0      -      -      0    772    751
    1    347     74      -    100     88      0      0      0      0   9501   1875      0      0  23289  23289      0      -      -      0    720    749
    0    363     61      -    100     88      0      0      0      0   9501   1950      0      0  23289      4      0      -      -      0    782    750
    1    348     74      -    100     88      0      0      0      0   9501   1875      0      0  23289  23289      0      -      -      0    720    748
    0    367     61      -    100     88      0      0      0      0   9501   1950      0      0  23289      4      0      -      -      0   2026   2479
    1    348     74      -    100     89      0      0      0      0   9501   1875      0      0  23289  23289      0      -      -      0   2462   2863
    0    362     61      -    100     88      0      0      0      0   9501   1950      0      0  23289      4      0      -      -      0    770    752
    1    335     74      -    100     88      0      0      0      0   9501   1875      0      0  23289  23289      0      -      -      0    720    748
    0    372     61      -    100     89      0      0      0      0   9501   1950      0      0  23289      4      0      -      -      0   2666   2826
    1    348     74      -    100     89      0      0      0      0   9501   1875      0      0  23289  23289      0      -      -      0   2672   2868
    0    348     61      -    100     20      0      0      0      0   9501   1950      0      0  23289      4      0      -      -      0    756    751
    1    333     74      -    100     85      0      0      0      0   9501   1875      0      0  23289  23289      0      -      -      0    716    748
    0    370     61      -    100     88      0      0      0      0   9501   1950      0      0  23289      4      0      -      -      0    760    746
    1    347     74      -    100     88      0      0      0      0   9501   1875      0      0  23289  23289      0      -      -      0    713    750
    0    343     61      -    100     88      0      0      0      0   9501   1950      0      0  23289      4      0      -      -      0   2375    731
    1    330     74      -    100     62      0      0      0      0   9501   1875      0      0  23289  23289      0      -      -      0    689    717
    0    361     60      -    100     88      0      0      0      0   9501   1950      0      0  23289      4      0      -      -      0   2321   2535
    1    342     74      -    100     88      0      0      0      0   9501   1875      0      0  23289  23289      0      -      -      0   2316   2529
    0    346     60      -    100     88      0      0      0      0   9501   1950      0      0  23289      4      0      -      -      0    754    739
    1    332     74      -    100     88      0      0      0      0   9501   1875      0      0  23289  23289      0      -      -      0    680    717
    0    360     60      -    100     88      0      0      0      0   9501   1950      0      0  23289      4      0      -      -      0   1151   2055
    1    346     74      -    100     87      0      0      0      0   9501   1875      0      0  23289  23289      0      -      -      0   1901   2212
# gpu    pwr  gtemp  mtemp     sm    mem    enc    dec    jpg    ofa   mclk   pclk  pviol  tviol     fb   bar1   ccpm  sbecc  dbecc    pci  rxpci  txpci
# Idx      W      C      C      %      %      %      %      %      %    MHz    MHz      %   bool     MB     MB     MB   errs   errs   errs   MB/s   MB/s
    0    346     60      -    100     88      0      0      0      0   9501   1950      0      0  23289      4      0      -      -      0    777    762
    1    331     74      -    100     88      0      0      0      0   9501   1875      0      0  23289  23289      0      -      -      0    711    748
    0    359     60      -    100     88      0      0      0      0   9501   1950      0      0  23289      4      0      -      -      0    759    751
    1    347     74      -    100     88      0      0      0      0   9501   1875      0      0  23289  23289      0      -      -      0    720    748
    0    360     60      -    100     88      0      0      0      0   9501   1950      0      0  23289      4      0      -      -      0    743    752
    1    347     74      -    100     88      0      0      0      0   9501   1875      0      0  23289  23289      0      -      -      0    720    751
    0    352     60      -    100     88      0      0      0      0   9501   1950      0      0  23289      4      0      -      -      0    786    752
    1    334     74      -    100     88      0      0      0      0   9501   1875      0      0  23289  23289      0      -      -      0    720    749
    0    359     61      -    100     88      0      0      0      0   9501   1950      0      0  23289      4      0      -      -      0    758    753
    1    343     74      -    100     88      0      0      0      0   9501   1875      0      0  23289  23289      0      -      -      0    720    748
    0    366     61      -    100     88      0      0      0      0   9501   1950      0      0  23289      4      0      -      -      0    763    750
    1    348     74      -    100     88      0      0      0      0   9501   1875      0      0  23289  23289      0      -      -      0    720    748
    0    365     61      -    100     89      0      0      0      0   9501   1950      0      0  23289      4      0      -      -      0    770    754
    1    348     74      -    100     89      0      0      0      0   9501   1875      0      0  23289  23289      0      -      -      0    720    739
    0    357     61      -    100     88      0      0      0      0   9501   1950      0      0  23289      4      0      -      -      0    733    723
    1    335     74      -    100     88      0      0      0      0   9501   1875      0      0  23289  23289      0      -      -      0    672    717
    0    363     62      -    100     86      0      0      0      0   9501   1950      0      0  23289      4      0      -      -      0    766    752
    1    337     74      -    100     70      0      0      0      0   9501   1875      0      0  23289  23289      0      -      -      0    712    726
    0    367     61      -    100     88      0      0      0      0   9501   1950      0      0  23289      4      0      -      -      0   2390   2529
    1    341     74      -    100     60      0      0      0      0   9501   1875      0      0  23289  23289      0      -      -      0   2375   2677
    0    352     61      -    100     88      0      0      0      0   9501   1950      0      0  23289      4      0      -      -      0   2478   2669
    1    330     74      -    100     37      0      0      0      0   9501   1875      0      0  23289  23289      0      -      -      0   2362   1599
    0    356     60      -    100     88      0      0      0      0   9501   1950      0      0  23289      4      0      -      -      0    765    750
    1    344     74      -    100     88      0      0      0      0   9501   1875      0      0  23289  23289      0      -      -      0    711    748
    0    360     60      -    100     88      0      0      0      0   9501   1950      0      0  23289      4      0      -      -      0    785    752
    1    347     74      -    100     88      0      0      0      0   9501   1875      0      0  23289  23289      0      -      -      0    720    741
    0    362     60      -    100     88      0      0      0      0   9501   1950      0      0  23289      4      0      -      -      0    754    706
    1    343     74      -    100     88      0      0      0      0   9501   1875      0      0  23289  23289      0      -      -      0    710    727
    0    340     60      -    100     51      0      0      0      0   9501   1950      0      0  23289      4      0      -      -      0   2308   2450
    1    326     74      -    100     88      0      0      0      0   9501   1875      0      0  23289  23289      0      -      -      0   2401   1881
    0    345     60      -    100     67      0      0      0      0   9501   1950      0      0  23289      4      0      -      -      0    761    760
    1    322     74      -    100     20      0      0      0      0   9501   1875      0      0  23289  23289      0      -      -      0    720    751
    0    350     60      -    100     88      0      0      0      0   9501   1950      0      0  23289      4      0      -      -      0    783    751
    1    339     74      -    100     88      0      0      0      0   9501   1875      0      0  23289  23289      0      -      -      0    740   1609
    0    349     60      -    100     88      0      0      0      0   9501   1950      0      0  23289      4      0      -      -      0    782    760
    1    340     74      -    100     88      0      0      0      0   9501   1875      0      0  23289  23289      0      -      -      0    720    761
    0    361     60      -    100     88      0      0      0      0   9501   1950      0      0  23289      4      0      -      -      0    773    752
    1    347     74      -    100     88      0      0      0      0   9501   1875      0      0  23289  23289      0      -      -      0    728    748
    0    360     61      -    100     89      0      0      0      0   9501   1950      0      0  23289      4      0      -      -      0    754    763
    1    347     74      -    100     89      0      0      0      0   9501   1875      0      0  23289  23289      0      -      -      0    728    748
    0    362     61      -    100     89      0      0      0      0   9501   1950      0      0  23289      4      0      -      -      0    788    750
    1    348     74      -    100     89      0      0      0      0   9501   1875      0      0  23289  23289      0      -      -      0    728    748
    0    362     61      -    100     88      0      0      0      0   9501   1950      0      0  23289      4      0      -      -      0    778    762
    1    348     74      -    100     88      0      0      0      0   9501   1875      0      0  23289  23289      0      -      -      0    720    749
# gpu    pwr  gtemp  mtemp     sm    mem    enc    dec    jpg    ofa   mclk   pclk  pviol  tviol     fb   bar1   ccpm  sbecc  dbecc    pci  rxpci  txpci
# Idx      W      C      C      %      %      %      %      %      %    MHz    MHz      %   bool     MB     MB     MB   errs   errs   errs   MB/s   MB/s
    0    369     61      -    100     88      0      0      0      0   9501   1950      0      0  23289      4      0      -      -      0    785    752
    1    348     74      -    100     88      0      0      0      0   9501   1875      0      0  23289  23289      0      -      -      0    720    748
    0    362     61      -    100     57      0      0      0      0   9501   1950      0      0  23289      4      0      -      -      0    770    753
    1    334     74      -    100     18      0      0      0      0   9501   1875      0      0  23289  23289      0      -      -      0    726    748
    0    374     62      -    100     88      0      0      0      0   9501   1950      0      0  23289      4      0      -      -      0    761    751
    1    348     74      -    100     89      0      0      0      0   9501   1875      0      0  23289  23289      0      -      -      0    720    744
    0    365     61      -    100     88      0      0      0      0   9501   1950      0      0  23289      4      0      -      -      0    708    725
    1    347     74      -    100     88      0      0      0      0   9501   1875      0      0  23289  23289      0      -      -      0   1977   2212
    0    348     61      -    100     57      0      0      0      0   9501   1950      0      0  23289      4      0      -      -      0    774    748
    1    333     74      -    100     32      0      0      0      0   9501   1875      0      0  23289  23289      0      -      -      0    720    739
    0    356     60      -    100     53      0      0      0      0   9501   1950      0      0  23289      4      0      -      -      0    758    746
    1    334     74      -    100     58      0      0      0      0   9501   1875      0      0  23289  23289      0      -      -      0    712    739
    0    351     61      -    100     30      0      0      0      0   9501   1950      0      0  23289      4      0      -      -      0   1908   2214
    1    330     74      -    100     85      0      0      0      0   9501   1875      0      0  23289  23289      0      -      -      0   1905    887
    0    347     60      -    100     88      0      0      0      0   9501   1950      0      0  23289      4      0      -      -      0   2793   3021
    1    337     74      -    100     88      0      0      0      0   9501   1875      0      0  23289  23289      0      -      -      0   2788   3004
    0    345     60      -    100     88      0      0      0      0   9501   1950      0      0  23289      4      0      -      -      0    750    753
    1    332     74      -    100     88      0      0      0      0   9501   1875      0      0  23289  23289      0      -      -      0    720    748
    0    349     60      -    100     17      0      0      0      0   9501   1950      0      0  23289      4      0      -      -      0   2481   2680
    1    336     74      -    100     69      0      0      0      0   9501   1875      0      0  23289  23289      0      -      -      0   2611   2682
    0    348     60      -    100     77      0      0      0      0   9501   1950      0      0  23289      4      0      -      -      0    796    762
    1    337     74      -    100     89      0      0      0      0   9501   1875      0      0  23289  23289      0      -      -      0    754    758
    0    360     60      -    100     89      0      0      0      0   9501   1950      0      0  23289      4      0      -      -      0    758    761
    1    348     74      -    100     89      0      0      0      0   9501   1875      0      0  23289  23289      0      -      -      0    728    758
    0    361     60      -    100     89      0      0      0      0   9501   1950      0      0  23289      4      0      -      -      0    738    751
    1    348     74      -    100     89      0      0      0      0   9501   1875      0      0  23289  23289      0      -      -      0    729    750
    0    361     60      -    100     89      0      0      0      0   9501   1950      0      0  23289      4      0      -      -      0   2456   3149
    1    348     74      -    100     88      0      0      0      0   9501   1875      0      0  23289  23289      0      -      -      0   2909   2624
    0    347     61      -    100     26      0      0      0      0   9501   1950      0      0  23289      4      0      -      -      0    756    754
    1    333     74      -    100     88      0      0      0      0   9501   1875      0      0  23289  23289      0      -      -      0    704    758
    0    364     61      -    100     88      0      0      0      0   9501   1950      0      0  23289      4      0      -      -      0    759    751
    1    348     74      -    100     89      0      0      0      0   9501   1875      0      0  23289  23289      0      -      -      0    729    748
    0    356     61      -    100     28      0      0      0      0   9501   1950      0      0  23289      4      0      -      -      0   2110   2450
    1    341     74      -    100     88      0      0      0      0   9501   1875      0      0  23289  23289      0      -      -      0   2275   2450
    0    360     61      -    100     88      0      0      0      0   9501   1950      0      0  23289      4      0      -      -      0    763    752
    1    343     74      -    100     89      0      0      0      0   9501   1875      0      0  23289  23289      0      -      -      0    720    758
    0    363     61      -    100     88      0      0      0      0   9501   1950      0      0  23289      4      0      -      -      0   2461   2916
    1    348     74      -    100     88      0      0      0      0   9501   1875      0      0  23289  23289      0      -      -      0   2459   2445
    0    350     61      -    100     88      0      0      0      0   9501   1950      0      0  23289      4      0      -      -      0    752    742
    1    334     74      -    100     88      0      0      0      0   9501   1875      0      0  23289  23289      0      -      -      0    719    748
    0    372     61      -    100     88      0      0      0      0   9501   1950      0      0  23289      4      0      -      -      0    778   2082
    1    348     74      -    100     88      0      0      0      0   9501   1875      0      0  23289  23289      0      -      -      0   2311   2714
    0    359     61      -    100     83      0      0      0      0   9501   1950      0      0  23289      4      0      -      -      0    754    710
    1    339     74      -    100     88      0      0      0      0   9501   1875      0      0  23289  23289      0      -      -      0    717    726
# gpu    pwr  gtemp  mtemp     sm    mem    enc    dec    jpg    ofa   mclk   pclk  pviol  tviol     fb   bar1   ccpm  sbecc  dbecc    pci  rxpci  txpci
# Idx      W      C      C      %      %      %      %      %      %    MHz    MHz      %   bool     MB     MB     MB   errs   errs   errs   MB/s   MB/s
    0    357     61      -    100     88      0      0      0      0   9501   1950      0      0  23289      4      0      -      -      0    761    753
    1    334     74      -    100     47      0      0      0      0   9501   1875      0      0  23289  23289      0      -      -      0    720    748
    0    357     61      -    100     88      0      0      0      0   9501   1950      0      0  23289      4      0      -      -      0    785    724
    1    342     74      -    100     88      0      0      0      0   9501   1875      0      0  23289  23289      0      -      -      0   1961   2054
    0    341     61      -    100     36      0      0      0      0   9501   1950      0      0  23289      4      0      -      -      0    775    761
    1    326     74      -    100     88      0      0      0      0   9501   1875      0      0  23289  23289      0      -      -      0    725    753
    0    359     60      -    100     88      0      0      0      0   9501   1950      0      0  23289      4      0      -      -      0    785    760
    1    341     74      -    100     88      0      0      0      0   9501   1875      0      0  23289  23289      0      -      -      0    720    748
    0    360     60      -    100     88      0      0      0      0   9501   1950      0      0  23289      4      0      -      -      0   2759   2982
    1    345     74      -    100     27      0      0      0      0   9501   1875      0      0  23289  23289      0      -      -      0   2568   2935
    0    346     60      -    100     88      0      0      0      0   9501   1950      0      0  23289      4      0      -      -      0    775    761
    1    332     74      -    100     88      0      0      0      0   9501   1875      0      0  23289  23289      0      -      -      0    720    748
    0    363     60      -    100     88      0      0      0      0   9501   1950      0      0  23289      4      0      -      -      0    767    751
    1    347     74      -    100     88      0      0      0      0   9501   1875      0      0  23289  23289      0      -      -      0    720    748
    0    360     60      -    100     88      0      0      0      0   9501   1950      0      0  23289      4      0      -      -      0    785    757
    1    347     74      -    100     88      0      0      0      0   9501   1875      0      0  23289  23289      0      -      -      0    720    748
    0    361     60      -    100     88      0      0      0      0   9501   1950      0      0  23289      4      0      -      -      0    757    759
    1    348     74      -    100     88      0      0      0      0   9501   1875      0      0  23289  23289      0      -      -      0    729    748
    0    365     61      -    100     89      0      0      0      0   9501   1950      0      0  23289      4      0      -      -      0    774    754
    1    349     74      -    100     89      0      0      0      0   9501   1875      0      0  23289  23289      0      -      -      0    720    740
    0    373     60      -    100     88      0      0      0      0   9501   1950      0      0  23289      4      0      -      -      0   1691    744
    1    343     74      -    100     88      0      0      0      0   9501   1875      0      0  23289  23289      0      -      -      0    720    749
    0    350     61      -    100     88      0      0      0      0   9501   1950      0      0  23289      4      0      -      -      0   2830   3056
    1    328     74      -    100     88      0      0      0      0   9501   1875      0      0  23289  23289      0      -      -      0   2555   2883
    0    347     61      -    100     18      0      0      0      0   9501   1950      0      0  23289      4      0      -      -      0    741    731
    1    328     74      -    100     44      0      0      0      0   9501   1875      0      0  23289  23289      0      -      -      0    697    776
    0    363     61      -    100     88      0      0      0      0   9501   1950      0      0  23289      4      0      -      -      0    745    758
    1    342     74      -    100     88      0      0      0      0   9501   1875      0      0  23289  23289      0      -      -      0    736    748
    0    338     60      -    100     61      0      0      0      0   9501   1950      0      0  23289      4      0      -      -      0    791    750
    1    322     74      -    100     88      0      0      0      0   9501   1875      0      0  23289  23289      0      -      -      0    720    748
    0    361     60      -    100     88      0      0      0      0   9501   1950      0      0  23289      4      0      -      -      0    774    755
    1    346     74      -    100     88      0      0      0      0   9501   1875      0      0  23289  23289      0      -      -      0    712    738
    0    361     60      -    100     88      0      0      0      0   9501   1950      0      0  23289      4      0      -      -      0    756    704
    1    347     74      -    100     88      0      0      0      0   9501   1875      0      0  23289  23289      0      -      -      0    708    729
    0    357     60      -    100     29      0      0      0      0   9501   1950      0      0  23289      4      0      -      -      0   1909   1802
    1    341     74      -    100     18      0      0      0      0   9501   1875      0      0  23289  23289      0      -      -      0    728    748
    0    346     60      -    100     88      0      0      0      0   9501   1950      0      0  23289      4      0      -      -      0    768    752
    1    336     74      -    100     88      0      0      0      0   9501   1875      0      0  23289  23289      0      -      -      0    729    748
    0    361     60      -    100     88      0      0      0      0   9501   1950      0      0  23289      4      0      -      -      0    764    740
    1    347     74      -    100     88      0      0      0      0   9501   1875      0      0  23289  23289      0      -      -      0    681    717
    0    351     61      -    100     88      0      0      0      0   9501   1950      0      0  23289      4      0      -      -      0    772    754
    1    332     74      -    100     52      0      0      0      0   9501   1875      0      0  23289  23289      0      -      -      0    720    748
    0    359     61      -    100     88      0      0      0      0   9501   1950      0      0  23289      4      0      -      -      0   2750   3061
    1    342     74      -    100     88      0      0      0      0   9501   1875      0      0  23289  23289      0      -      -      0   2427   3175
# gpu    pwr  gtemp  mtemp     sm    mem    enc    dec    jpg    ofa   mclk   pclk  pviol  tviol     fb   bar1   ccpm  sbecc  dbecc    pci  rxpci  txpci
# Idx      W      C      C      %      %      %      %      %      %    MHz    MHz      %   bool     MB     MB     MB   errs   errs   errs   MB/s   MB/s
    0    355     61      -    100     45      0      0      0      0   9501   1950      0      0  23289      4      0      -      -      0    779    761
    1    339     74      -    100     88      0      0      0      0   9501   1875      0      0  23289  23289      0      -      -      0    728    748
    0    369     61      -    100     88      0      0      0      0   9501   1950      0      0  23289      4      0      -      -      0    789    754
    1    348     74      -    100     88      0      0      0      0   9501   1875      0      0  23289  23289      0      -      -      0    720    748
    0    364     61      -    100     88      0      0      0      0   9501   1950      0      0  23289      4      0      -      -      0    765    752
    1    348     74      -    100     88      0      0      0      0   9501   1875      0      0  23289  23289      0      -      -      0    720    744
    0    372     61      -    100     89      0      0      0      0   9501   1950      0      0  23289      4      0      -      -      0    753    750
    1    348     74      -    100     89      0      0      0      0   9501   1875      0      0  23289  23289      0      -      -      0    720    746
    0    358     61      -    100     51      0      0      0      0   9501   1950      0      0  23289      4      0      -      -      0   2596   2621
    1    334     74      -    100     88      0      0      0      0   9501   1875      0      0  23289  23289      0      -      -      0   2593   3026
    0    358     61      -    100     88      0      0      0      0   9501   1950      0      0  23289      4      0      -      -      0    766    752
    1    334     74      -    100     88      0      0      0      0   9501   1875      0      0  23289  23289      0      -      -      0    728    748
    0    371     61      -    100     88      0      0      0      0   9501   1950      0      0  23289      4      0      -      -      0    762    751
    1    347     74      -    100     88      0      0      0      0   9501   1875      0      0  23289  23289      0      -      -      0    719    748
    0    363     61      -    100     88      0      0      0      0   9501   1950      0      0  23289      4      0      -      -      0    781   3129
    1    348     74      -    100     88      0      0      0      0   9501   1875      0      0  23289  23289      0      -      -      0   2664   2881
    0    345     60      -    100     35      0      0      0      0   9501   1950      0      0  23289      4      0      -      -      0   1763    754
    1    326     74      -    100     78      0      0      0      0   9501   1875      0      0  23289  23289      0      -      -      0    719    750
    0    356     60      -    100     88      0      0      0      0   9501   1950      0      0  23289      4      0      -      -      0   2790   3017
    1    335     74      -    100     88      0      0      0      0   9501   1875      0      0  23289  23289      0      -      -      0   2679    748
    0    352     60      -    100     51      0      0      0      0   9501   1950      0      0  23289      4      0      -      -      0    777    752
    1    334     74      -    100     88      0      0      0      0   9501   1875      0      0  23289  23289      0      -      -      0    721    749
    0    348     60      -    100     18      0      0      0      0   9501   1950      0      0  23289      4      0      -      -      0    718    721
    1    335     74      -    100     34      0      0      0      0   9501   1875      0      0  23289  23289      0      -      -      0    697    767
    0    360     60      -    100     88      0      0      0      0   9501   1950      0      0  23289      4      0      -      -      0    764    754
    1    345     74      -    100     88      0      0      0      0   9501   1875      0      0  23289  23289      0      -      -      0    733   1185
    0    348     60      -    100     88      0      0      0      0   9501   1950      0      0  23289      4      0      -      -      0    763    725
    1    332     74      -    100     64      0      0      0      0   9501   1875      0      0  23289  23289      0      -      -      0    735    726
    0    346     60      -    100     89      0      0      0      0   9501   1950      0      0  23289      4      0      -      -      0    776    758
    1    332     74      -    100     89      0      0      0      0   9501   1875      0      0  23289  23289      0      -      -      0    753    757
    0    362     60      -    100     89      0      0      0      0   9501   1950      0      0  23289      4      0      -      -      0    763    762
    1    348     74      -    100     89      0      0      0      0   9501   1875      0      0  23289  23289      0      -      -      0    729    757
    0    362     61      -    100     89      0      0      0      0   9501   1950      0      0  23289      4      0      -      -      0    773    760
    1    348     74      -    100     89      0      0      0      0   9501   1875      0      0  23289  23289      0      -      -      0    728    758
    0    362     61      -    100     88      0      0      0      0   9501   1950      0      0  23289      4      0      -      -      0    776    754
    1    348     74      -    100     88      0      0      0      0   9501   1875      0      0  23289  23289      0      -      -      0    728    748
    0    363     61      -    100     88      0      0      0      0   9501   1950      0      0  23289      4      0      -      -      0    780    762
    1    348     74      -    100     88      0      0      0      0   9501   1875      0      0  23289  23289      0      -      -      0    719    751
    0    372     61      -    100     88      0      0      0      0   9501   1950      0      0  23289      4      0      -      -      0    772    752
    1    349     74      -    100     89      0      0      0      0   9501   1875      0      0  23289  23289      0      -      -      0    711    739
    0    367     62      -    100     88      0      0      0      0   9501   1950      0      0  23289      4      0      -      -      0    774    762
    1    340     74      -    100     88      0      0      0      0   9501   1875      0      0  23289  23289      0      -      -      0    716    748
    0    356     62      -    100     88      0      0      0      0   9501   1950      0      0  23289      4      0      -      -      0    747    753
    1    333     74      -    100     89      0      0      0      0   9501   1875      0      0  23289  23289      0      -      -      0    719    748
# gpu    pwr  gtemp  mtemp     sm    mem    enc    dec    jpg    ofa   mclk   pclk  pviol  tviol     fb   bar1   ccpm  sbecc  dbecc    pci  rxpci  txpci
# Idx      W      C      C      %      %      %      %      %      %    MHz    MHz      %   bool     MB     MB     MB   errs   errs   errs   MB/s   MB/s
    0    374     61      -    100     88      0      0      0      0   9501   1950      0      0  23289      4      0      -      -      0    748    743
    1    347     74      -    100     88      0      0      0      0   9501   1875      0      0  23289  23289      0      -      -      0    720    706
    0    350     61      -    100     66      0      0      0      0   9501   1950      0      0  23289      4      0      -      -      0    767    763
    1    326     74      -    100     58      0      0      0      0   9501   1875      0      0  23289  23289      0      -      -      0    728    748
    0    362     61      -    100     88      0      0      0      0   9501   1950      0      0  23289      4      0      -      -      0    761    755
    1    347     74      -    100     88      0      0      0      0   9501   1875      0      0  23289  23289      0      -      -      0    724    748
    0    361     60      -    100     88      0      0      0      0   9501   1950      0      0  23289      4      0      -      -      0   2384   3115
    1    347     74      -    100     88      0      0      0      0   9501   1875      0      0  23289  23289      0      -      -      0   2675   2893
    0    347     60      -    100     18      0      0      0      0   9501   1950      0      0  23289      4      0      -      -      0    760    754
    1    329     74      -    100     32      0      0      0      0   9501   1875      0      0  23289  23289      0      -      -      0    720    750
    0    340     60      -    100     17      0      0      0      0   9501   1950      0      0  23289      4      0      -      -      0    761    761
    1    328     74      -    100     57      0      0      0      0   9501   1875      0      0  23289  23289      0      -      -      0    728    726
    0    349     60      -    100     88      0      0      0      0   9501   1950      0      0  23289      4      0      -      -      0    782    756
    1    340     74      -    100     88      0      0      0      0   9501   1875      0      0  23289  23289      0      -      -      0    729    757
    0    362     60      -    100     88      0      0      0      0   9501   1950      0      0  23289      4      0      -      -      0    787    754
    1    348     74      -    100     88      0      0      0      0   9501   1875      0      0  23289  23289      0      -      -      0    728    748
    0    361     60      -    100     88      0      0      0      0   9501   1950      0      0  23289      4      0      -      -      0    775    756
    1    348     74      -    100     88      0      0      0      0   9501   1875      0      0  23289  23289      0      -      -      0    718    748
    0    362     60      -    100     88      0      0      0      0   9501   1950      0      0  23289      4      0      -      -      0   2566   2774
    1    348     74      -    100     88      0      0      0      0   9501   1875      0      0  23289  23289      0      -      -      0   2552   2771
    0    350     61      -    100     17      0      0      0      0   9501   1950      0      0  23289      4      0      -      -      0    736    751
    1    332     74      -    100     60      0      0      0      0   9501   1875      0      0  23289  23289      0      -      -      0    720    748
    0    371     61      -    100     88      0      0      0      0   9501   1950      0      0  23289      4      0      -      -      0    777    762
    1    348     74      -    100     88      0      0      0      0   9501   1875      0      0  23289  23289      0      -      -      0    734   1301
    0    349     61      -    100     89      0      0      0      0   9501   1950      0      0  23289      4      0      -      -      0   2521   2723
    1    336     74      -    100     76      0      0      0      0   9501   1875      0      0  23289  23289      0      -      -      0   2517   2722
    0    350     61      -    100     50      0      0      0      0   9501   1950      0      0  23289      4      0      -      -      0    782    752
    1    325     74      -    100     76      0      0      0      0   9501   1875      0      0  23289  23289      0      -      -      0    720    748
    0    359     61      -    100     88      0      0      0      0   9501   1950      0      0  23289      4      0      -      -      0    764    758
    1    343     74      -    100     88      0      0      0      0   9501   1875      0      0  23289  23289      0      -      -      0    724    748
    0    362     61      -    100     88      0      0      0      0   9501   1950      0      0  23289      4      0      -      -      0    748    752
    1    348     74      -    100     88      0      0      0      0   9501   1875      0      0  23289  23289      0      -      -      0    720    751
    0    362     61      -    100     88      0      0      0      0   9501   1950      0      0  23289      4      0      -      -      0    791    753
    1    348     74      -    100     88      0      0      0      0   9501   1875      0      0  23289  23289      0      -      -      0    728    748
    0    364     61      -    100     89      0      0      0      0   9501   1950      0      0  23289      4      0      -      -      0    772    754
    1    348     74      -    100     88      0      0      0      0   9501   1875      0      0  23289  23289      0      -      -      0    720    758
    0    352     61      -    100     31      0      0      0      0   9501   1950      0      0  23289      4      0      -      -      0    749    753
    1    326     74      -    100     17      0      0      0      0   9501   1875      0      0  23289  23289      0      -      -      0    725   1268
    0    357     61      -    100     88      0      0      0      0   9501   1950      0      0  23289      4      0      -      -      0   2533   2736
    1    337     74      -    100     88      0      0      0      0   9501   1875      0      0  23289  23289      0      -      -      0    728    750
    0    350     61      -    100     34      0      0      0      0   9501   1950      0      0  23289      4      0      -      -      0    732    782
    1    335     74      -    100     79      0      0      0      0   9501   1875      0      0  23289  23289      0      -      -      0    706    776
    0    362     61      -    100     89      0      0      0      0   9501   1950      0      0  23289      4      0      -      -      0    768    744
    1    349     74      -    100     89      0      0      0      0   9501   1875      0      0  23289  23289      0      -      -      0    720    750
# gpu    pwr  gtemp  mtemp     sm    mem    enc    dec    jpg    ofa   mclk   pclk  pviol  tviol     fb   bar1   ccpm  sbecc  dbecc    pci  rxpci  txpci
# Idx      W      C      C      %      %      %      %      %      %    MHz    MHz      %   bool     MB     MB     MB   errs   errs   errs   MB/s   MB/s
    0    361     60      -    100     88      0      0      0      0   9501   1950      0      0  23289      4      0      -      -      0    768    751
    1    348     74      -    100     88      0      0      0      0   9501   1875      0      0  23289  23289      0      -      -      0    719    717
    0    354     61      -    100     80      0      0      0      0   9501   1950      0      0  23289      4      0      -      -      0    785    753
    1    337     74      -    100     88      0      0      0      0   9501   1875      0      0  23289  23289      0      -      -      0   2280   2528
    0    364     61      -    100     88      0      0      0      0   9501   1950      0      0  23289      4      0      -      -      0    759    758
    1    343     74      -    100     88      0      0      0      0   9501   1875      0      0  23289  23289      0      -      -      0    728    748
    0    359     61      -    100     80      0      0      0      0   9501   1950      0      0  23289      4      0      -      -      0    693    720
    1    338     74      -    100     62      0      0      0      0   9501   1875      0      0  23289  23289      0      -      -      0    697    753
    0    362     61      -    100     88      0      0      0      0   9501   1950      0      0  23289      4      0      -      -      0    760    752
    1    342     74      -    100     87      0      0      0      0   9501   1875      0      0  23289  23289      0      -      -      0    714    748
    0    363     61      -    100     88      0      0      0      0   9501   1950      0      0  23289      4      0      -      -      0    760    747
    1    347     74      -    100     88      0      0      0      0   9501   1875      0      0  23289  23289      0      -      -      0    721    758
    0    363     61      -    100     88      0      0      0      0   9501   1950      0      0  23289      4      0      -      -      0    758    743
    1    348     74      -    100     88      0      0      0      0   9501   1875      0      0  23289  23289      0      -      -      0    720    739
    0    355     61      -    100     41      0      0      0      0   9501   1950      0      0  23289      4      0      -      -      0    753    750
    1    335     74      -    100     18      0      0      0      0   9501   1875      0      0  23289  23289      0      -      -      0    720    751
    0    354     60      -    100     41      0      0      0      0   9501   1950      0      0  23289      4      0      -      -      0   1412   2711
    1    332     74      -    100     17      0      0      0      0   9501   1875      0      0  23289  23289      0      -      -      0   2563   2716
    0    346     61      -    100     17      0      0      0      0   9501   1950      0      0  23289      4      0      -      -      0    769    753
    1    332     74      -    100     17      0      0      0      0   9501   1875      0      0  23289  23289      0      -      -      0    720    749
    0    362     61      -    100     88      0      0      0      0   9501   1950      0      0  23289      4      0      -      -      0    745    754
    1    347     74      -    100     89      0      0      0      0   9501   1875      0      0  23289  23289      0      -      -      0    706    748
    0    362     60      -    100     89      0      0      0      0   9501   1950      0      0  23289      4      0      -      -      0    721    788
    1    348     74      -    100     89      0      0      0      0   9501   1875      0      0  23289  23289      0      -      -      0    698    722
    0    350     60      -    100     88      0      0      0      0   9501   1950      0      0  23289      4      0      -      -      0    796   1979
    1    335     74      -    100     88      0      0      0      0   9501   1875      0      0  23289  23289      0      -      -      0   2541   2477
    0    349     60      -    100     88      0      0      0      0   9501   1950      0      0  23289      4      0      -      -      0    760    754
    1    333     74      -    100     88      0      0      0      0   9501   1875      0      0  23289  23289      0      -      -      0    719    748
    0    352     60      -    100     17      0      0      0      0   9501   1950      0      0  23289      4      0      -      -      0    765    755
    1    337     74      -    100     50      0      0      0      0   9501   1875      0      0  23289  23289      0      -      -      0    720    748
    0    348     60      -    100     48      0      0      0      0   9501   1950      0      0  23289      4      0      -      -      0    779    732
    1    334     74      -    100     18      0      0      0      0   9501   1875      0      0  23289  23289      0      -      -      0    698    776
    0    346     61      -    100     88      0      0      0      0   9501   1950      0      0  23289      4      0      -      -      0    800   1257
    1    335     74      -    100     88      0      0      0      0   9501   1875      0      0  23289  23289      0      -      -      0   2276   2450
    0    353     61      -    100     89      0      0      0      0   9501   1950      0      0  23289      4      0      -      -      0    766    761
    1    343     74      -    100     88      0      0      0      0   9501   1875      0      0  23289  23289      0      -      -      0    728    748
    0    362     61      -    100     88      0      0      0      0   9501   1950      0      0  23289      4      0      -      -      0    747    752
    1    348     74      -    100     88      0      0      0      0   9501   1875      0      0  23289  23289      0      -      -      0    720    753
    0    362     61      -    100     88      0      0      0      0   9501   1950      0      0  23289      4      0      -      -      0    770    753
    1    348     74      -    100     88      0      0      0      0   9501   1875      0      0  23289  23289      0      -      -      0    716    748
    0    353     61      -    100     88      0      0      0      0   9501   1950      0      0  23289      4      0      -      -      0    807    753
    1    336     74      -    100     88      0      0      0      0   9501   1875      0      0  23289  23289      0      -      -      0    720    748
    0    353     62      -    100     88      0      0      0      0   9501   1950      0      0  23289      4      0      -      -      0    780    762
    1    334     74      -    100     88      0      0      0      0   9501   1875      0      0  23289  23289      0      -      -      0    728    748
# gpu    pwr  gtemp  mtemp     sm    mem    enc    dec    jpg    ofa   mclk   pclk  pviol  tviol     fb   bar1   ccpm  sbecc  dbecc    pci  rxpci  txpci
# Idx      W      C      C      %      %      %      %      %      %    MHz    MHz      %   bool     MB     MB     MB   errs   errs   errs   MB/s   MB/s
    0    371     62      -    100     89      0      0      0      0   9501   1950      0      0  23289      4      0      -      -      0    758    751
    1    349     74      -    100     89      0      0      0      0   9501   1875      0      0  23289  23289      0      -      -      0    729    757
    0    364     62      -    100     88      0      0      0      0   9501   1950      0      0  23289      4      0      -      -      0   2720   2499
    1    348     74      -    100     88      0      0      0      0   9501   1875      0      0  23289  23289      0      -      -      0   2649   2865
    0    351     62      -    100     88      0      0      0      0   9501   1950      0      0  23289      4      0      -      -      0    773    751
    1    333     74      -    100     88      0      0      0      0   9501   1875      0      0  23289  23289      0      -      -      0    719    748
    0    375     62      -    100     88      0      0      0      0   9501   1950      0      0  23289      4      0      -      -      0    741    729
    1    347     74      -    100     88      0      0      0      0   9501   1875      0      0  23289  23289      0      -      -      0    689    767
    0    373     61      -    100     88      0      0      0      0   9501   1950      0      0  23289      4      0      -      -      0    779    761
    1    348     74      -    100     88      0      0      0      0   9501   1875      0      0  23289  23289      0      -      -      0    720    739
    0    362     61      -    100     88      0      0      0      0   9501   1950      0      0  23289      4      0      -      -      0   1909   1188
    1    335     74      -    100     88      0      0      0      0   9501   1875      0      0  23289  23289      0      -      -      0    728    748
    0    351     61      -    100     88      0      0      0      0   9501   1950      0      0  23289      4      0      -      -      0    728    782
    1    328     74      -    100     70      0      0      0      0   9501   1875      0      0  23289  23289      0      -      -      0    697    753
    0    371     60      -    100     88      0      0      0      0   9501   1950      0      0  23289      4      0      -      -      0    723    782
    1    346     74      -    100     88      0      0      0      0   9501   1875      0      0  23289  23289      0      -      -      0    698    748
    0    363     60      -    100     88      0      0      0      0   9501   1950      0      0  23289      4      0      -      -      0   2593   2801
    1    348     74      -    100     88      0      0      0      0   9501   1875      0      0  23289  23289      0      -      -      0   2755   2800
    0    348     60      -    100     18      0      0      0      0   9501   1950      0      0  23289      4      0      -      -      0   2618   2830
    1    335     74      -    100     43      0      0      0      0   9501   1875      0      0  23289  23289      0      -      -      0    726    726
    0    347     59      -    100     17      0      0      0      0   9501   1950      0      0  23289      4      0      -      -      0    800    759
    1    333     74      -    100     49      0      0      0      0   9501   1875      0      0  23289  23289      0      -      -      0    728    748
    0    360     59      -    100     88      0      0      0      0   9501   1950      0      0  23289      4      0      -      -      0    752    756
    1    348     74      -    100     88      0      0      0      0   9501   1875      0      0  23289  23289      0      -      -      0    719    748
    0    361     59      -    100     88      0      0      0      0   9501   1950      0      0  23289      4      0      -      -      0    745    754
    1    348     74      -    100     88      0      0      0      0   9501   1875      0      0  23289  23289      0      -      -      0    719    748
    0    360     60      -    100     88      0      0      0      0   9501   1950      0      0  23289      4      0      -      -      0    760    754
    1    348     74      -    100     88      0      0      0      0   9501   1875      0      0  23289  23289      0      -      -      0    719    749
    0    353     60      -    100     19      0      0      0      0   9501   1950      0      0  23289      4      0      -      -      0    767    740
    1    341     74      -    100     18      0      0      0      0   9501   1875      0      0  23289  23289      0      -      -      0    699    748
    0    358     60      -    100     88      0      0      0      0   9501   1950      0      0  23289      4      0      -      -      0    760    751
    1    339     74      -    100     88      0      0      0      0   9501   1875      0      0  23289  23289      0      -      -      0    718    755
    0    362     60      -    100     88      0      0      0      0   9501   1950      0      0  23289      4      0      -      -      0   2570   2777
    1    348     74      -    100     88      0      0      0      0   9501   1875      0      0  23289  23289      0      -      -      0   2567   2776
    0    350     61      -    100     26      0      0      0      0   9501   1950      0      0  23289      4      0      -      -      0    769    750
    1    335     74      -    100     32      0      0      0      0   9501   1875      0      0  23289  23289      0      -      -      0    720    748
    0    361     61      -    100     89      0      0      0      0   9501   1950      0      0  23289      4      0      -      -      0    741    754
    1    341     74      -    100     89      0      0      0      0   9501   1875      0      0  23289  23289      0      -      -      0    728    748
    0    346     61      -    100     89      0      0      0      0   9501   1950      0      0  23289      4      0      -      -      0    761    763
    1    333     74      -    100     88      0      0      0      0   9501   1875      0      0  23289  23289      0      -      -      0    720    749
    0    356     61      -    100     88      0      0      0      0   9501   1950      0      0  23289      4      0      -      -      0    749    752
    1    342     74      -    100     88      0      0      0      0   9501   1875      0      0  23289  23289      0      -      -      0    720    750
    0    362     61      -    100     88      0      0      0      0   9501   1950      0      0  23289      4      0      -      -      0    756    754
    1    348     74      -    100     88      0      0      0      0   9501   1875      0      0  23289  23289      0      -      -      0    720    752
# gpu    pwr  gtemp  mtemp     sm    mem    enc    dec    jpg    ofa   mclk   pclk  pviol  tviol     fb   bar1   ccpm  sbecc  dbecc    pci  rxpci  txpci
# Idx      W      C      C      %      %      %      %      %      %    MHz    MHz      %   bool     MB     MB     MB   errs   errs   errs   MB/s   MB/s
    0    348     61      -    100     36      0      0      0      0   9501   1950      0      0  23289      4      0      -      -      0    789    754
    1    333     74      -    100     42      0      0      0      0   9501   1875      0      0  23289  23289      0      -      -      0    720    757
    0    356     61      -    100     19      0      0      0      0   9501   1950      0      0  23289      4      0      -      -      0   2693   2913
    1    340     74      -    100     26      0      0      0      0   9501   1875      0      0  23289  23289      0      -      -      0   2320    740
    0    327     61      -    100     88      0      0      0      0   9501   1950      0      0  23289      4      0      -      -      0    765    752
    1    312     74      -    100     88      0      0      0      0   9501   1875      0      0  23289  23289      0      -      -      0    719    748
    0    360     61      -    100     87      0      0      0      0   9501   1950      0      0  23289      4      0      -      -      0    745    760
    1    346     74      -    100     88      0      0      0      0   9501   1875      0      0  23289  23289      0      -      -      0    718    748
    0    362     61      -    100     88      0      0      0      0   9501   1950      0      0  23289      4      0      -      -      0    772    754
    1    346     74      -    100     88      0      0      0      0   9501   1875      0      0  23289  23289      0      -      -      0    716    749
    0    349     61      -    100     88      0      0      0      0   9501   1950      0      0  23289      4      0      -      -      0    767    760
    1    334     74      -    100     88      0      0      0      0   9501   1875      0      0  23289  23289      0      -      -      0    729    758
    0    363     61      -    100     89      0      0      0      0   9501   1950      0      0  23289      4      0      -      -      0    760    755
    1    348     74      -    100     89      0      0      0      0   9501   1875      0      0  23289  23289      0      -      -      0    728    758
    0    363     61      -    100     89      0      0      0      0   9501   1950      0      0  23289      4      0      -      -      0    790    753
    1    348     74      -    100     89      0      0      0      0   9501   1875      0      0  23289  23289      0      -      -      0    720    751
    0    366     62      -    100     88      0      0      0      0   9501   1950      0      0  23289      4      0      -      -      0   2518   2626
    1    348     74      -    100     88      0      0      0      0   9501   1875      0      0  23289  23289      0      -      -      0   2496   2510
    0    365     62      -    100     88      0      0      0      0   9501   1950      0      0  23289      4      0      -      -      0    756    751
    1    334     74      -    100     18      0      0      0      0   9501   1875      0      0  23289  23289      0      -      -      0    729    748
    0    375     62      -    100     88      0      0      0      0   9501   1950      0      0  23289      4      0      -      -      0    760    744
    1    348     74      -    100     88      0      0      0      0   9501   1875      0      0  23289  23289      0      -      -      0    720    750
    0    356     62      -    100     88      0      0      0      0   9501   1950      0      0  23289      4      0      -      -      0    760    752
    1    334     74      -    100     88      0      0      0      0   9501   1875      0      0  23289  23289      0      -      -      0    722    748
    0    375     62      -    100     88      0      0      0      0   9501   1950      0      0  23289      4      0      -      -      0    752    752
    1    347     74      -    100     88      0      0      0      0   9501   1875      0      0  23289  23289      0      -      -      0    725   1190
    0    340     61      -    100     18      0      0      0      0   9501   1950      0      0  23289      4      0      -      -      0    773    752
    1    324     74      -    100     18      0      0      0      0   9501   1875      0      0  23289  23289      0      -      -      0    720    754
    0    354     61      -    100     88      0      0      0      0   9501   1950      0      0  23289      4      0      -      -      0    783    751
    1    336     74      -    100     88      0      0      0      0   9501   1875      0      0  23289  23289      0      -      -      0    720    753
    0    354     60      -    100     88      0      0      0      0   9501   1950      0      0  23289      4      0      -      -      0    775    760
    1    341     74      -    100     88      0      0      0      0   9501   1875      0      0  23289  23289      0      -      -      0   1171   2400
    0    354     60      -    100     88      0      0      0      0   9501   1950      0      0  23289      4      0      -      -      0   2650   2864
    1    337     74      -    100     88      0      0      0      0   9501   1875      0      0  23289  23289      0      -      -      0   2647   2863
    0    353     60      -    100     47      0      0      0      0   9501   1950      0      0  23289      4      0      -      -      0    754    752
    1    331     74      -    100     53      0      0      0      0   9501   1875      0      0  23289  23289      0      -      -      0    719    751
    0    364     60      -    100     88      0      0      0      0   9501   1950      0      0  23289      4      0      -      -      0    740    706
    1    347     74      -    100     88      0      0      0      0   9501   1875      0      0  23289  23289      0      -      -      0    717    726
    0    361     60      -    100     88      0      0      0      0   9501   1950      0      0  23289      4      0      -      -      0    766    753
    1    347     74      -    100     88      0      0      0      0   9501   1875      0      0  23289  23289      0      -      -      0    690    748
    0    362     60      -    100     72      0      0      0      0   9501   1950      0      0  23289      4      0      -      -      0   2699   2916
    1    347     74      -    100     79      0      0      0      0   9501   1875      0      0  23289  23289      0      -      -      0   2695   2903
    0    353     60      -    100     88      0      0      0      0   9501   1950      0      0  23289      4      0      -      -      0    774    755
    1    334     74      -    100     88      0      0      0      0   9501   1875      0      0  23289  23289      0      -      -      0    729    749
# gpu    pwr  gtemp  mtemp     sm    mem    enc    dec    jpg    ofa   mclk   pclk  pviol  tviol     fb   bar1   ccpm  sbecc  dbecc    pci  rxpci  txpci
# Idx      W      C      C      %      %      %      %      %      %    MHz    MHz      %   bool     MB     MB     MB   errs   errs   errs   MB/s   MB/s
    0    364     60      -    100     88      0      0      0      0   9501   1950      0      0  23289      4      0      -      -      0    753    762
    1    340     74      -    100     88      0      0      0      0   9501   1875      0      0  23289  23289      0      -      -      0    723    748
    0    365     60      -    100     84      0      0      0      0   9501   1950      0      0  23289      4      0      -      -      0    744    754
    1    348     74      -    100     88      0      0      0      0   9501   1875      0      0  23289  23289      0      -      -      0    729    713
    0    350     61      -    100     88      0      0      0      0   9501   1950      0      0  23289      4      0      -      -      0   1093   2672
    1    337     74      -    100     88      0      0      0      0   9501   1875      0      0  23289  23289      0      -      -      0   2266   2561
    0    351     60      -    100     88      0      0      0      0   9501   1950      0      0  23289      4      0      -      -      0    759    756
    1    337     74      -    100     88      0      0      0      0   9501   1875      0      0  23289  23289      0      -      -      0    725    748
    0    353     60      -    100     18      0      0      0      0   9501   1950      0      0  23289      4      0      -      -      0    762    770
    1    337     74      -    100     18      0      0      0      0   9501   1875      0      0  23289  23289      0      -      -      0    697    748
    0    353     60      -    100     88      0      0      0      0   9501   1950      0      0  23289      4      0      -      -      0   2621   2833
    1    339     75      -    100     88      0      0      0      0   9501   1875      0      0  23289  23289      0      -      -      0   2617   2832
    0    348     60      -    100     44      0      0      0      0   9501   1950      0      0  23289      4      0      -      -      0    765    738
    1    331     74      -    100     37      0      0      0      0   9501   1875      0      0  23289  23289      0      -      -      0    713    731
    0    361     60      -    100     88      0      0      0      0   9501   1950      0      0  23289      4      0      -      -      0    791    739
    1    347     74      -    100     88      0      0      0      0   9501   1875      0      0  23289  23289      0      -      -      0    705    731
    0    362     61      -    100     88      0      0      0      0   9501   1950      0      0  23289      4      0      -      -      0    755    743
    1    347     74      -    100     88      0      0      0      0   9501   1875      0      0  23289  23289      0      -      -      0    714    737
    0    363     61      -    100     88      0      0      0      0   9501   1950      0      0  23289      4      0      -      -      0    772    734
    1    348     74      -    100     88      0      0      0      0   9501   1875      0      0  23289  23289      0      -      -      0    708    731
    0    365     61      -    100     88      0      0      0      0   9501   1950      0      0  23289      4      0      -      -      0    779    742
    1    348     74      -    100     88      0      0      0      0   9501   1875      0      0  23289  23289      0      -      -      0    702    726
    0    368     61      -    100     70      0      0      0      0   9501   1950      0      0  23289      4      0      -      -      0    756    736
    1    346     74      -    100     77      0      0      0      0   9501   1875      0      0  23289  23289      0      -      -      0    714    731
    0    352     61      -    100     18      0      0      0      0   9501   1950      0      0  23289      4      0      -      -      0    788    733
    1    331     74      -    100     18      0      0      0      0   9501   1875      0      0  23289  23289      0      -      -      0    706    723
    0    363     61      -    100     88      0      0      0      0   9501   1950      0      0  23289      4      0      -      -      0    798    734
    1    340     74      -    100     89      0      0      0      0   9501   1875      0      0  23289  23289      0      -      -      0    723    733
    0    357     61      -    100     19      0      0      0      0   9501   1950      0      0  23289      4      0      -      -      0    491    401
    1    341     74      -    100     19      0      0      0      0   9501   1875      0      0  23289  23289      0      -      -      0    400    395
    0    364     61      -    100     91      0      0      0      0   9501   1950      0      0  23289      4      0      -      -      0    511    401
    1    348     74      -    100     91      0      0      0      0   9501   1875      0      0  23289  23289      0      -      -      0    397    395
    0    363     60      -    100     91      0      0      0      0   9501   1950      0      0  23289      4      0      -      -      0   2873   2702
    1    341     74      -    100     91      0      0      0      0   9501   1875      0      0  23289  23289      0      -      -      0   2304   2761
    0    351     60      -    100     19      0      0      0      0   9501   1950      0      0  23289      4      0      -      -      0    277    127
    1    325     75      -    100     18      0      0      0      0   9501   1875      0      0  23289  23289      0      -      -      0    141    115
    0    384     61      -    100     96      0      0      0      0   9501   1950      0      0  23289      4      0      -      -      0    269    127
    1    356     74      -    100     96      0      0      0      0   9501   1875      0      0  23289  23289      0      -      -      0    141    116
    0    374     60      -    100     96      0      0      0      0   9501   1950      0      0  23289      4      0      -      -      0    270    126
    1    356     74      -    100     96      0      0      0      0   9501   1875      0      0  23289  23289      0      -      -      0    141    117
    0    383     60      -    100     96      0      0      0      0   9501   1950      0      0  23289      4      0      -      -      0    266    126
    1    356     74      -    100     96      0      0      0      0   9501   1875      0      0  23289  23289      0      -      -      0    141    116
    0    385     60      -    100     96      0      0      0      0   9501   1950      0      0  23289      4      0      -      -      0    260    126
    1    356     75      -    100     96      0      0      0      0   9501   1875      0      0  23289  23289      0      -      -      0    141    116
# gpu    pwr  gtemp  mtemp     sm    mem    enc    dec    jpg    ofa   mclk   pclk  pviol  tviol     fb   bar1   ccpm  sbecc  dbecc    pci  rxpci  txpci
# Idx      W      C      C      %      %      %      %      %      %    MHz    MHz      %   bool     MB     MB     MB   errs   errs   errs   MB/s   MB/s
    0    384     60      -    100     96      0      0      0      0   9501   1950      0      0  23289      4      0      -      -      0    273    126
    1    356     74      -    100     96      0      0      0      0   9501   1875      0      0  23289  23289      0      -      -      0    141    115
    0    386     60      -    100     96      0      0      0      0   9501   1950      0      0  23289      4      0      -      -      0    265    126
    1    357     74      -    100     96      0      0      0      0   9501   1875      0      0  23289  23289      0      -      -      0    142    115
