# gpu    pwr  gtemp  mtemp     sm    mem    enc    dec    jpg    ofa   mclk   pclk     fb   bar1   ccpm
# Idx      W      C      C      %      %      %      %      %      %    MHz    MHz     MB     MB     MB
    0     25     33      -      0      0      0      0      0      0    405    210  23289      4      0
    1     10     46      -      0      0      0      0      0      0    405    210  23289  23289      0
    0     69     39      -      0      0      0      0      0      0   9501   1995  23289      4      0
    1     70     53      -      0      0      0      0      0      0   9501   1920  23289  23289      0
    0    323     44      -    100     89      0      0      0      0   9501   1980  23289      4      0
    1    311     56      -    100     88      0      0      0      0   9501   1920  23289  23289      0
    0    345     45      -    100     88      0      0      0      0   9501   1980  23289      4      0
    1    325     57      -    100     88      0      0      0      0   9501   1920  23289  23289      0
    0    346     45      -    100     89      0      0      0      0   9501   1980  23289      4      0
    1    327     58      -    100     89      0      0      0      0   9501   1920  23289  23289      0
    0    346     45      -    100     88      0      0      0      0   9501   1965  23289      4      0
    1    329     58      -    100     88      0      0      0      0   9501   1905  23289  23289      0
    0    343     45      -    100     89      0      0      0      0   9501   1965  23289      4      0
    1    330     59      -    100     89      0      0      0      0   9501   1905  23289  23289      0
    0    343     45      -    100     89      0      0      0      0   9501   1965  23289      4      0
    1    331     60      -    100     89      0      0      0      0   9501   1905  23289  23289      0
    0    344     45      -    100     89      0      0      0      0   9501   1965  23289      4      0
    1    333     60      -    100     89      0      0      0      0   9501   1905  23289  23289      0
    0    344     45      -    100     89      0      0      0      0   9501   1965  23289      4      0
    1    334     61      -    100     89      0      0      0      0   9501   1905  23289  23289      0
    0    343     45      -    100     89      0      0      0      0   9501   1965  23289      4      0
    1    333     61      -    100     89      0      0      0      0   9501   1905  23289  23289      0
    0    303     45      -    100     50      0      0      0      0   9501   1965  23289      4      0
    1    305     62      -    100     33      0      0      0      0   9501   1905  23289  23289      0
    0    318     46      -    100     88      0      0      0      0   9501   1965  23289      4      0
    1    308     62      -    100     88      0      0      0      0   9501   1905  23289  23289      0
    0    343     46      -    100     88      0      0      0      0   9501   1965  23289      4      0
    1    333     63      -    100     88      0      0      0      0   9501   1890  23289  23289      0
    0    343     46      -    100     88      0      0      0      0   9501   1965  23289      4      0
    1    330     63      -    100     88      0      0      0      0   9501   1890  23289  23289      0
    0    344     46      -    100     88      0      0      0      0   9501   1965  23289      4      0
    1    330     63      -    100     88      0      0      0      0   9501   1890  23289  23289      0
    0    344     47      -    100     88      0      0      0      0   9501   1965  23289      4      0
    1    331     64      -    100     89      0      0      0      0   9501   1890  23289  23289      0
    0    345     47      -    100     89      0      0      0      0   9501   1965  23289      4      0
    1    334     64      -    100     89      0      0      0      0   9501   1890  23289  23289      0
    0    346     47      -    100     89      0      0      0      0   9501   1965  23289      4      0
    1    333     65      -    100     89      0      0      0      0   9501   1890  23289  23289      0
    0    346     47      -    100     89      0      0      0      0   9501   1965  23289      4      0
    1    333     65      -    100     89      0      0      0      0   9501   1890  23289  23289      0
    0    346     48      -    100     88      0      0      0      0   9501   1965  23289      4      0
    1    333     65      -    100     88      0      0      0      0   9501   1890  23289  23289      0
    0    328     48      -    100     17      0      0      0      0   9501   1965  23289      4      0
    1    316     65      -    100     17      0      0      0      0   9501   1890  23289  23289      0
# gpu    pwr  gtemp  mtemp     sm    mem    enc    dec    jpg    ofa   mclk   pclk     fb   bar1   ccpm
# Idx      W      C      C      %      %      %      %      %      %    MHz    MHz     MB     MB     MB
    0    307     48      -    100     16      0      0      0      0   9501   1965  23289      4      0
    1    295     65      -    100     16      0      0      0      0   9501   1890  23289  23289      0
    0    325     48      -    100     88      0      0      0      0   9501   1965  23289      4      0
    1    313     66      -    100     88      0      0      0      0   9501   1890  23289  23289      0
    0    346     49      -    100     88      0      0      0      0   9501   1965  23289      4      0
    1    333     66      -    100     88      0      0      0      0   9501   1890  23289  23289      0
    0    346     49      -    100     88      0      0      0      0   9501   1965  23289      4      0
    1    334     66      -    100     88      0      0      0      0   9501   1890  23289  23289      0
    0    347     49      -    100     88      0      0      0      0   9501   1965  23289      4      0
    1    335     66      -    100     88      0      0      0      0   9501   1890  23289  23289      0
    0    347     49      -    100     89      0      0      0      0   9501   1965  23289      4      0
    1    335     66      -    100     88      0      0      0      0   9501   1890  23289  23289      0
    0    348     49      -    100     88      0      0      0      0   9501   1965  23289      4      0
    1    335     67      -    100     89      0      0      0      0   9501   1890  23289  23289      0
    0    348     50      -    100     89      0      0      0      0   9501   1965  23289      4      0
    1    336     67      -    100     89      0      0      0      0   9501   1890  23289  23289      0
    0    349     50      -    100     89      0      0      0      0   9501   1965  23289      4      0
    1    336     67      -    100     89      0      0      0      0   9501   1890  23289  23289      0
    0    348     50      -    100     88      0      0      0      0   9501   1980  23289      4      0
    1    336     67      -    100     88      0      0      0      0   9501   1890  23289  23289      0
    0    326     50      -    100     16      0      0      0      0   9501   1980  23289      4      0
    1    314     67      -    100     17      0      0      0      0   9501   1890  23289  23289      0
    0    306     50      -    100     23      0      0      0      0   9501   1980  23289      4      0
    1    295     67      -    100     22      0      0      0      0   9501   1890  23289  23289      0
    0    337     51      -    100     88      0      0      0      0   9501   1980  23289      4      0
    1    325     67      -    100     88      0      0      0      0   9501   1890  23289  23289      0
    0    347     51      -    100     88      0      0      0      0   9501   1980  23289      4      0
    1    336     67      -    100     88      0      0      0      0   9501   1890  23289  23289      0
    0    348     51      -    100     88      0      0      0      0   9501   1980  23289      4      0
    1    336     67      -    100     88      0      0      0      0   9501   1890  23289  23289      0
    0    349     51      -    100     88      0      0      0      0   9501   1980  23289      4      0
    1    337     67      -    100     89      0      0      0      0   9501   1890  23289  23289      0
    0    349     52      -    100     89      0      0      0      0   9501   1980  23289      4      0
    1    337     67      -    100     89      0      0      0      0   9501   1890  23289  23289      0
    0    350     52      -    100     89      0      0      0      0   9501   1980  23289      4      0
    1    337     68      -    100     89      0      0      0      0   9501   1890  23289  23289      0
    0    350     52      -    100     89      0      0      0      0   9501   1980  23289      4      0
    1    338     68      -    100     88      0      0      0      0   9501   1890  23289  23289      0
    0    351     52      -    100     89      0      0      0      0   9501   1980  23289      4      0
    1    338     68      -    100     88      0      0      0      0   9501   1890  23289  23289      0
    0    350     52      -    100     88      0      0      0      0   9501   1980  23289      4      0
    1    337     68      -    100     88      0      0      0      0   9501   1890  23289  23289      0
    0    314     53      -    100     18      0      0      0      0   9501   1980  23289      4      0
    1    305     68      -    100     18      0      0      0      0   9501   1890  23289  23289      0
# gpu    pwr  gtemp  mtemp     sm    mem    enc    dec    jpg    ofa   mclk   pclk     fb   bar1   ccpm
# Idx      W      C      C      %      %      %      %      %      %    MHz    MHz     MB     MB     MB
    0    306     52      -    100     22      0      0      0      0   9501   1980  23289      4      0
    1    297     68      -    100     22      0      0      0      0   9501   1890  23289  23289      0
    0    340     53      -    100     88      0      0      0      0   9501   1980  23289      4      0
    1    331     68      -    100     88      0      0      0      0   9501   1890  23289  23289      0
    0    350     53      -    100     88      0      0      0      0   9501   1980  23289      4      0
    1    341     68      -    100     88      0      0      0      0   9501   1890  23289  23289      0
    0    350     53      -    100     88      0      0      0      0   9501   1980  23289      4      0
    1    342     68      -    100     88      0      0      0      0   9501   1890  23289  23289      0
    0    351     54      -    100     89      0      0      0      0   9501   1980  23289      4      0
    1    342     69      -    100     89      0      0      0      0   9501   1890  23289  23289      0
    0    351     54      -    100     89      0      0      0      0   9501   1980  23289      4      0
    1    343     69      -    100     89      0      0      0      0   9501   1890  23289  23289      0
    0    352     54      -    100     89      0      0      0      0   9501   1980  23289      4      0
    1    343     69      -    100     89      0      0      0      0   9501   1890  23289  23289      0
    0    353     54      -    100     89      0      0      0      0   9501   1980  23289      4      0
    1    343     69      -    100     88      0      0      0      0   9501   1890  23289  23289      0
    0    353     54      -    100     89      0      0      0      0   9501   1980  23289      4      0
    1    343     69      -    100     89      0      0      0      0   9501   1890  23289  23289      0
    0    352     55      -    100     88      0      0      0      0   9501   1980  23289      4      0
    1    342     69      -    100     88      0      0      0      0   9501   1890  23289  23289      0
    0    316     55      -    100     19      0      0      0      0   9501   1980  23289      4      0
    1    306     69      -    100     18      0      0      0      0   9501   1890  23289  23289      0
    0    315     55      -    100     35      0      0      0      0   9501   1980  23289      4      0
    1    306     69      -    100     33      0      0      0      0   9501   1890  23289  23289      0
    0    341     55      -    100     88      0      0      0      0   9501   1980  23289      4      0
    1    331     69      -    100     88      0      0      0      0   9501   1890  23289  23289      0
    0    350     55      -    100     88      0      0      0      0   9501   1965  23289      4      0
    1    342     69      -    100     88      0      0      0      0   9501   1890  23289  23289      0
    0    349     55      -    100     88      0      0      0      0   9501   1965  23289      4      0
    1    343     69      -    100     88      0      0      0      0   9501   1890  23289  23289      0
    0    350     55      -    100     89      0      0      0      0   9501   1965  23289      4      0
    1    343     69      -    100     88      0      0      0      0   9501   1890  23289  23289      0
    0    350     56      -    100     88      0      0      0      0   9501   1965  23289      4      0
    1    344     69      -    100     89      0      0      0      0   9501   1890  23289  23289      0
    0    351     56      -    100     89      0      0      0      0   9501   1965  23289      4      0
    1    344     70      -    100     89      0      0      0      0   9501   1890  23289  23289      0
    0    351     56      -    100     89      0      0      0      0   9501   1965  23289      4      0
    1    345     70      -    100     89      0      0      0      0   9501   1890  23289  23289      0
    0    352     56      -    100     89      0      0      0      0   9501   1965  23289      4      0
    1    345     70      -    100     89      0      0      0      0   9501   1890  23289  23289      0
    0    350     56      -    100     70      0      0      0      0   9501   1965  23289      4      0
    1    343     69      -    100     68      0      0      0      0   9501   1890  23289  23289      0
    0    312     56      -    100     18      0      0      0      0   9501   1965  23289      4      0
    1    305     70      -    100     18      0      0      0      0   9501   1890  23289  23289      0
# gpu    pwr  gtemp  mtemp     sm    mem    enc    dec    jpg    ofa   mclk   pclk     fb   bar1   ccpm
# Idx      W      C      C      %      %      %      %      %      %    MHz    MHz     MB     MB     MB
    0    315     57      -    100     86      0      0      0      0   9501   1965  23289      4      0
    1    307     70      -    100     88      0      0      0      0   9501   1890  23289  23289      0
    0    350     57      -    100     88      0      0      0      0   9501   1965  23289      4      0
    1    343     70      -    100     88      0      0      0      0   9501   1890  23289  23289      0
    0    351     57      -    100     88      0      0      0      0   9501   1965  23289      4      0
    1    344     70      -    100     88      0      0      0      0   9501   1890  23289  23289      0
    0    352     57      -    100     88      0      0      0      0   9501   1965  23289      4      0
    1    344     70      -    100     88      0      0      0      0   9501   1890  23289  23289      0
    0    352     58      -    100     88      0      0      0      0   9501   1965  23289      4      0
    1    344     70      -    100     88      0      0      0      0   9501   1890  23289  23289      0
    0    353     58      -    100     89      0      0      0      0   9501   1965  23289      4      0
    1    344     70      -    100     89      0      0      0      0   9501   1890  23289  23289      0
    0    353     58      -    100     89      0      0      0      0   9501   1965  23289      4      0
    1    345     70      -    100     89      0      0      0      0   9501   1890  23289  23289      0
    0    353     58      -    100     89      0      0      0      0   9501   1965  23289      4      0
    1    346     70      -    100     89      0      0      0      0   9501   1890  23289  23289      0
    0    353     58      -    100     89      0      0      0      0   9501   1965  23289      4      0
    1    345     70      -    100     89      0      0      0      0   9501   1890  23289  23289      0
    0    334     58      -    100     18      0      0      0      0   9501   1965  23289      4      0
    1    325     70      -    100     18      0      0      0      0   9501   1890  23289  23289      0
    0    314     58      -    100     24      0      0      0      0   9501   1965  23289      4      0
    1    305     70      -    100     26      0      0      0      0   9501   1890  23289  23289      0
    0    334     59      -    100     54      0      0      0      0   9501   1965  23289      4      0
    1    325     71      -    100     56      0      0      0      0   9501   1890  23289  23289      0
    0    353     59      -    100     88      0      0      0      0   9501   1965  23289      4      0
    1    344     71      -    100     88      0      0      0      0   9501   1890  23289  23289      0
    0    354     59      -    100     88      0      0      0      0   9501   1965  23289      4      0
    1    345     71      -    100     88      0      0      0      0   9501   1890  23289  23289      0
    0    354     59      -    100     88      0      0      0      0   9501   1965  23289      4      0
    1    345     71      -    100     89      0      0      0      0   9501   1890  23289  23289      0
    0    355     59      -    100     88      0      0      0      0   9501   1965  23289      4      0
    1    345     71      -    100     88      0      0      0      0   9501   1890  23289  23289      0
    0    355     60      -    100     89      0      0      0      0   9501   1965  23289      4      0
    1    346     71      -    100     89      0      0      0      0   9501   1890  23289  23289      0
    0    356     60      -    100     89      0      0      0      0   9501   1965  23289      4      0
    1    346     71      -    100     89      0      0      0      0   9501   1890  23289  23289      0
    0    356     60      -    100     89      0      0      0      0   9501   1965  23289      4      0
    1    346     71      -    100     89      0      0      0      0   9501   1890  23289  23289      0
    0    356     60      -    100     88      0      0      0      0   9501   1965  23289      4      0
    1    345     71      -    100     88      0      0      0      0   9501   1890  23289  23289      0
    0    326     60      -    100     28      0      0      0      0   9501   1950  23289      4      0
    1    316     71      -    100     30      0      0      0      0   9501   1890  23289  23289      0
    0    313     60      -    100     19      0      0      0      0   9501   1950  23289      4      0
    1    302     71      -    100     19      0      0      0      0   9501   1890  23289  23289      0
# gpu    pwr  gtemp  mtemp     sm    mem    enc    dec    jpg    ofa   mclk   pclk     fb   bar1   ccpm
# Idx      W      C      C      %      %      %      %      %      %    MHz    MHz     MB     MB     MB
    0    340     61      -    100     68      0      0      0      0   9501   1950  23289      4      0
    1    327     71      -    100     71      0      0      0      0   9501   1890  23289  23289      0
    0    359     61      -    100     88      0      0      0      0   9501   1950  23289      4      0
    1    345     71      -    100     88      0      0      0      0   9501   1890  23289  23289      0
    0    360     61      -    100     88      0      0      0      0   9501   1950  23289      4      0
    1    345     71      -    100     88      0      0      0      0   9501   1890  23289  23289      0
    0    360     61      -    100     88      0      0      0      0   9501   1950  23289      4      0
    1    346     71      -    100     88      0      0      0      0   9501   1890  23289  23289      0
    0    361     61      -    100     89      0      0      0      0   9501   1950  23289      4      0
    1    346     71      -    100     88      0      0      0      0   9501   1890  23289  23289      0
    0    361     61      -    100     88      0      0      0      0   9501   1950  23289      4      0
    1    346     71      -    100     88      0      0      0      0   9501   1890  23289  23289      0
    0    362     62      -    100     88      0      0      0      0   9501   1950  23289      4      0
    1    347     71      -    100     89      0      0      0      0   9501   1890  23289  23289      0
    0    362     62      -    100     89      0      0      0      0   9501   1950  23289      4      0
    1    347     72      -    100     89      0      0      0      0   9501   1890  23289  23289      0
    0    361     62      -    100     88      0      0      0      0   9501   1950  23289      4      0
    1    346     71      -    100     89      0      0      0      0   9501   1890  23289  23289      0
    0    324     62      -    100     36      0      0      0      0   9501   1950  23289      4      0
    1    310     71      -    100     36      0      0      0      0   9501   1890  23289  23289      0
    0    316     62      -    100     21      0      0      0      0   9501   1950  23289      4      0
    1    303     71      -    100     21      0      0      0      0   9501   1890  23289  23289      0
    0    341     62      -    100     35      0      0      0      0   9501   1950  23289      4      0
    1    327     72      -    100     36      0      0      0      0   9501   1890  23289  23289      0
    0    361     63      -    100     88      0      0      0      0   9501   1950  23289      4      0
    1    346     72      -    100     88      0      0      0      0   9501   1890  23289  23289      0
    0    362     63      -    100     88      0      0      0      0   9501   1950  23289      4      0
    1    346     72      -    100     88      0      0      0      0   9501   1890  23289  23289      0
    0    363     63      -    100     88      0      0      0      0   9501   1950  23289      4      0
    1    347     72      -    100     88      0      0      0      0   9501   1890  23289  23289      0
    0    363     63      -    100     89      0      0      0      0   9501   1950  23289      4      0
    1    347     72      -    100     89      0      0      0      0   9501   1890  23289  23289      0
    0    364     63      -    100     89      0      0      0      0   9501   1950  23289      4      0
    1    347     72      -    100     89      0      0      0      0   9501   1890  23289  23289      0
    0    367     63      -    100     89      0      0      0      0   9501   1950  23289      4      0
    1    348     72      -    100     89      0      0      0      0   9501   1890  23289  23289      0
    0    365     64      -    100     89      0      0      0      0   9501   1950  23289      4      0
    1    348     72      -    100     89      0      0      0      0   9501   1890  23289  23289      0
    0    364     64      -    100     88      0      0      0      0   9501   1950  23289      4      0
    1    347     72      -    100     88      0      0      0      0   9501   1890  23289  23289      0
    0    328     63      -    100     34      0      0      0      0   9501   1950  23289      4      0
    1    312     72      -    100     36      0      0      0      0   9501   1890  23289  23289      0
    0    320     63      -    100     25      0      0      0      0   9501   1950  23289      4      0
    1    304     72      -    100     25      0      0      0      0   9501   1890  23289  23289      0
# gpu    pwr  gtemp  mtemp     sm    mem    enc    dec    jpg    ofa   mclk   pclk     fb   bar1   ccpm
# Idx      W      C      C      %      %      %      %      %      %    MHz    MHz     MB     MB     MB
    0    343     64      -    100     28      0      0      0      0   9501   1950  23289      4      0
    1    326     72      -    100     28      0      0      0      0   9501   1890  23289  23289      0
    0    364     64      -    100     88      0      0      0      0   9501   1950  23289      4      0
    1    346     72      -    100     88      0      0      0      0   9501   1890  23289  23289      0
    0    365     64      -    100     88      0      0      0      0   9501   1950  23289      4      0
    1    347     72      -    100     88      0      0      0      0   9501   1890  23289  23289      0
    0    365     64      -    100     88      0      0      0      0   9501   1950  23289      4      0
    1    347     72      -    100     88      0      0      0      0   9501   1890  23289  23289      0
    0    366     64      -    100     88      0      0      0      0   9501   1950  23289      4      0
    1    347     72      -    100     88      0      0      0      0   9501   1890  23289  23289      0
    0    366     64      -    100     88      0      0      0      0   9501   1950  23289      4      0
    1    347     72      -    100     89      0      0      0      0   9501   1890  23289  23289      0
    0    366     64      -    100     89      0      0      0      0   9501   1950  23289      4      0
    1    348     72      -    100     89      0      0      0      0   9501   1890  23289  23289      0
    0    366     64      -    100     89      0      0      0      0   9501   1950  23289      4      0
    1    348     72      -    100     89      0      0      0      0   9501   1890  23289  23289      0
    0    365     63      -    100     88      0      0      0      0   9501   1950  23289      4      0
    1    347     72      -    100     88      0      0      0      0   9501   1890  23289  23289      0
    0    331     63      -    100     56      0      0      0      0   9501   1950  23289      4      0
    1    314     72      -    100     58      0      0      0      0   9501   1890  23289  23289      0
    0    323     63      -    100     19      0      0      0      0   9501   1950  23289      4      0
    1    307     72      -    100     19      0      0      0      0   9501   1890  23289  23289      0
    0    349     63      -    100     88      0      0      0      0   9501   1950  23289      4      0
    1    332     72      -    100     88      0      0      0      0   9501   1890  23289  23289      0
    0    364     63      -    100     88      0      0      0      0   9501   1950  23289      4      0
    1    346     72      -    100     88      0      0      0      0   9501   1890  23289  23289      0
    0    365     63      -    100     88      0      0      0      0   9501   1950  23289      4      0
    1    347     72      -    100     88      0      0      0      0   9501   1890  23289  23289      0
    0    365     63      -    100     88      0      0      0      0   9501   1950  23289      4      0
    1    347     72      -    100     88      0      0      0      0   9501   1890  23289  23289      0
    0    365     63      -    100     89      0      0      0      0   9501   1950  23289      4      0
    1    347     72      -    100     89      0      0      0      0   9501   1890  23289  23289      0
    0    366     63      -    100     89      0      0      0      0   9501   1950  23289      4      0
    1    348     72      -    100     89      0      0      0      0   9501   1890  23289  23289      0
    0    366     63      -    100     89      0      0      0      0   9501   1950  23289      4      0
    1    348     72      -    100     89      0      0      0      0   9501   1890  23289  23289      0
    0    366     63      -    100     89      0      0      0      0   9501   1950  23289      4      0
    1    348     72      -    100     89      0      0      0      0   9501   1890  23289  23289      0
    0    365     63      -    100     88      0      0      0      0   9501   1950  23289      4      0
    1    347     72      -    100     88      0      0      0      0   9501   1890  23289  23289      0
    0    331     63      -    100     39      0      0      0      0   9501   1950  23289      4      0
    1    315     72      -    100     41      0      0      0      0   9501   1890  23289  23289      0
    0    320     63      -    100     23      0      0      0      0   9501   1950  23289      4      0
    1    305     72      -    100     23      0      0      0      0   9501   1890  23289  23289      0
# gpu    pwr  gtemp  mtemp     sm    mem    enc    dec    jpg    ofa   mclk   pclk     fb   bar1   ccpm
# Idx      W      C      C      %      %      %      %      %      %    MHz    MHz     MB     MB     MB
    0    356     63      -    100     88      0      0      0      0   9501   1950  23289      4      0
    1    340     72      -    100     88      0      0      0      0   9501   1890  23289  23289      0
    0    364     63      -    100     88      0      0      0      0   9501   1950  23289      4      0
    1    347     72      -    100     88      0      0      0      0   9501   1890  23289  23289      0
    0    364     63      -    100     88      0      0      0      0   9501   1950  23289      4      0
    1    347     72      -    100     88      0      0      0      0   9501   1890  23289  23289      0
    0    365     63      -    100     89      0      0      0      0   9501   1950  23289      4      0
    1    347     72      -    100     88      0      0      0      0   9501   1890  23289  23289      0
    0    365     63      -    100     89      0      0      0      0   9501   1950  23289      4      0
    1    348     72      -    100     89      0      0      0      0   9501   1890  23289  23289      0
    0    365     63      -    100     89      0      0      0      0   9501   1950  23289      4      0
    1    348     72      -    100     88      0      0      0      0   9501   1890  23289  23289      0
    0    366     63      -    100     88      0      0      0      0   9501   1950  23289      4      0
    1    348     72      -    100     88      0      0      0      0   9501   1890  23289  23289      0
    0    365     63      -    100     88      0      0      0      0   9501   1950  23289      4      0
    1    347     73      -    100     88      0      0      0      0   9501   1890  23289  23289      0
    0    339     62      -    100     19      0      0      0      0   9501   1950  23289      4      0
    1    319     72      -    100     19      0      0      0      0   9501   1890  23289  23289      0
    0    322     62      -    100     24      0      0      0      0   9501   1950  23289      4      0
    1    307     72      -    100     24      0      0      0      0   9501   1890  23289  23289      0
    0    339     62      -    100     88      0      0      0      0   9501   1950  23289      4      0
    1    328     73      -    100     88      0      0      0      0   9501   1890  23289  23289      0
    0    364     62      -    100     88      0      0      0      0   9501   1950  23289      4      0
    1    347     73      -    100     88      0      0      0      0   9501   1890  23289  23289      0
    0    364     62      -    100     88      0      0      0      0   9501   1950  23289      4      0
    1    347     72      -    100     88      0      0      0      0   9501   1890  23289  23289      0
    0    365     62      -    100     89      0      0      0      0   9501   1950  23289      4      0
    1    348     73      -    100     88      0      0      0      0   9501   1890  23289  23289      0
    0    365     62      -    100     89      0      0      0      0   9501   1950  23289      4      0
    1    348     73      -    100     89      0      0      0      0   9501   1890  23289  23289      0
    0    365     62      -    100     88      0      0      0      0   9501   1950  23289      4      0
    1    348     73      -    100     89      0      0      0      0   9501   1890  23289  23289      0
    0    365     62      -    100     89      0      0      0      0   9501   1950  23289      4      0
    1    348     73      -    100     88      0      0      0      0   9501   1890  23289  23289      0
    0    365     62      -    100     89      0      0      0      0   9501   1950  23289      4      0
    1    348     73      -    100     89      0      0      0      0   9501   1890  23289  23289      0
    0    365     62      -    100     88      0      0      0      0   9501   1950  23289      4      0
    1    348     73      -    100     88      0      0      0      0   9501   1890  23289  23289      0
    0    335     62      -    100     16      0      0      0      0   9501   1950  23289      4      0
    1    315     72      -    100     16      0      0      0      0   9501   1890  23289  23289      0
    0    319     62      -    100     24      0      0      0      0   9501   1950  23289      4      0
    1    304     72      -    100     40      0      0      0      0   9501   1890  23289  23289      0
    0    338     62      -    100     88      0      0      0      0   9501   1950  23289      4      0
    1    326     73      -    100     88      0      0      0      0   9501   1890  23289  23289      0
# gpu    pwr  gtemp  mtemp     sm    mem    enc    dec    jpg    ofa   mclk   pclk     fb   bar1   ccpm
# Idx      W      C      C      %      %      %      %      %      %    MHz    MHz     MB     MB     MB
    0    363     62      -    100     88      0      0      0      0   9501   1950  23289      4      0
    1    347     73      -    100     88      0      0      0      0   9501   1890  23289  23289      0
    0    364     62      -    100     88      0      0      0      0   9501   1950  23289      4      0
    1    347     73      -    100     88      0      0      0      0   9501   1890  23289  23289      0
    0    364     62      -    100     88      0      0      0      0   9501   1950  23289      4      0
    1    347     73      -    100     88      0      0      0      0   9501   1890  23289  23289      0
    0    365     62      -    100     88      0      0      0      0   9501   1950  23289      4      0
    1    348     73      -    100     89      0      0      0      0   9501   1890  23289  23289      0
    0    365     62      -    100     88      0      0      0      0   9501   1950  23289      4      0
    1    346     73      -    100     89      0      0      0      0   9501   1875  23289  23289      0
    0    365     62      -    100     88      0      0      0      0   9501   1950  23289      4      0
    1    346     73      -    100     89      0      0      0      0   9501   1875  23289  23289      0
    0    365     62      -    100     88      0      0      0      0   9501   1950  23289      4      0
    1    346     73      -    100     89      0      0      0      0   9501   1875  23289  23289      0
    0    364     62      -    100     88      0      0      0      0   9501   1950  23289      4      0
    1    345     73      -    100     88      0      0      0      0   9501   1875  23289  23289      0
    0    334     62      -    100     18      0      0      0      0   9501   1950  23289      4      0
    1    313     73      -    100     20      0      0      0      0   9501   1875  23289  23289      0
    0    318     61      -    100     20      0      0      0      0   9501   1950  23289      4      0
    1    302     72      -    100     38      0      0      0      0   9501   1875  23289  23289      0
    0    337     62      -    100     88      0      0      0      0   9501   1950  23289      4      0
    1    323     73      -    100     88      0      0      0      0   9501   1875  23289  23289      0
    0    363     62      -    100     88      0      0      0      0   9501   1950  23289      4      0
    1    344     73      -    100     88      0      0      0      0   9501   1875  23289  23289      0
    0    364     62      -    100     88      0      0      0      0   9501   1950  23289      4      0
    1    344     73      -    100     88      0      0      0      0   9501   1875  23289  23289      0
    0    364     62      -    100     88      0      0      0      0   9501   1950  23289      4      0
    1    345     73      -    100     88      0      0      0      0   9501   1875  23289  23289      0
    0    364     62      -    100     88      0      0      0      0   9501   1950  23289      4      0
    1    345     73      -    100     88      0      0      0      0   9501   1875  23289  23289      0
    0    365     62      -    100     88      0      0      0      0   9501   1950  23289      4      0
    1    345     73      -    100     88      0      0      0      0   9501   1875  23289  23289      0
    0    365     62      -    100     89      0      0      0      0   9501   1950  23289      4      0
    1    345     73      -    100     88      0      0      0      0   9501   1875  23289  23289      0
    0    365     62      -    100     89      0      0      0      0   9501   1950  23289      4      0
    1    345     73      -    100     88      0      0      0      0   9501   1875  23289  23289      0
    0    351     62      -    100     26      0      0      0      0   9501   1950  23289      4      0
    1    332     73      -    100     76      0      0      0      0   9501   1875  23289  23289      0
    0    335     62      -    100     33      0      0      0      0   9501   1950  23289      4      0
    1    318     73      -    100     84      0      0      0      0   9501   1875  23289  23289      0
    0    328     62      -    100     36      0      0      0      0   9501   1950  23289      4      0
    1    311     73      -    100     68      0      0      0      0   9501   1875  23289  23289      0
    0    347     62      -    100     88      0      0      0      0   9501   1950  23289      4      0
    1    329     73      -    100     88      0      0      0      0   9501   1875  23289  23289      0
# gpu    pwr  gtemp  mtemp     sm    mem    enc    dec    jpg    ofa   mclk   pclk     fb   bar1   ccpm
# Idx      W      C      C      %      %      %      %      %      %    MHz    MHz     MB     MB     MB
    0    363     62      -    100     88      0      0      0      0   9501   1950  23289      4      0
    1    344     73      -    100     88      0      0      0      0   9501   1875  23289  23289      0
    0    364     62      -    100     88      0      0      0      0   9501   1950  23289      4      0
    1    344     73      -    100     88      0      0      0      0   9501   1875  23289  23289      0
    0    364     62      -    100     88      0      0      0      0   9501   1950  23289      4      0
    1    345     73      -    100     88      0      0      0      0   9501   1875  23289  23289      0
    0    364     62      -    100     88      0      0      0      0   9501   1950  23289      4      0
    1    345     73      -    100     88      0      0      0      0   9501   1875  23289  23289      0
    0    365     62      -    100     88      0      0      0      0   9501   1950  23289      4      0
    1    345     73      -    100     88      0      0      0      0   9501   1875  23289  23289      0
    0    365     62      -    100     89      0      0      0      0   9501   1950  23289      4      0
    1    346     73      -    100     88      0      0      0      0   9501   1875  23289  23289      0
    0    365     62      -    100     88      0      0      0      0   9501   1950  23289      4      0
    1    346     73      -    100     88      0      0      0      0   9501   1875  23289  23289      0
    0    351     62      -    100     69      0      0      0      0   9501   1950  23289      4      0
    1    332     73      -    100     65      0      0      0      0   9501   1875  23289  23289      0
    0    330     61      -    100     37      0      0      0      0   9501   1950  23289      4      0
    1    314     72      -    100     36      0      0      0      0   9501   1875  23289  23289      0
    0    320     61      -    100     38      0      0      0      0   9501   1950  23289      4      0
    1    304     73      -    100     37      0      0      0      0   9501   1875  23289  23289      0
    0    346     61      -    100     88      0      0      0      0   9501   1950  23289      4      0
    1    328     73      -    100     88      0      0      0      0   9501   1875  23289  23289      0
    0    363     62      -    100     88      0      0      0      0   9501   1950  23289      4      0
    1    344     73      -    100     88      0      0      0      0   9501   1875  23289  23289      0
    0    364     61      -    100     88      0      0      0      0   9501   1950  23289      4      0
    1    345     73      -    100     88      0      0      0      0   9501   1875  23289  23289      0
    0    364     61      -    100     88      0      0      0      0   9501   1950  23289      4      0
    1    345     73      -    100     88      0      0      0      0   9501   1875  23289  23289      0
    0    364     62      -    100     88      0      0      0      0   9501   1950  23289      4      0
    1    345     73      -    100     88      0      0      0      0   9501   1875  23289  23289      0
    0    365     61      -    100     88      0      0      0      0   9501   1950  23289      4      0
    1    345     73      -    100     88      0      0      0      0   9501   1875  23289  23289      0
    0    365     61      -    100     88      0      0      0      0   9501   1950  23289      4      0
    1    346     73      -    100     88      0      0      0      0   9501   1875  23289  23289      0
    0    365     62      -    100     88      0      0      0      0   9501   1950  23289      4      0
    1    346     73      -    100     88      0      0      0      0   9501   1875  23289  23289      0
    0    351     61      -    100     88      0      0      0      0   9501   1950  23289      4      0
    1    333     73      -    100     88      0      0      0      0   9501   1875  23289  23289      0
    0    335     61      -    100     77      0      0      0      0   9501   1950  23289      4      0
    1    318     73      -    100     76      0      0      0      0   9501   1875  23289  23289      0
    0    324     61      -    100     56      0      0      0      0   9501   1950  23289      4      0
    1    308     73      -    100     58      0      0      0      0   9501   1875  23289  23289      0
    0    346     61      -    100     88      0      0      0      0   9501   1950  23289      4      0
    1    329     73      -    100     88      0      0      0      0   9501   1875  23289  23289      0
# gpu    pwr  gtemp  mtemp     sm    mem    enc    dec    jpg    ofa   mclk   pclk     fb   bar1   ccpm
# Idx      W      C      C      %      %      %      %      %      %    MHz    MHz     MB     MB     MB
    0    363     61      -    100     88      0      0      0      0   9501   1950  23289      4      0
    1    344     73      -    100     88      0      0      0      0   9501   1875  23289  23289      0
    0    363     61      -    100     88      0      0      0      0   9501   1950  23289      4      0
    1    345     73      -    100     88      0      0      0      0   9501   1875  23289  23289      0
    0    364     61      -    100     88      0      0      0      0   9501   1950  23289      4      0
    1    345     73      -    100     88      0      0      0      0   9501   1875  23289  23289      0
    0    364     62      -    100     88      0      0      0      0   9501   1950  23289      4      0
    1    345     73      -    100     89      0      0      0      0   9501   1875  23289  23289      0
    0    365     61      -    100     88      0      0      0      0   9501   1950  23289      4      0
    1    346     73      -    100     88      0      0      0      0   9501   1875  23289  23289      0
    0    364     61      -    100     88      0      0      0      0   9501   1950  23289      4      0
    1    346     73      -    100     88      0      0      0      0   9501   1875  23289  23289      0
    0    360     61      -    100     88      0      0      0      0   9501   1950  23289      4      0
    1    342     73      -    100     88      0      0      0      0   9501   1875  23289  23289      0
    0    338     61      -    100     88      0      0      0      0   9501   1950  23289      4      0
    1    321     73      -    100     88      0      0      0      0   9501   1875  23289  23289      0
    0    327     61      -    100     34      0      0      0      0   9501   1950  23289      4      0
    1    311     73      -    100     33      0      0      0      0   9501   1875  23289  23289      0
    0    328     61      -    100     39      0      0      0      0   9501   1950  23289      4      0
    1    312     73      -    100     40      0      0      0      0   9501   1875  23289  23289      0
    0    363     61      -    100     88      0      0      0      0   9501   1950  23289      4      0
    1    345     73      -    100     88      0      0      0      0   9501   1875  23289  23289      0
    0    363     61      -    100     88      0      0      0      0   9501   1950  23289      4      0
    1    345     73      -    100     88      0      0      0      0   9501   1875  23289  23289      0
    0    364     61      -    100     88      0      0      0      0   9501   1950  23289      4      0
    1    345     73      -    100     88      0      0      0      0   9501   1875  23289  23289      0
    0    364     61      -    100     88      0      0      0      0   9501   1950  23289      4      0
    1    346     73      -    100     88      0      0      0      0   9501   1875  23289  23289      0
    0    364     61      -    100     88      0      0      0      0   9501   1950  23289      4      0
    1    346     73      -    100     88      0      0      0      0   9501   1875  23289  23289      0
    0    365     61      -    100     89      0      0      0      0   9501   1950  23289      4      0
    1    347     73      -    100     89      0      0      0      0   9501   1875  23289  23289      0
    0    365     61      -    100     89      0      0      0      0   9501   1950  23289      4      0
    1    347     73      -    100     89      0      0      0      0   9501   1875  23289  23289      0
    0    357     61      -    100     88      0      0      0      0   9501   1950  23289      4      0
    1    339     73      -    100     89      0      0      0      0   9501   1875  23289  23289      0
    0    339     61      -    100     24      0      0      0      0   9501   1950  23289      4      0
    1    322     73      -    100     25      0      0      0      0   9501   1875  23289  23289      0
    0    323     61      -    100     36      0      0      0      0   9501   1950  23289      4      0
    1    308     73      -    100     36      0      0      0      0   9501   1875  23289  23289      0
    0    336     61      -    100     38      0      0      0      0   9501   1950  23289      4      0
    1    320     73      -    100     38      0      0      0      0   9501   1875  23289  23289      0
    0    363     61      -    100     88      0      0      0      0   9501   1950  23289      4      0
    1    345     73      -    100     88      0      0      0      0   9501   1875  23289  23289      0
# gpu    pwr  gtemp  mtemp     sm    mem    enc    dec    jpg    ofa   mclk   pclk     fb   bar1   ccpm
# Idx      W      C      C      %      %      %      %      %      %    MHz    MHz     MB     MB     MB
    0    363     61      -    100     88      0      0      0      0   9501   1950  23289      4      0
    1    345     73      -    100     88      0      0      0      0   9501   1875  23289  23289      0
    0    364     61      -    100     88      0      0      0      0   9501   1950  23289      4      0
    1    345     73      -    100     88      0      0      0      0   9501   1875  23289  23289      0
    0    364     61      -    100     88      0      0      0      0   9501   1950  23289      4      0
    1    346     73      -    100     88      0      0      0      0   9501   1875  23289  23289      0
    0    365     61      -    100     88      0      0      0      0   9501   1950  23289      4      0
    1    346     73      -    100     88      0      0      0      0   9501   1875  23289  23289      0
    0    365     61      -    100     88      0      0      0      0   9501   1950  23289      4      0
    1    347     73      -    100     88      0      0      0      0   9501   1875  23289  23289      0
    0    365     61      -    100     88      0      0      0      0   9501   1950  23289      4      0
    1    347     73      -    100     88      0      0      0      0   9501   1875  23289  23289      0
    0    357     61      -    100     88      0      0      0      0   9501   1950  23289      4      0
    1    339     73      -    100     89      0      0      0      0   9501   1875  23289  23289      0
    0    338     61      -    100     75      0      0      0      0   9501   1950  23289      4      0
    1    321     73      -    100     76      0      0      0      0   9501   1875  23289  23289      0
    0    322     61      -    100     19      0      0      0      0   9501   1950  23289      4      0
    1    307     73      -    100     19      0      0      0      0   9501   1875  23289  23289      0
    0    343     61      -    100     38      0      0      0      0   9501   1950  23289      4      0
    1    327     73      -    100     39      0      0      0      0   9501   1875  23289  23289      0
    0    363     61      -    100     88      0      0      0      0   9501   1950  23289      4      0
    1    345     73      -    100     88      0      0      0      0   9501   1875  23289  23289      0
    0    364     61      -    100     88      0      0      0      0   9501   1950  23289      4      0
    1    345     73      -    100     88      0      0      0      0   9501   1875  23289  23289      0
    0    364     61      -    100     88      0      0      0      0   9501   1950  23289      4      0
    1    346     73      -    100     89      0      0      0      0   9501   1875  23289  23289      0
    0    364     61      -    100     88      0      0      0      0   9501   1950  23289      4      0
    1    346     73      -    100     88      0      0      0      0   9501   1875  23289  23289      0
    0    364     61      -    100     88      0      0      0      0   9501   1950  23289      4      0
    1    346     73      -    100     88      0      0      0      0   9501   1875  23289  23289      0
    0    365     61      -    100     88      0      0      0      0   9501   1950  23289      4      0
    1    347     73      -    100     88      0      0      0      0   9501   1875  23289  23289      0
    0    365     61      -    100     88      0      0      0      0   9501   1950  23289      4      0
    1    347     73      -    100     88      0      0      0      0   9501   1875  23289  23289      0
    0    353     61      -    100     88      0      0      0      0   9501   1950  23289      4      0
    1    336     73      -    100     88      0      0      0      0   9501   1875  23289  23289      0
    0    337     61      -    100     88      0      0      0      0   9501   1950  23289      4      0
    1    321     73      -    100     88      0      0      0      0   9501   1875  23289  23289      0
    0    325     61      -    100     54      0      0      0      0   9501   1950  23289      4      0
    1    310     73      -    100     54      0      0      0      0   9501   1875  23289  23289      0
    0    347     61      -    100     88      0      0      0      0   9501   1950  23289      4      0
    1    330     73      -    100     88      0      0      0      0   9501   1875  23289  23289      0
    0    363     61      -    100     88      0      0      0      0   9501   1950  23289      4      0
    1    345     73      -    100     88      0      0      0      0   9501   1875  23289  23289      0
# gpu    pwr  gtemp  mtemp     sm    mem    enc    dec    jpg    ofa   mclk   pclk     fb   bar1   ccpm
# Idx      W      C      C      %      %      %      %      %      %    MHz    MHz     MB     MB     MB
    0    364     61      -    100     88      0      0      0      0   9501   1950  23289      4      0
    1    346     73      -    100     88      0      0      0      0   9501   1875  23289  23289      0
    0    364     61      -    100     88      0      0      0      0   9501   1950  23289      4      0
    1    346     73      -    100     88      0      0      0      0   9501   1875  23289  23289      0
    0    364     61      -    100     88      0      0      0      0   9501   1950  23289      4      0
    1    346     73      -    100     88      0      0      0      0   9501   1875  23289  23289      0
    0    365     61      -    100     88      0      0      0      0   9501   1950  23289      4      0
    1    347     73      -    100     88      0      0      0      0   9501   1875  23289  23289      0
    0    365     61      -    100     88      0      0      0      0   9501   1950  23289      4      0
    1    347     73      -    100     88      0      0      0      0   9501   1875  23289  23289      0
    0    365     61      -    100     88      0      0      0      0   9501   1950  23289      4      0
    1    347     73      -    100     89      0      0      0      0   9501   1875  23289  23289      0
    0    351     61      -    100     73      0      0      0      0   9501   1950  23289      4      0
    1    334     73      -    100     72      0      0      0      0   9501   1875  23289  23289      0
    0    336     61      -    100     37      0      0      0      0   9501   1950  23289      4      0
    1    320     73      -    100     37      0      0      0      0   9501   1875  23289  23289      0
    0    325     61      -    100     22      0      0      0      0   9501   1950  23289      4      0
    1    309     73      -    100     21      0      0      0      0   9501   1875  23289  23289      0
    0    349     61      -    100     88      0      0      0      0   9501   1950  23289      4      0
    1    332     74      -    100     88      0      0      0      0   9501   1875  23289  23289      0
    0    363     61      -    100     88      0      0      0      0   9501   1950  23289      4      0
    1    346     73      -    100     88      0      0      0      0   9501   1875  23289  23289      0
    0    364     61      -    100     88      0      0      0      0   9501   1950  23289      4      0
    1    346     73      -    100     88      0      0      0      0   9501   1875  23289  23289      0
    0    364     61      -    100     88      0      0      0      0   9501   1950  23289      4      0
    1    346     74      -    100     88      0      0      0      0   9501   1875  23289  23289      0
    0    365     61      -    100     88      0      0      0      0   9501   1950  23289      4      0
    1    346     73      -    100     88      0      0      0      0   9501   1875  23289  23289      0
    0    365     61      -    100     88      0      0      0      0   9501   1950  23289      4      0
    1    347     73      -    100     89      0      0      0      0   9501   1875  23289  23289      0
    0    365     61      -    100     89      0      0      0      0   9501   1950  23289      4      0
    1    347     74      -    100     89      0      0      0      0   9501   1875  23289  23289      0
    0    365     61      -    100     89      0      0      0      0   9501   1950  23289      4      0
    1    347     73      -    100     89      0      0      0      0   9501   1875  23289  23289      0
    0    351     61      -    100     19      0      0      0      0   9501   1950  23289      4      0
    1    333     73      -    100     19      0      0      0      0   9501   1875  23289  23289      0
    0    335     61      -    100     88      0      0      0      0   9501   1950  23289      4      0
    1    319     73      -    100     88      0      0      0      0   9501   1875  23289  23289      0
    0    318     61      -    100     36      0      0      0      0   9501   1950  23289      4      0
    1    303     73      -    100     37      0      0      0      0   9501   1875  23289  23289      0
    0    343     61      -    100     88      0      0      0      0   9501   1950  23289      4      0
    1    327     73      -    100     88      0      0      0      0   9501   1875  23289  23289      0
    0    363     61      -    100     88      0      0      0      0   9501   1950  23289      4      0
    1    346     74      -    100     88      0      0      0      0   9501   1875  23289  23289      0
# gpu    pwr  gtemp  mtemp     sm    mem    enc    dec    jpg    ofa   mclk   pclk     fb   bar1   ccpm
# Idx      W      C      C      %      %      %      %      %      %    MHz    MHz     MB     MB     MB
    0    364     61      -    100     88      0      0      0      0   9501   1950  23289      4      0
    1    346     74      -    100     88      0      0      0      0   9501   1875  23289  23289      0
    0    365     61      -    100     88      0      0      0      0   9501   1950  23289      4      0
    1    346     74      -    100     88      0      0      0      0   9501   1875  23289  23289      0
    0    365     61      -    100     89      0      0      0      0   9501   1950  23289      4      0
    1    346     74      -    100     88      0      0      0      0   9501   1875  23289  23289      0
    0    365     61      -    100     89      0      0      0      0   9501   1950  23289      4      0
    1    347     74      -    100     89      0      0      0      0   9501   1875  23289  23289      0
    0    365     61      -    100     89      0      0      0      0   9501   1950  23289      4      0
    1    347     74      -    100     89      0      0      0      0   9501   1875  23289  23289      0
    0    365     61      -    100     82      0      0      0      0   9501   1950  23289      4      0
    1    347     73      -    100     81      0      0      0      0   9501   1875  23289  23289      0
    0    340     61      -    100     24      0      0      0      0   9501   1950  23289      4      0
    1    323     73      -    100     23      0      0      0      0   9501   1875  23289  23289      0
    0    328     61      -    100     18      0      0      0      0   9501   1950  23289      4      0
    1    312     74      -    100     19      0      0      0      0   9501   1875  23289  23289      0
    0    320     61      -    100     39      0      0      0      0   9501   1950  23289      4      0
    1    305     74      -    100     39      0      0      0      0   9501   1875  23289  23289      0
    0    359     61      -    100     88      0      0      0      0   9501   1950  23289      4      0
    1    341     74      -    100     88      0      0      0      0   9501   1875  23289  23289      0
    0    364     61      -    100     88      0      0      0      0   9501   1950  23289      4      0
    1    346     74      -    100     88      0      0      0      0   9501   1875  23289  23289      0
    0    364     61      -    100     88      0      0      0      0   9501   1950  23289      4      0
    1    346     74      -    100     88      0      0      0      0   9501   1875  23289  23289      0
    0    365     61      -    100     88      0      0      0      0   9501   1950  23289      4      0
    1    346     74      -    100     89      0      0      0      0   9501   1875  23289  23289      0
    0    365     61      -    100     89      0      0      0      0   9501   1950  23289      4      0
    1    347     74      -    100     89      0      0      0      0   9501   1875  23289  23289      0
    0    365     61      -    100     88      0      0      0      0   9501   1950  23289      4      0
    1    347     74      -    100     89      0      0      0      0   9501   1875  23289  23289      0
    0    366     61      -    100     89      0      0      0      0   9501   1950  23289      4      0
    1    347     74      -    100     89      0      0      0      0   9501   1875  23289  23289      0
    0    366     61      -    100     89      0      0      0      0   9501   1950  23289      4      0
    1    347     74      -    100     89      0      0      0      0   9501   1875  23289  23289      0
    0    344     61      -    100     45      0      0      0      0   9501   1950  23289      4      0
    1    327     74      -    100     46      0      0      0      0   9501   1875  23289  23289      0
    0    331     61      -    100     24      0      0      0      0   9501   1950  23289      4      0
    1    315     73      -    100     24      0      0      0      0   9501   1875  23289  23289      0
    0    331     61      -    100     88      0      0      0      0   9501   1950  23289      4      0
    1    315     74      -    100     88      0      0      0      0   9501   1875  23289  23289      0
    0    364     61      -    100     88      0      0      0      0   9501   1950  23289      4      0
    1    345     74      -    100     88      0      0      0      0   9501   1875  23289  23289      0
    0    364     61      -    100     88      0      0      0      0   9501   1950  23289      4      0
    1    346     74      -    100     88      0      0      0      0   9501   1875  23289  23289      0
# gpu    pwr  gtemp  mtemp     sm    mem    enc    dec    jpg    ofa   mclk   pclk     fb   bar1   ccpm
# Idx      W      C      C      %      %      %      %      %      %    MHz    MHz     MB     MB     MB
    0    365     61      -    100     88      0      0      0      0   9501   1950  23289      4      0
    1    346     74      -    100     88      0      0      0      0   9501   1875  23289  23289      0
    0    365     61      -    100     89      0      0      0      0   9501   1950  23289      4      0
    1    347     74      -    100     89      0      0      0      0   9501   1875  23289  23289      0
    0    365     61      -    100     89      0      0      0      0   9501   1950  23289      4      0
    1    347     74      -    100     89      0      0      0      0   9501   1875  23289  23289      0
    0    365     61      -    100     89      0      0      0      0   9501   1950  23289      4      0
    1    347     74      -    100     89      0      0      0      0   9501   1875  23289  23289      0
    0    365     61      -    100     88      0      0      0      0   9501   1950  23289      4      0
    1    347     74      -    100     88      0      0      0      0   9501   1875  23289  23289      0
    0    365     61      -    100     87      0      0      0      0   9501   1950  23289      4      0
    1    346     74      -    100     87      0      0      0      0   9501   1875  23289  23289      0
    0    344     61      -    100     88      0      0      0      0   9501   1950  23289      4      0
    1    327     74      -    100     88      0      0      0      0   9501   1875  23289  23289      0
    0    327     61      -    100     19      0      0      0      0   9501   1950  23289      4      0
    1    311     73      -    100     19      0      0      0      0   9501   1875  23289  23289      0
    0    331     61      -    100     88      0      0      0      0   9501   1950  23289      4      0
    1    315     74      -    100     88      0      0      0      0   9501   1875  23289  23289      0
    0    364     61      -    100     88      0      0      0      0   9501   1950  23289      4      0
    1    346     74      -    100     88      0      0      0      0   9501   1875  23289  23289      0
    0    364     61      -    100     88      0      0      0      0   9501   1950  23289      4      0
    1    346     74      -    100     89      0      0      0      0   9501   1875  23289  23289      0
    0    365     61      -    100     88      0      0      0      0   9501   1950  23289      4      0
    1    346     74      -    100     88      0      0      0      0   9501   1875  23289  23289      0
    0    365     61      -    100     88      0      0      0      0   9501   1950  23289      4      0
    1    346     74      -    100     88      0      0      0      0   9501   1875  23289  23289      0
    0    365     61      -    100     88      0      0      0      0   9501   1950  23289      4      0
    1    347     74      -    100     88      0      0      0      0   9501   1875  23289  23289      0
    0    365     61      -    100     88      0      0      0      0   9501   1950  23289      4      0
    1    347     74      -    100     88      0      0      0      0   9501   1875  23289  23289      0
    0    366     61      -    100     88      0      0      0      0   9501   1950  23289      4      0
    1    347     74      -    100     88      0      0      0      0   9501   1875  23289  23289      0
    0    362     61      -    100     40      0      0      0      0   9501   1950  23289      4      0
    1    344     73      -    100     39      0      0      0      0   9501   1875  23289  23289      0
    0    339     61      -    100     88      0      0      0      0   9501   1950  23289      4      0
    1    322     74      -    100     89      0      0      0      0   9501   1875  23289  23289      0
    0    331     61      -    100     19      0      0      0      0   9501   1950  23289      4      0
    1    315     74      -    100     19      0      0      0      0   9501   1875  23289  23289      0
    0    328     61      -    100     88      0      0      0      0   9501   1950  23289      4      0
    1    312     74      -    100     88      0      0      0      0   9501   1875  23289  23289      0
    0    364     61      -    100     88      0      0      0      0   9501   1950  23289      4      0
    1    346     74      -    100     88      0      0      0      0   9501   1875  23289  23289      0
    0    364     61      -    100     88      0      0      0      0   9501   1950  23289      4      0
    1    346     74      -    100     88      0      0      0      0   9501   1875  23289  23289      0
# gpu    pwr  gtemp  mtemp     sm    mem    enc    dec    jpg    ofa   mclk   pclk     fb   bar1   ccpm
# Idx      W      C      C      %      %      %      %      %      %    MHz    MHz     MB     MB     MB
    0    365     61      -    100     88      0      0      0      0   9501   1950  23289      4      0
    1    347     74      -    100     88      0      0      0      0   9501   1875  23289  23289      0
    0    365     61      -    100     88      0      0      0      0   9501   1950  23289      4      0
    1    347     74      -    100     89      0      0      0      0   9501   1875  23289  23289      0
    0    365     61      -    100     88      0      0      0      0   9501   1950  23289      4      0
    1    347     74      -    100     88      0      0      0      0   9501   1875  23289  23289      0
    0    366     61      -    100     88      0      0      0      0   9501   1950  23289      4      0
    1    348     74      -    100     88      0      0      0      0   9501   1875  23289  23289      0
    0    366     62      -    100     88      0      0      0      0   9501   1950  23289      4      0
    1    348     74      -    100     88      0      0      0      0   9501   1875  23289  23289      0
    0    363     61      -    100     44      0      0      0      0   9501   1950  23289      4      0
    1    345     73      -    100     43      0      0      0      0   9501   1875  23289  23289      0
    0    340     61      -    100     62      0      0      0      0   9501   1950  23289      4      0
    1    323     74      -    100     63      0      0      0      0   9501   1875  23289  23289      0
    0    329     61      -    100     19      0      0      0      0   9501   1950  23289      4      0
    1    313     74      -    100     19      0      0      0      0   9501   1875  23289  23289      0
    0    336     61      -    100     88      0      0      0      0   9501   1950  23289      4      0
    1    319     74      -    100     88      0      0      0      0   9501   1875  23289  23289      0
    0    364     61      -    100     88      0      0      0      0   9501   1950  23289      4      0
    1    346     74      -    100     88      0      0      0      0   9501   1875  23289  23289      0
    0    365     61      -    100     88      0      0      0      0   9501   1950  23289      4      0
    1    346     74      -    100     88      0      0      0      0   9501   1875  23289  23289      0
    0    365     62      -    100     88      0      0      0      0   9501   1950  23289      4      0
    1    347     74      -    100     88      0      0      0      0   9501   1875  23289  23289      0
    0    366     61      -    100     88      0      0      0      0   9501   1950  23289      4      0
    1    347     74      -    100     88      0      0      0      0   9501   1875  23289  23289      0
    0    366     62      -    100     88      0      0      0      0   9501   1950  23289      4      0
    1    347     74      -    100     88      0      0      0      0   9501   1875  23289  23289      0
    0    366     62      -    100     88      0      0      0      0   9501   1950  23289      4      0
    1    347     74      -    100     88      0      0      0      0   9501   1875  23289  23289      0
    0    366     62      -    100     88      0      0      0      0   9501   1950  23289      4      0
    1    348     74      -    100     89      0      0      0      0   9501   1875  23289  23289      0
    0    359     62      -    100     34      0      0      0      0   9501   1950  23289      4      0
    1    340     74      -    100     35      0      0      0      0   9501   1875  23289  23289      0
    0    339     61      -    100     19      0      0      0      0   9501   1950  23289      4      0
    1    322     73      -    100     19      0      0      0      0   9501   1875  23289  23289      0
    0    326     61      -    100     19      0      0      0      0   9501   1950  23289      4      0
    1    310     74      -    100     19      0      0      0      0   9501   1875  23289  23289      0
    0    332     61      -    100     88      0      0      0      0   9501   1950  23289      4      0
    1    315     74      -    100     88      0      0      0      0   9501   1875  23289  23289      0
    0    365     61      -    100     88      0      0      0      0   9501   1950  23289      4      0
    1    346     74      -    100     88      0      0      0      0   9501   1875  23289  23289      0
    0    365     61      -    100     88      0      0      0      0   9501   1950  23289      4      0
    1    346     74      -    100     88      0      0      0      0   9501   1875  23289  23289      0
# gpu    pwr  gtemp  mtemp     sm    mem    enc    dec    jpg    ofa   mclk   pclk     fb   bar1   ccpm
# Idx      W      C      C      %      %      %      %      %      %    MHz    MHz     MB     MB     MB
    0    366     62      -    100     88      0      0      0      0   9501   1950  23289      4      0
    1    347     74      -    100     88      0      0      0      0   9501   1875  23289  23289      0
    0    366     62      -    100     88      0      0      0      0   9501   1950  23289      4      0
    1    347     74      -    100     88      0      0      0      0   9501   1875  23289  23289      0
    0    366     62      -    100     88      0      0      0      0   9501   1950  23289      4      0
    1    347     74      -    100     88      0      0      0      0   9501   1875  23289  23289      0
    0    366     62      -    100     88      0      0      0      0   9501   1950  23289      4      0
    1    348     74      -    100     88      0      0      0      0   9501   1875  23289  23289      0
    0    367     62      -    100     89      0      0      0      0   9501   1950  23289      4      0
    1    348     74      -    100     88      0      0      0      0   9501   1875  23289  23289      0
    0    352     61      -    100     35      0      0      0      0   9501   1950  23289      4      0
    1    334     74      -    100     36      0      0      0      0   9501   1875  23289  23289      0
    0    335     61      -    100     61      0      0      0      0   9501   1950  23289      4      0
    1    318     74      -    100     60      0      0      0      0   9501   1875  23289  23289      0
    0    315     61      -    100     19      0      0      0      0   9501   1950  23289      4      0
    1    300     73      -    100     19      0      0      0      0   9501   1875  23289  23289      0
    0    349     61      -    100     88      0      0      0      0   9501   1950  23289      4      0
    1    331     74      -    100     88      0      0      0      0   9501   1875  23289  23289      0
    0    365     61      -    100     88      0      0      0      0   9501   1950  23289      4      0
    1    346     74      -    100     88      0      0      0      0   9501   1875  23289  23289      0
    0    365     62      -    100     88      0      0      0      0   9501   1950  23289      4      0
    1    346     74      -    100     88      0      0      0      0   9501   1875  23289  23289      0
    0    366     62      -    100     88      0      0      0      0   9501   1950  23289      4      0
    1    347     74      -    100     88      0      0      0      0   9501   1875  23289  23289      0
    0    366     62      -    100     88      0      0      0      0   9501   1950  23289      4      0
    1    347     74      -    100     88      0      0      0      0   9501   1875  23289  23289      0
    0    366     62      -    100     88      0      0      0      0   9501   1950  23289      4      0
    1    347     74      -    100     88      0      0      0      0   9501   1875  23289  23289      0
    0    367     62      -    100     88      0      0      0      0   9501   1950  23289      4      0
    1    348     74      -    100     89      0      0      0      0   9501   1875  23289  23289      0
    0    366     62      -    100     88      0      0      0      0   9501   1950  23289      4      0
    1    347     74      -    100     89      0      0      0      0   9501   1875  23289  23289      0
    0    353     62      -    100     22      0      0      0      0   9501   1950  23289      4      0
    1    335     74      -    100     22      0      0      0      0   9501   1875  23289  23289      0
    0    335     61      -    100     19      0      0      0      0   9501   1950  23289      4      0
    1    318     74      -    100     19      0      0      0      0   9501   1875  23289  23289      0
    0    315     61      -    100     19      0      0      0      0   9501   1950  23289      4      0
    1    300     73      -    100     19      0      0      0      0   9501   1875  23289  23289      0
    0    347     61      -    100     88      0      0      0      0   9501   1950  23289      4      0
    1    329     74      -    100     88      0      0      0      0   9501   1875  23289  23289      0
    0    364     62      -    100     88      0      0      0      0   9501   1950  23289      4      0
    1    346     74      -    100     88      0      0      0      0   9501   1875  23289  23289      0
    0    365     62      -    100     88      0      0      0      0   9501   1950  23289      4      0
    1    346     74      -    100     88      0      0      0      0   9501   1875  23289  23289      0
# gpu    pwr  gtemp  mtemp     sm    mem    enc    dec    jpg    ofa   mclk   pclk     fb   bar1   ccpm
# Idx      W      C      C      %      %      %      %      %      %    MHz    MHz     MB     MB     MB
    0    366     62      -    100     88      0      0      0      0   9501   1950  23289      4      0
    1    346     74      -    100     88      0      0      0      0   9501   1875  23289  23289      0
    0    366     62      -    100     88      0      0      0      0   9501   1950  23289      4      0
    1    347     74      -    100     88      0      0      0      0   9501   1875  23289  23289      0
    0    366     62      -    100     88      0      0      0      0   9501   1950  23289      4      0
    1    347     74      -    100     88      0      0      0      0   9501   1875  23289  23289      0
    0    367     62      -    100     88      0      0      0      0   9501   1950  23289      4      0
    1    347     74      -    100     88      0      0      0      0   9501   1875  23289  23289      0
    0    366     62      -    100     88      0      0      0      0   9501   1950  23289      4      0
    1    347     74      -    100     88      0      0      0      0   9501   1875  23289  23289      0
    0    358     62      -    100     53      0      0      0      0   9501   1950  23289      4      0
    1    339     74      -    100     53      0      0      0      0   9501   1875  23289  23289      0
    0    340     61      -    100     82      0      0      0      0   9501   1950  23289      4      0
    1    323     74      -    100     82      0      0      0      0   9501   1875  23289  23289      0
    0    325     61      -    100     27      0      0      0      0   9501   1950  23289      4      0
    1    309     74      -    100     26      0      0      0      0   9501   1875  23289  23289      0
    0    352     62      -    100     88      0      0      0      0   9501   1950  23289      4      0
    1    334     74      -    100     88      0      0      0      0   9501   1875  23289  23289      0
    0    365     62      -    100     88      0      0      0      0   9501   1950  23289      4      0
    1    346     74      -    100     88      0      0      0      0   9501   1875  23289  23289      0
    0    366     62      -    100     88      0      0      0      0   9501   1950  23289      4      0
    1    346     74      -    100     88      0      0      0      0   9501   1875  23289  23289      0
    0    366     62      -    100     88      0      0      0      0   9501   1950  23289      4      0
    1    347     74      -    100     88      0      0      0      0   9501   1875  23289  23289      0
    0    366     62      -    100     88      0      0      0      0   9501   1950  23289      4      0
    1    347     74      -    100     89      0      0      0      0   9501   1875  23289  23289      0
    0    366     62      -    100     89      0      0      0      0   9501   1950  23289      4      0
    1    348     74      -    100     89      0      0      0      0   9501   1875  23289  23289      0
    0    366     62      -    100     89      0      0      0      0   9501   1950  23289      4      0
    1    348     74      -    100     89      0      0      0      0   9501   1875  23289  23289      0
    0    366     62      -    100     88      0      0      0      0   9501   1950  23289      4      0
    1    347     74      -    100     88      0      0      0      0   9501   1875  23289  23289      0
    0    352     61      -    100     67      0      0      0      0   9501   1950  23289      4      0
    1    334     74      -    100     67      0      0      0      0   9501   1875  23289  23289      0
    0    332     61      -    100     57      0      0      0      0   9501   1950  23289      4      0
    1    315     74      -    100     57      0      0      0      0   9501   1875  23289  23289      0
    0    323     61      -    100     16      0      0      0      0   9501   1950  23289      4      0
    1    307     73      -    100     16      0      0      0      0   9501   1875  23289  23289      0
    0    350     62      -    100     88      0      0      0      0   9501   1950  23289      4      0
    1    332     74      -    100     88      0      0      0      0   9501   1875  23289  23289      0
    0    365     62      -    100     88      0      0      0      0   9501   1950  23289      4      0
    1    346     74      -    100     88      0      0      0      0   9501   1875  23289  23289      0
    0    366     62      -    100     88      0      0      0      0   9501   1950  23289      4      0
    1    347     74      -    100     88      0      0      0      0   9501   1875  23289  23289      0
# gpu    pwr  gtemp  mtemp     sm    mem    enc    dec    jpg    ofa   mclk   pclk     fb   bar1   ccpm
# Idx      W      C      C      %      %      %      %      %      %    MHz    MHz     MB     MB     MB
    0    366     62      -    100     88      0      0      0      0   9501   1950  23289      4      0
    1    347     74      -    100     88      0      0      0      0   9501   1875  23289  23289      0
    0    366     62      -    100     88      0      0      0      0   9501   1950  23289      4      0
    1    347     74      -    100     88      0      0      0      0   9501   1875  23289  23289      0
    0    367     62      -    100     88      0      0      0      0   9501   1950  23289      4      0
    1    348     74      -    100     88      0      0      0      0   9501   1875  23289  23289      0
    0    367     62      -    100     88      0      0      0      0   9501   1950  23289      4      0
    1    348     74      -    100     88      0      0      0      0   9501   1875  23289  23289      0
    0    367     62      -    100     88      0      0      0      0   9501   1950  23289      4      0
    1    348     74      -    100     88      0      0      0      0   9501   1875  23289  23289      0
    0    355     61      -    100     79      0      0      0      0   9501   1950  23289      4      0
    1    337     74      -    100     79      0      0      0      0   9501   1875  23289  23289      0
    0    331     62      -    100     65      0      0      0      0   9501   1950  23289      4      0
    1    314     74      -    100     65      0      0      0      0   9501   1875  23289  23289      0
    0    326     62      -    100     19      0      0      0      0   9501   1950  23289      4      0
    1    309     74      -    100     19      0      0      0      0   9501   1875  23289  23289      0
    0    357     62      -    100     88      0      0      0      0   9501   1950  23289      4      0
    1    338     74      -    100     88      0      0      0      0   9501   1875  23289  23289      0
    0    365     62      -    100     88      0      0      0      0   9501   1950  23289      4      0
    1    346     74      -    100     88      0      0      0      0   9501   1875  23289  23289      0
    0    366     62      -    100     88      0      0      0      0   9501   1950  23289      4      0
    1    347     74      -    100     88      0      0      0      0   9501   1875  23289  23289      0
    0    366     62      -    100     88      0      0      0      0   9501   1950  23289      4      0
    1    347     74      -    100     88      0      0      0      0   9501   1875  23289  23289      0
    0    366     62      -    100     88      0      0      0      0   9501   1950  23289      4      0
    1    347     74      -    100     88      0      0      0      0   9501   1875  23289  23289      0
    0    366     62      -    100     88      0      0      0      0   9501   1950  23289      4      0
    1    348     74      -    100     88      0      0      0      0   9501   1875  23289  23289      0
    0    367     62      -    100     88      0      0      0      0   9501   1950  23289      4      0
    1    348     74      -    100     88      0      0      0      0   9501   1875  23289  23289      0
    0    367     62      -    100     88      0      0      0      0   9501   1950  23289      4      0
    1    348     74      -    100     88      0      0      0      0   9501   1875  23289  23289      0
    0    348     61      -    100     88      0      0      0      0   9501   1950  23289      4      0
    1    328     74      -    100     88      0      0      0      0   9501   1875  23289  23289      0
    0    332     61      -    100     88      0      0      0      0   9501   1950  23289      4      0
    1    313     74      -    100     88      0      0      0      0   9501   1875  23289  23289      0
    0    345     62      -    100     88      0      0      0      0   9501   1950  23289      4      0
    1    314     74      -    100     44      0      0      0      0   9501   1875  23289  23289      0
    0    365     62      -    100     88      0      0      0      0   9501   1950  23289      4      0
    1    342     74      -    100     88      0      0      0      0   9501   1875  23289  23289      0
    0    365     62      -    100     88      0      0      0      0   9501   1950  23289      4      0
    1    346     74      -    100     88      0      0      0      0   9501   1875  23289  23289      0
    0    366     62      -    100     88      0      0      0      0   9501   1950  23289      4      0
    1    347     74      -    100     88      0      0      0      0   9501   1875  23289  23289      0
# gpu    pwr  gtemp  mtemp     sm    mem    enc    dec    jpg    ofa   mclk   pclk     fb   bar1   ccpm
# Idx      W      C      C      %      %      %      %      %      %    MHz    MHz     MB     MB     MB
    0    366     62      -    100     88      0      0      0      0   9501   1950  23289      4      0
    1    347     74      -    100     88      0      0      0      0   9501   1875  23289  23289      0
    0    366     62      -    100     88      0      0      0      0   9501   1950  23289      4      0
    1    347     74      -    100     88      0      0      0      0   9501   1875  23289  23289      0
    0    367     62      -    100     88      0      0      0      0   9501   1950  23289      4      0
    1    348     74      -    100     88      0      0      0      0   9501   1875  23289  23289      0
    0    369     62      -    100     89      0      0      0      0   9501   1950  23289      4      0
    1    348     74      -    100     89      0      0      0      0   9501   1875  23289  23289      0
    0    363     62      -    100     87      0      0      0      0   9501   1950  23289      4      0
    1    340     74      -    100     87      0      0      0      0   9501   1875  23289  23289      0
    0    348     61      -    100     50      0      0      0      0   9501   1950  23289      4      0
    1    320     74      -    100     50      0      0      0      0   9501   1875  23289  23289      0
    0    336     61      -    100     19      0      0      0      0   9501   1950  23289      4      0
    1    309     74      -    100     19      0      0      0      0   9501   1875  23289  23289      0
    0    362     62      -    100     88      0      0      0      0   9501   1950  23289      4      0
    1    344     74      -    100     88      0      0      0      0   9501   1875  23289  23289      0
    0    364     61      -    100     88      0      0      0      0   9501   1950  23289      4      0
    1    346     74      -    100     88      0      0      0      0   9501   1875  23289  23289      0
    0    365     61      -    100     88      0      0      0      0   9501   1950  23289      4      0
    1    347     74      -    100     88      0      0      0      0   9501   1875  23289  23289      0
    0    365     61      -    100     89      0      0      0      0   9501   1950  23289      4      0
    1    347     74      -    100     88      0      0      0      0   9501   1875  23289  23289      0
    0    365     61      -    100     88      0      0      0      0   9501   1950  23289      4      0
    1    347     74      -    100     89      0      0      0      0   9501   1875  23289  23289      0
    0    367     61      -    100     88      0      0      0      0   9501   1950  23289      4      0
    1    348     74      -    100     89      0      0      0      0   9501   1875  23289  23289      0
    0    366     61      -    100     88      0      0      0      0   9501   1950  23289      4      0
    1    348     74      -    100     89      0      0      0      0   9501   1875  23289  23289      0
    0    362     61      -    100     35      0      0      0      0   9501   1950  23289      4      0
    1    336     74      -    100     85      0      0      0      0   9501   1875  23289  23289      0
    0    362     61      -    100     38      0      0      0      0   9501   1950  23289      4      0
    1    339     74      -    100     88      0      0      0      0   9501   1875  23289  23289      0
    0    337     61      -    100     22      0      0      0      0   9501   1950  23289      4      0
    1    312     74      -    100     40      0      0      0      0   9501   1875  23289  23289      0
    0    333     61      -    100     82      0      0      0      0   9501   1950  23289      4      0
    1    315     74      -    100     88      0      0      0      0   9501   1875  23289  23289      0
    0    360     61      -    100     88      0      0      0      0   9501   1950  23289      4      0
    1    341     74      -    100     88      0      0      0      0   9501   1875  23289  23289      0
    0    363     61      -    100     88      0      0      0      0   9501   1950  23289      4      0
    1    346     74      -    100     88      0      0      0      0   9501   1875  23289  23289      0
    0    364     61      -    100     88      0      0      0      0   9501   1950  23289      4      0
    1    347     74      -    100     88      0      0      0      0   9501   1875  23289  23289      0
    0    364     60      -    100     88      0      0      0      0   9501   1950  23289      4      0
    1    347     74      -    100     88      0      0      0      0   9501   1875  23289  23289      0
# gpu    pwr  gtemp  mtemp     sm    mem    enc    dec    jpg    ofa   mclk   pclk     fb   bar1   ccpm
# Idx      W      C      C      %      %      %      %      %      %    MHz    MHz     MB     MB     MB
    0    365     60      -    100     89      0      0      0      0   9501   1950  23289      4      0
    1    347     74      -    100     88      0      0      0      0   9501   1875  23289  23289      0
    0    365     61      -    100     89      0      0      0      0   9501   1950  23289      4      0
    1    347     74      -    100     88      0      0      0      0   9501   1875  23289  23289      0
    0    365     61      -    100     89      0      0      0      0   9501   1950  23289      4      0
    1    347     74      -    100     88      0      0      0      0   9501   1875  23289  23289      0
    0    346     61      -    100     81      0      0      0      0   9501   1950  23289      4      0
    1    328     74      -    100     69      0      0      0      0   9501   1875  23289  23289      0
    0    360     61      -    100     88      0      0      0      0   9501   1950  23289      4      0
    1    339     74      -    100     42      0      0      0      0   9501   1875  23289  23289      0
    0    334     61      -    100     24      0      0      0      0   9501   1950  23289      4      0
    1    314     74      -    100     69      0      0      0      0   9501   1875  23289  23289      0
    0    328     61      -    100     65      0      0      0      0   9501   1950  23289      4      0
    1    315     74      -    100     69      0      0      0      0   9501   1875  23289  23289      0
    0    354     61      -    100     88      0      0      0      0   9501   1950  23289      4      0
    1    337     74      -    100     88      0      0      0      0   9501   1875  23289  23289      0
    0    365     61      -    100     88      0      0      0      0   9501   1950  23289      4      0
    1    346     74      -    100     88      0      0      0      0   9501   1875  23289  23289      0
    0    365     61      -    100     88      0      0      0      0   9501   1950  23289      4      0
    1    347     74      -    100     88      0      0      0      0   9501   1875  23289  23289      0
    0    366     61      -    100     88      0      0      0      0   9501   1950  23289      4      0
    1    347     74      -    100     89      0      0      0      0   9501   1875  23289  23289      0
    0    366     61      -    100     88      0      0      0      0   9501   1950  23289      4      0
    1    347     74      -    100     89      0      0      0      0   9501   1875  23289  23289      0
    0    367     61      -    100     89      0      0      0      0   9501   1950  23289      4      0
    1    347     74      -    100     89      0      0      0      0   9501   1875  23289  23289      0
    0    367     61      -    100     88      0      0      0      0   9501   1950  23289      4      0
    1    347     74      -    100     88      0      0      0      0   9501   1875  23289  23289      0
    0    351     61      -    100     26      0      0      0      0   9501   1950  23289      4      0
    1    328     74      -    100     88      0      0      0      0   9501   1875  23289  23289      0
    0    366     61      -    100     88      0      0      0      0   9501   1950  23289      4      0
    1    342     74      -    100     84      0      0      0      0   9501   1875  23289  23289      0
    0    341     61      -    100     52      0      0      0      0   9501   1950  23289      4      0
    1    314     73      -    100     30      0      0      0      0   9501   1875  23289  23289      0
    0    328     61      -    100     19      0      0      0      0   9501   1950  23289      4      0
    1    311     74      -    100     37      0      0      0      0   9501   1875  23289  23289      0
    0    348     61      -    100     88      0      0      0      0   9501   1950  23289      4      0
    1    332     74      -    100     88      0      0      0      0   9501   1875  23289  23289      0
    0    364     61      -    100     88      0      0      0      0   9501   1950  23289      4      0
    1    346     74      -    100     88      0      0      0      0   9501   1875  23289  23289      0
    0    364     61      -    100     88      0      0      0      0   9501   1950  23289      4      0
    1    346     74      -    100     88      0      0      0      0   9501   1875  23289  23289      0
    0    365     61      -    100     88      0      0      0      0   9501   1950  23289      4      0
    1    347     74      -    100     88      0      0      0      0   9501   1875  23289  23289      0
# gpu    pwr  gtemp  mtemp     sm    mem    enc    dec    jpg    ofa   mclk   pclk     fb   bar1   ccpm
# Idx      W      C      C      %      %      %      %      %      %    MHz    MHz     MB     MB     MB
    0    365     61      -    100     89      0      0      0      0   9501   1950  23289      4      0
    1    347     74      -    100     88      0      0      0      0   9501   1875  23289  23289      0
    0    366     61      -    100     88      0      0      0      0   9501   1950  23289      4      0
    1    347     74      -    100     88      0      0      0      0   9501   1875  23289  23289      0
    0    366     61      -    100     89      0      0      0      0   9501   1950  23289      4      0
    1    347     74      -    100     88      0      0      0      0   9501   1875  23289  23289      0
    0    353     61      -    100     20      0      0      0      0   9501   1950  23289      4      0
    1    333     73      -    100     41      0      0      0      0   9501   1875  23289  23289      0
    0    367     61      -    100     88      0      0      0      0   9501   1950  23289      4      0
    1    340     74      -    100     88      0      0      0      0   9501   1875  23289  23289      0
    0    344     61      -    100     65      0      0      0      0   9501   1950  23289      4      0
    1    318     74      -    100     66      0      0      0      0   9501   1875  23289  23289      0
    0    333     61      -    100     19      0      0      0      0   9501   1950  23289      4      0
    1    311     73      -    100     19      0      0      0      0   9501   1875  23289  23289      0
    0    349     61      -    100     88      0      0      0      0   9501   1950  23289      4      0
    1    330     74      -    100     88      0      0      0      0   9501   1875  23289  23289      0
    0    364     61      -    100     88      0      0      0      0   9501   1950  23289      4      0
    1    346     74      -    100     88      0      0      0      0   9501   1875  23289  23289      0
    0    365     61      -    100     88      0      0      0      0   9501   1950  23289      4      0
    1    346     74      -    100     88      0      0      0      0   9501   1875  23289  23289      0
    0    364     61      -    100     88      0      0      0      0   9501   1950  23289      4      0
    1    347     74      -    100     89      0      0      0      0   9501   1875  23289  23289      0
    0    364     60      -    100     88      0      0      0      0   9501   1950  23289      4      0
    1    347     74      -    100     88      0      0      0      0   9501   1875  23289  23289      0
    0    365     61      -    100     88      0      0      0      0   9501   1950  23289      4      0
    1    347     74      -    100     89      0      0      0      0   9501   1875  23289  23289      0
    0    365     61      -    100     88      0      0      0      0   9501   1950  23289      4      0
    1    347     74      -    100     88      0      0      0      0   9501   1875  23289  23289      0
    0    356     60      -    100     19      0      0      0      0   9501   1950  23289      4      0
    1    335     74      -    100     19      0      0      0      0   9501   1875  23289  23289      0
    0    363     61      -    100     89      0      0      0      0   9501   1950  23289      4      0
    1    335     74      -    100     89      0      0      0      0   9501   1875  23289  23289      0
    0    342     60      -    100     19      0      0      0      0   9501   1950  23289      4      0
    1    318     73      -    100     19      0      0      0      0   9501   1875  23289  23289      0
    0    330     61      -    100     63      0      0      0      0   9501   1950  23289      4      0
    1    318     73      -    100     63      0      0      0      0   9501   1875  23289  23289      0
    0    363     61      -    100     88      0      0      0      0   9501   1950  23289      4      0
    1    346     74      -    100     88      0      0      0      0   9501   1875  23289  23289      0
    0    364     60      -    100     88      0      0      0      0   9501   1950  23289      4      0
    1    346     74      -    100     88      0      0      0      0   9501   1875  23289  23289      0
    0    364     60      -    100     88      0      0      0      0   9501   1950  23289      4      0
    1    347     74      -    100     88      0      0      0      0   9501   1875  23289  23289      0
    0    365     60      -    100     88      0      0      0      0   9501   1950  23289      4      0
    1    347     74      -    100     88      0      0      0      0   9501   1875  23289  23289      0
# gpu    pwr  gtemp  mtemp     sm    mem    enc    dec    jpg    ofa   mclk   pclk     fb   bar1   ccpm
# Idx      W      C      C      %      %      %      %      %      %    MHz    MHz     MB     MB     MB
    0    365     60      -    100     88      0      0      0      0   9501   1950  23289      4      0
    1    347     74      -    100     89      0      0      0      0   9501   1875  23289  23289      0
    0    365     61      -    100     88      0      0      0      0   9501   1950  23289      4      0
    1    347     74      -    100     88      0      0      0      0   9501   1875  23289  23289      0
    0    366     61      -    100     88      0      0      0      0   9501   1950  23289      4      0
    1    347     74      -    100     88      0      0      0      0   9501   1875  23289  23289      0
    0    348     60      -    100     40      0      0      0      0   9501   1950  23289      4      0
    1    323     73      -    100     41      0      0      0      0   9501   1875  23289  23289      0
    0    357     61      -    100     88      0      0      0      0   9501   1950  23289      4      0
    1    330     74      -    100     88      0      0      0      0   9501   1875  23289  23289      0
    0    342     61      -    100     43      0      0      0      0   9501   1950  23289      4      0
    1    323     74      -    100     43      0      0      0      0   9501   1875  23289  23289      0
    0    337     61      -    100     19      0      0      0      0   9501   1950  23289      4      0
    1    319     74      -    100     19      0      0      0      0   9501   1875  23289  23289      0
    0    363     61      -    100     87      0      0      0      0   9501   1950  23289      4      0
    1    346     74      -    100     88      0      0      0      0   9501   1875  23289  23289      0
    0    364     60      -    100     88      0      0      0      0   9501   1950  23289      4      0
    1    346     74      -    100     88      0      0      0      0   9501   1875  23289  23289      0
    0    364     61      -    100     88      0      0      0      0   9501   1950  23289      4      0
    1    346     74      -    100     88      0      0      0      0   9501   1875  23289  23289      0
    0    365     60      -    100     88      0      0      0      0   9501   1950  23289      4      0
    1    347     74      -    100     88      0      0      0      0   9501   1875  23289  23289      0
    0    365     61      -    100     89      0      0      0      0   9501   1950  23289      4      0
    1    347     74      -    100     89      0      0      0      0   9501   1875  23289  23289      0
    0    366     61      -    100     88      0      0      0      0   9501   1950  23289      4      0
    1    347     74      -    100     88      0      0      0      0   9501   1875  23289  23289      0
    0    369     61      -    100     88      0      0      0      0   9501   1950  23289      4      0
    1    347     74      -    100     88      0      0      0      0   9501   1875  23289  23289      0
    0    352     61      -    100     19      0      0      0      0   9501   1950  23289      4      0
    1    323     74      -    100     19      0      0      0      0   9501   1875  23289  23289      0
    0    365     61      -    100     88      0      0      0      0   9501   1950  23289      4      0
    1    338     74      -    100     88      0      0      0      0   9501   1875  23289  23289      0
    0    343     60      -    100     28      0      0      0      0   9501   1950  23289      4      0
    1    320     74      -    100     27      0      0      0      0   9501   1875  23289  23289      0
    0    332     61      -    100     53      0      0      0      0   9501   1950  23289      4      0
    1    314     74      -    100     53      0      0      0      0   9501   1875  23289  23289      0
    0    363     60      -    100     88      0      0      0      0   9501   1950  23289      4      0
    1    345     74      -    100     88      0      0      0      0   9501   1875  23289  23289      0
    0    364     60      -    100     88      0      0      0      0   9501   1950  23289      4      0
    1    346     74      -    100     88      0      0      0      0   9501   1875  23289  23289      0
    0    364     60      -    100     88      0      0      0      0   9501   1950  23289      4      0
    1    347     74      -    100     88      0      0      0      0   9501   1875  23289  23289      0
    0    364     60      -    100     88      0      0      0      0   9501   1950  23289      4      0
    1    347     74      -    100     88      0      0      0      0   9501   1875  23289  23289      0
# gpu    pwr  gtemp  mtemp     sm    mem    enc    dec    jpg    ofa   mclk   pclk     fb   bar1   ccpm
# Idx      W      C      C      %      %      %      %      %      %    MHz    MHz     MB     MB     MB
    0    364     60      -    100     88      0      0      0      0   9501   1950  23289      4      0
    1    347     74      -    100     88      0      0      0      0   9501   1875  23289  23289      0
    0    365     60      -    100     89      0      0      0      0   9501   1950  23289      4      0
    1    348     74      -    100     89      0      0      0      0   9501   1875  23289  23289      0
    0    365     60      -    100     88      0      0      0      0   9501   1950  23289      4      0
    1    347     74      -    100     88      0      0      0      0   9501   1875  23289  23289      0
    0    343     60      -    100     20      0      0      0      0   9501   1950  23289      4      0
    1    323     74      -    100     20      0      0      0      0   9501   1875  23289  23289      0
    0    358     61      -    100     88      0      0      0      0   9501   1950  23289      4      0
    1    336     73      -    100     88      0      0      0      0   9501   1875  23289  23289      0
    0    339     60      -    100     19      0      0      0      0   9501   1950  23289      4      0
    1    320     73      -    100     18      0      0      0      0   9501   1875  23289  23289      0
    0    331     60      -    100     21      0      0      0      0   9501   1950  23289      4      0
    1    315     74      -    100     21      0      0      0      0   9501   1875  23289  23289      0
    0    363     60      -    100     88      0      0      0      0   9501   1950  23289      4      0
    1    346     74      -    100     88      0      0      0      0   9501   1875  23289  23289      0
    0    363     60      -    100     88      0      0      0      0   9501   1950  23289      4      0
    1    346     74      -    100     88      0      0      0      0   9501   1875  23289  23289      0
    0    364     60      -    100     88      0      0      0      0   9501   1950  23289      4      0
    1    347     74      -    100     88      0      0      0      0   9501   1875  23289  23289      0
    0    364     60      -    100     89      0      0      0      0   9501   1950  23289      4      0
    1    347     74      -    100     88      0      0      0      0   9501   1875  23289  23289      0
    0    365     60      -    100     88      0      0      0      0   9501   1950  23289      4      0
    1    347     74      -    100     88      0      0      0      0   9501   1875  23289  23289      0
    0    365     60      -    100     88      0      0      0      0   9501   1950  23289      4      0
    1    348     74      -    100     88      0      0      0      0   9501   1875  23289  23289      0
    0    371     61      -    100     88      0      0      0      0   9501   1950  23289      4      0
    1    347     74      -    100     88      0      0      0      0   9501   1875  23289  23289      0
    0    352     61      -    100     19      0      0      0      0   9501   1950  23289      4      0
    1    322     74      -    100     19      0      0      0      0   9501   1875  23289  23289      0
    0    350     60      -    100     88      0      0      0      0   9501   1950  23289      4      0
    1    326     73      -    100     88      0      0      0      0   9501   1875  23289  23289      0
    0    334     60      -    100     22      0      0      0      0   9501   1950  23289      4      0
    1    316     74      -    100     22      0      0      0      0   9501   1875  23289  23289      0
    0    345     60      -    100     19      0      0      0      0   9501   1950  23289      4      0
    1    328     74      -    100     19      0      0      0      0   9501   1875  23289  23289      0
    0    362     60      -    100     88      0      0      0      0   9501   1950  23289      4      0
    1    346     74      -    100     88      0      0      0      0   9501   1875  23289  23289      0
    0    363     60      -    100     88      0      0      0      0   9501   1950  23289      4      0
    1    346     74      -    100     88      0      0      0      0   9501   1875  23289  23289      0
    0    363     60      -    100     88      0      0      0      0   9501   1950  23289      4      0
    1    347     74      -    100     88      0      0      0      0   9501   1875  23289  23289      0
    0    364     60      -    100     88      0      0      0      0   9501   1950  23289      4      0
    1    347     74      -    100     88      0      0      0      0   9501   1875  23289  23289      0
# gpu    pwr  gtemp  mtemp     sm    mem    enc    dec    jpg    ofa   mclk   pclk     fb   bar1   ccpm
# Idx      W      C      C      %      %      %      %      %      %    MHz    MHz     MB     MB     MB
    0    364     60      -    100     89      0      0      0      0   9501   1950  23289      4      0
    1    347     74      -    100     88      0      0      0      0   9501   1875  23289  23289      0
    0    365     60      -    100     88      0      0      0      0   9501   1950  23289      4      0
    1    347     74      -    100     88      0      0      0      0   9501   1875  23289  23289      0
    0    367     60      -    100     88      0      0      0      0   9501   1950  23289      4      0
    1    347     74      -    100     88      0      0      0      0   9501   1875  23289  23289      0
    0    350     60      -    100     81      0      0      0      0   9501   1950  23289      4      0
    1    322     74      -    100     81      0      0      0      0   9501   1875  23289  23289      0
    0    349     60      -    100     78      0      0      0      0   9501   1950  23289      4      0
    1    326     73      -    100     79      0      0      0      0   9501   1875  23289  23289      0
    0    335     60      -    100     66      0      0      0      0   9501   1950  23289      4      0
    1    317     74      -    100     68      0      0      0      0   9501   1875  23289  23289      0
    0    338     60      -    100     87      0      0      0      0   9501   1950  23289      4      0
    1    322     74      -    100     87      0      0      0      0   9501   1875  23289  23289      0
    0    363     60      -    100     88      0      0      0      0   9501   1950  23289      4      0
    1    346     74      -    100     88      0      0      0      0   9501   1875  23289  23289      0
    0    363     60      -    100     88      0      0      0      0   9501   1950  23289      4      0
    1    346     74      -    100     88      0      0      0      0   9501   1875  23289  23289      0
    0    363     60      -    100     88      0      0      0      0   9501   1950  23289      4      0
    1    346     74      -    100     88      0      0      0      0   9501   1875  23289  23289      0
    0    364     60      -    100     88      0      0      0      0   9501   1950  23289      4      0
    1    347     74      -    100     89      0      0      0      0   9501   1875  23289  23289      0
    0    364     60      -    100     88      0      0      0      0   9501   1950  23289      4      0
    1    347     74      -    100     89      0      0      0      0   9501   1875  23289  23289      0
    0    365     60      -    100     88      0      0      0      0   9501   1950  23289      4      0
    1    347     74      -    100     89      0      0      0      0   9501   1875  23289  23289      0
    0    365     60      -    100     88      0      0      0      0   9501   1950  23289      4      0
    1    347     74      -    100     88      0      0      0      0   9501   1875  23289  23289      0
    0    343     60      -    100     19      0      0      0      0   9501   1950  23289      4      0
    1    323     74      -    100     19      0      0      0      0   9501   1875  23289  23289      0
    0    344     60      -    100     61      0      0      0      0   9501   1950  23289      4      0
    1    328     73      -    100     88      0      0      0      0   9501   1875  23289  23289      0
    0    336     60      -    100     88      0      0      0      0   9501   1950  23289      4      0
    1    320     74      -    100     88      0      0      0      0   9501   1875  23289  23289      0
    0    353     60      -    100     88      0      0      0      0   9501   1950  23289      4      0
    1    337     74      -    100     88      0      0      0      0   9501   1875  23289  23289      0
    0    363     60      -    100     88      0      0      0      0   9501   1950  23289      4      0
    1    346     74      -    100     88      0      0      0      0   9501   1875  23289  23289      0
    0    363     60      -    100     88      0      0      0      0   9501   1950  23289      4      0
    1    346     74      -    100     88      0      0      0      0   9501   1875  23289  23289      0
    0    364     60      -    100     88      0      0      0      0   9501   1950  23289      4      0
    1    347     74      -    100     88      0      0      0      0   9501   1875  23289  23289      0
    0    364     60      -    100     88      0      0      0      0   9501   1950  23289      4      0
    1    347     74      -    100     88      0      0      0      0   9501   1875  23289  23289      0
# gpu    pwr  gtemp  mtemp     sm    mem    enc    dec    jpg    ofa   mclk   pclk     fb   bar1   ccpm
# Idx      W      C      C      %      %      %      %      %      %    MHz    MHz     MB     MB     MB
    0    365     60      -    100     88      0      0      0      0   9501   1950  23289      4      0
    1    347     74      -    100     88      0      0      0      0   9501   1875  23289  23289      0
    0    369     60      -    100     88      0      0      0      0   9501   1950  23289      4      0
    1    347     74      -    100     88      0      0      0      0   9501   1875  23289  23289      0
    0    357     60      -    100     19      0      0      0      0   9501   1950  23289      4      0
    1    333     73      -    100     19      0      0      0      0   9501   1875  23289  23289      0
    0    346     60      -    100     89      0      0      0      0   9501   1950  23289      4      0
    1    320     74      -    100     88      0      0      0      0   9501   1875  23289  23289      0
    0    348     60      -    100     88      0      0      0      0   9501   1950  23289      4      0
    1    323     73      -    100     87      0      0      0      0   9501   1875  23289  23289      0
    0    336     60      -    100     70      0      0      0      0   9501   1950  23289      4      0
    1    319     74      -    100     70      0      0      0      0   9501   1875  23289  23289      0
    0    351     60      -    100     88      0      0      0      0   9501   1950  23289      4      0
    1    335     74      -    100     88      0      0      0      0   9501   1875  23289  23289      0
    0    363     60      -    100     88      0      0      0      0   9501   1950  23289      4      0
    1    346     74      -    100     88      0      0      0      0   9501   1875  23289  23289      0
    0    363     60      -    100     88      0      0      0      0   9501   1950  23289      4      0
    1    346     74      -    100     88      0      0      0      0   9501   1875  23289  23289      0
    0    363     60      -    100     88      0      0      0      0   9501   1950  23289      4      0
    1    346     74      -    100     89      0      0      0      0   9501   1875  23289  23289      0
    0    364     60      -    100     89      0      0      0      0   9501   1950  23289      4      0
    1    347     74      -    100     89      0      0      0      0   9501   1875  23289  23289      0
    0    364     60      -    100     89      0      0      0      0   9501   1950  23289      4      0
    1    347     74      -    100     89      0      0      0      0   9501   1875  23289  23289      0
    0    365     60      -    100     88      0      0      0      0   9501   1950  23289      4      0
    1    347     74      -    100     88      0      0      0      0   9501   1875  23289  23289      0
    0    356     60      -    100     19      0      0      0      0   9501   1950  23289      4      0
    1    336     73      -    100     19      0      0      0      0   9501   1875  23289  23289      0
    0    343     60      -    100     88      0      0      0      0   9501   1950  23289      4      0
    1    318     74      -    100     89      0      0      0      0   9501   1875  23289  23289      0
    0    345     60      -    100     67      0      0      0      0   9501   1950  23289      4      0
    1    322     74      -    100     67      0      0      0      0   9501   1875  23289  23289      0
    0    339     60      -    100     57      0      0      0      0   9501   1950  23289      4      0
    1    323     73      -    100     58      0      0      0      0   9501   1875  23289  23289      0
    0    345     60      -    100     88      0      0      0      0   9501   1950  23289      4      0
    1    330     74      -    100     88      0      0      0      0   9501   1875  23289  23289      0
    0    363     60      -    100     88      0      0      0      0   9501   1950  23289      4      0
    1    346     74      -    100     88      0      0      0      0   9501   1875  23289  23289      0
    0    363     60      -    100     88      0      0      0      0   9501   1950  23289      4      0
    1    346     74      -    100     88      0      0      0      0   9501   1875  23289  23289      0
    0    363     60      -    100     88      0      0      0      0   9501   1950  23289      4      0
    1    346     74      -    100     88      0      0      0      0   9501   1875  23289  23289      0
    0    364     60      -    100     88      0      0      0      0   9501   1950  23289      4      0
    1    347     74      -    100     88      0      0      0      0   9501   1875  23289  23289      0
# gpu    pwr  gtemp  mtemp     sm    mem    enc    dec    jpg    ofa   mclk   pclk     fb   bar1   ccpm
# Idx      W      C      C      %      %      %      %      %      %    MHz    MHz     MB     MB     MB
    0    364     60      -    100     89      0      0      0      0   9501   1950  23289      4      0
    1    347     74      -    100     88      0      0      0      0   9501   1875  23289  23289      0
    0    364     60      -    100     88      0      0      0      0   9501   1950  23289      4      0
    1    347     74      -    100     88      0      0      0      0   9501   1875  23289  23289      0
    0    359     60      -    100     69      0      0      0      0   9501   1950  23289      4      0
    1    339     73      -    100     69      0      0      0      0   9501   1875  23289  23289      0
    0    341     60      -    100     88      0      0      0      0   9501   1950  23289      4      0
    1    318     74      -    100     88      0      0      0      0   9501   1875  23289  23289      0
    0    348     60      -    100     89      0      0      0      0   9501   1950  23289      4      0
    1    327     74      -    100     89      0      0      0      0   9501   1875  23289  23289      0
    0    340     60      -    100     28      0      0      0      0   9501   1950  23289      4      0
    1    324     74      -    100     27      0      0      0      0   9501   1875  23289  23289      0
    0    350     60      -    100     88      0      0      0      0   9501   1950  23289      4      0
    1    334     74      -    100     88      0      0      0      0   9501   1875  23289  23289      0
    0    363     60      -    100     88      0      0      0      0   9501   1950  23289      4      0
    1    346     74      -    100     88      0      0      0      0   9501   1875  23289  23289      0
    0    363     60      -    100     88      0      0      0      0   9501   1950  23289      4      0
    1    346     74      -    100     88      0      0      0      0   9501   1875  23289  23289      0
    0    364     60      -    100     88      0      0      0      0   9501   1950  23289      4      0
    1    346     74      -    100     88      0      0      0      0   9501   1875  23289  23289      0
    0    364     60      -    100     88      0      0      0      0   9501   1950  23289      4      0
    1    347     74      -    100     88      0      0      0      0   9501   1875  23289  23289      0
    0    365     60      -    100     88      0      0      0      0   9501   1950  23289      4      0
    1    347     74      -    100     88      0      0      0      0   9501   1875  23289  23289      0
    0    374     61      -    100     88      0      0      0      0   9501   1950  23289      4      0
    1    347     74      -    100     88      0      0      0      0   9501   1875  23289  23289      0
    0    364     60      -    100     19      0      0      0      0   9501   1950  23289      4      0
    1    335     73      -    100     19      0      0      0      0   9501   1875  23289  23289      0
    0    346     61      -    100     88      0      0      0      0   9501   1950  23289      4      0
    1    318     74      -    100     88      0      0      0      0   9501   1875  23289  23289      0
    0    347     61      -    100     88      0      0      0      0   9501   1950  23289      4      0
    1    323     74      -    100     88      0      0      0      0   9501   1875  23289  23289      0
    0    343     60      -    100     69      0      0      0      0   9501   1950  23289      4      0
    1    326     74      -    100     69      0      0      0      0   9501   1875  23289  23289      0
    0    348     60      -    100     88      0      0      0      0   9501   1950  23289      4      0
    1    332     74      -    100     88      0      0      0      0   9501   1875  23289  23289      0
    0    362     60      -    100     88      0      0      0      0   9501   1950  23289      4      0
    1    346     74      -    100     88      0      0      0      0   9501   1875  23289  23289      0
    0    363     60      -    100     88      0      0      0      0   9501   1950  23289      4      0
    1    346     74      -    100     88      0      0      0      0   9501   1875  23289  23289      0
    0    363     60      -    100     88      0      0      0      0   9501   1950  23289      4      0
    1    347     74      -    100     88      0      0      0      0   9501   1875  23289  23289      0
    0    364     60      -    100     88      0      0      0      0   9501   1950  23289      4      0
    1    347     74      -    100     88      0      0      0      0   9501   1875  23289  23289      0
# gpu    pwr  gtemp  mtemp     sm    mem    enc    dec    jpg    ofa   mclk   pclk     fb   bar1   ccpm
# Idx      W      C      C      %      %      %      %      %      %    MHz    MHz     MB     MB     MB
    0    364     60      -    100     89      0      0      0      0   9501   1950  23289      4      0
    1    347     74      -    100     89      0      0      0      0   9501   1875  23289  23289      0
    0    367     60      -    100     88      0      0      0      0   9501   1950  23289      4      0
    1    347     74      -    100     88      0      0      0      0   9501   1875  23289  23289      0
    0    360     60      -    100     19      0      0      0      0   9501   1950  23289      4      0
    1    335     73      -    100     19      0      0      0      0   9501   1875  23289  23289      0
    0    351     60      -    100     88      0      0      0      0   9501   1950  23289      4      0
    1    322     74      -    100     88      0      0      0      0   9501   1875  23289  23289      0
    0    346     60      -    100     88      0      0      0      0   9501   1950  23289      4      0
    1    322     74      -    100     88      0      0      0      0   9501   1875  23289  23289      0
    0    339     60      -    100     69      0      0      0      0   9501   1950  23289      4      0
    1    322     74      -    100     68      0      0      0      0   9501   1875  23289  23289      0
    0    348     60      -    100     88      0      0      0      0   9501   1950  23289      4      0
    1    332     74      -    100     88      0      0      0      0   9501   1875  23289  23289      0
    0    363     60      -    100     88      0      0      0      0   9501   1950  23289      4      0
    1    346     74      -    100     88      0      0      0      0   9501   1875  23289  23289      0
    0    363     60      -    100     88      0      0      0      0   9501   1950  23289      4      0
    1    346     74      -    100     89      0      0      0      0   9501   1875  23289  23289      0
    0    363     60      -    100     88      0      0      0      0   9501   1950  23289      4      0
    1    346     74      -    100     88      0      0      0      0   9501   1875  23289  23289      0
    0    363     60      -    100     88      0      0      0      0   9501   1950  23289      4      0
    1    347     74      -    100     88      0      0      0      0   9501   1875  23289  23289      0
    0    352     60      -    100     88      0      0      0      0   9501   1950  23289      4      0
    1    335     74      -    100     88      0      0      0      0   9501   1875  23289  23289      0
    0    364     60      -    100     88      0      0      0      0   9501   1950  23289      4      0
    1    347     74      -    100     88      0      0      0      0   9501   1875  23289  23289      0
    0    345     60      -    100     19      0      0      0      0   9501   1950  23289      4      0
    1    340     74      -    100     19      0      0      0      0   9501   1875  23289  23289      0
    0    356     60      -    100     48      0      0      0      0   9501   1950  23289      4      0
    1    330     73      -    100     48      0      0      0      0   9501   1875  23289  23289      0
    0    348     60      -    100     82      0      0      0      0   9501   1950  23289      4      0
    1    326     73      -    100     81      0      0      0      0   9501   1875  23289  23289      0
    0    342     61      -    100     88      0      0      0      0   9501   1950  23289      4      0
    1    325     74      -    100     88      0      0      0      0   9501   1875  23289  23289      0
    0    363     61      -    100     88      0      0      0      0   9501   1950  23289      4      0
    1    345     74      -    100     88      0      0      0      0   9501   1875  23289  23289      0
    0    364     61      -    100     88      0      0      0      0   9501   1950  23289      4      0
    1    346     74      -    100     88      0      0      0      0   9501   1875  23289  23289      0
    0    364     60      -    100     88      0      0      0      0   9501   1950  23289      4      0
    1    346     74      -    100     88      0      0      0      0   9501   1875  23289  23289      0
    0    366     60      -    100     89      0      0      0      0   9501   1950  23289      4      0
    1    347     74      -    100     89      0      0      0      0   9501   1875  23289  23289      0
    0    362     60      -    100     88      0      0      0      0   9501   1950  23289      4      0
    1    343     73      -    100     89      0      0      0      0   9501   1875  23289  23289      0
# gpu    pwr  gtemp  mtemp     sm    mem    enc    dec    jpg    ofa   mclk   pclk     fb   bar1   ccpm
# Idx      W      C      C      %      %      %      %      %      %    MHz    MHz     MB     MB     MB
    0    363     61      -    100     88      0      0      0      0   9501   1950  23289      4      0
    1    335     74      -    100     88      0      0      0      0   9501   1875  23289  23289      0
    0    376     61      -    100     89      0      0      0      0   9501   1950  23289      4      0
    1    347     74      -    100     89      0      0      0      0   9501   1875  23289  23289      0
    0    351     61      -    100     85      0      0      0      0   9501   1950  23289      4      0
    1    326     73      -    100     84      0      0      0      0   9501   1875  23289  23289      0
    0    350     60      -    100     30      0      0      0      0   9501   1950  23289      4      0
    1    326     73      -    100     29      0      0      0      0   9501   1875  23289  23289      0
    0    344     60      -    100     88      0      0      0      0   9501   1950  23289      4      0
    1    322     73      -    100     88      0      0      0      0   9501   1875  23289  23289      0
    0    337     60      -    100     88      0      0      0      0   9501   1950  23289      4      0
    1    320     73      -    100     88      0      0      0      0   9501   1875  23289  23289      0
    0    357     60      -    100     88      0      0      0      0   9501   1950  23289      4      0
    1    340     74      -    100     88      0      0      0      0   9501   1875  23289  23289      0
    0    363     60      -    100     88      0      0      0      0   9501   1950  23289      4      0
    1    346     74      -    100     88      0      0      0      0   9501   1875  23289  23289      0
    0    363     60      -    100     88      0      0      0      0   9501   1950  23289      4      0
    1    347     74      -    100     88      0      0      0      0   9501   1875  23289  23289      0
    0    365     60      -    100     89      0      0      0      0   9501   1950  23289      4      0
    1    347     74      -    100     89      0      0      0      0   9501   1875  23289  23289      0
    0    363     60      -    100     89      0      0      0      0   9501   1950  23289      4      0
    1    347     74      -    100     89      0      0      0      0   9501   1875  23289  23289      0
    0    353     60      -    100     88      0      0      0      0   9501   1950  23289      4      0
    1    335     74      -    100     88      0      0      0      0   9501   1875  23289  23289      0
    0    370     60      -    100     88      0      0      0      0   9501   1950  23289      4      0
    1    347     74      -    100     88      0      0      0      0   9501   1875  23289  23289      0
    0    347     60      -    100     19      0      0      0      0   9501   1950  23289      4      0
    1    327     74      -    100     19      0      0      0      0   9501   1875  23289  23289      0
    0    353     60      -    100     41      0      0      0      0   9501   1950  23289      4      0
    1    327     73      -    100     41      0      0      0      0   9501   1875  23289  23289      0
    0    343     60      -    100     88      0      0      0      0   9501   1950  23289      4      0
    1    323     73      -    100     88      0      0      0      0   9501   1875  23289  23289      0
    0    336     60      -    100     88      0      0      0      0   9501   1950  23289      4      0
    1    320     73      -    100     88      0      0      0      0   9501   1875  23289  23289      0
    0    358     60      -    100     88      0      0      0      0   9501   1950  23289      4      0
    1    341     74      -    100     88      0      0      0      0   9501   1875  23289  23289      0
    0    363     60      -    100     88      0      0      0      0   9501   1950  23289      4      0
    1    346     74      -    100     88      0      0      0      0   9501   1875  23289  23289      0
    0    366     60      -    100     88      0      0      0      0   9501   1950  23289      4      0
    1    346     74      -    100     88      0      0      0      0   9501   1875  23289  23289      0
    0    364     60      -    100     88      0      0      0      0   9501   1950  23289      4      0
    1    347     74      -    100     88      0      0      0      0   9501   1875  23289  23289      0
    0    364     60      -    100     89      0      0      0      0   9501   1950  23289      4      0
    1    347     74      -    100     89      0      0      0      0   9501   1875  23289  23289      0
# gpu    pwr  gtemp  mtemp     sm    mem    enc    dec    jpg    ofa   mclk   pclk     fb   bar1   ccpm
# Idx      W      C      C      %      %      %      %      %      %    MHz    MHz     MB     MB     MB
    0    353     61      -    100     82      0      0      0      0   9501   1950  23289      4      0
    1    335     74      -    100     83      0      0      0      0   9501   1875  23289  23289      0
    0    373     61      -    100     88      0      0      0      0   9501   1950  23289      4      0
    1    347     74      -    100     88      0      0      0      0   9501   1875  23289  23289      0
    0    359     60      -    100     19      0      0      0      0   9501   1950  23289      4      0
    1    331     73      -    100     19      0      0      0      0   9501   1875  23289  23289      0
    0    349     61      -    100     46      0      0      0      0   9501   1950  23289      4      0
    1    320     73      -    100     47      0      0      0      0   9501   1875  23289  23289      0
    0    344     61      -    100     63      0      0      0      0   9501   1950  23289      4      0
    1    323     73      -    100     62      0      0      0      0   9501   1875  23289  23289      0
    0    338     61      -    100     88      0      0      0      0   9501   1950  23289      4      0
    1    321     74      -    100     88      0      0      0      0   9501   1875  23289  23289      0
    0    360     61      -    100     88      0      0      0      0   9501   1950  23289      4      0
    1    342     74      -    100     88      0      0      0      0   9501   1875  23289  23289      0
    0    363     60      -    100     88      0      0      0      0   9501   1950  23289      4      0
    1    346     74      -    100     88      0      0      0      0   9501   1875  23289  23289      0
    0    366     60      -    100     88      0      0      0      0   9501   1950  23289      4      0
    1    346     74      -    100     88      0      0      0      0   9501   1875  23289  23289      0
    0    365     60      -    100     88      0      0      0      0   9501   1950  23289      4      0
    1    347     74      -    100     88      0      0      0      0   9501   1875  23289  23289      0
    0    364     60      -    100     89      0      0      0      0   9501   1950  23289      4      0
    1    347     74      -    100     89      0      0      0      0   9501   1875  23289  23289      0
    0    360     61      -    100     85      0      0      0      0   9501   1950  23289      4      0
    1    340     74      -    100     86      0      0      0      0   9501   1875  23289  23289      0
    0    375     61      -    100     89      0      0      0      0   9501   1950  23289      4      0
    1    347     74      -    100     89      0      0      0      0   9501   1875  23289  23289      0
    0    361     61      -    100     36      0      0      0      0   9501   1950  23289      4      0
    1    330     73      -    100     35      0      0      0      0   9501   1875  23289  23289      0
    0    347     61      -    100     64      0      0      0      0   9501   1950  23289      4      0
    1    320     73      -    100     63      0      0      0      0   9501   1875  23289  23289      0
    0    349     61      -    100     62      0      0      0      0   9501   1950  23289      4      0
    1    325     74      -    100     63      0      0      0      0   9501   1875  23289  23289      0
    0    341     61      -    100     88      0      0      0      0   9501   1950  23289      4      0
    1    323     74      -    100     88      0      0      0      0   9501   1875  23289  23289      0
    0    361     60      -    100     88      0      0      0      0   9501   1950  23289      4      0
    1    344     74      -    100     88      0      0      0      0   9501   1875  23289  23289      0
    0    363     60      -    100     88      0      0      0      0   9501   1950  23289      4      0
    1    346     74      -    100     88      0      0      0      0   9501   1875  23289  23289      0
    0    364     60      -    100     88      0      0      0      0   9501   1950  23289      4      0
    1    347     74      -    100     88      0      0      0      0   9501   1875  23289  23289      0
    0    366     60      -    100     89      0      0      0      0   9501   1950  23289      4      0
    1    347     74      -    100     89      0      0      0      0   9501   1875  23289  23289      0
    0    363     60      -    100     88      0      0      0      0   9501   1950  23289      4      0
    1    347     74      -    100     88      0      0      0      0   9501   1875  23289  23289      0
# gpu    pwr  gtemp  mtemp     sm    mem    enc    dec    jpg    ofa   mclk   pclk     fb   bar1   ccpm
# Idx      W      C      C      %      %      %      %      %      %    MHz    MHz     MB     MB     MB
    0    352     60      -    100     67      0      0      0      0   9501   1950  23289      4      0
    1    335     74      -    100     68      0      0      0      0   9501   1875  23289  23289      0
    0    370     60      -    100     88      0      0      0      0   9501   1950  23289      4      0
    1    347     74      -    100     88      0      0      0      0   9501   1875  23289  23289      0
    0    351     60      -    100     22      0      0      0      0   9501   1950  23289      4      0
    1    332     73      -    100     23      0      0      0      0   9501   1875  23289  23289      0
    0    345     61      -    100     48      0      0      0      0   9501   1950  23289      4      0
    1    323     74      -    100     46      0      0      0      0   9501   1875  23289  23289      0
    0    341     61      -    100     60      0      0      0      0   9501   1950  23289      4      0
    1    323     73      -    100     61      0      0      0      0   9501   1875  23289  23289      0
    0    334     60      -    100     76      0      0      0      0   9501   1950  23289      4      0
    1    318     73      -    100     75      0      0      0      0   9501   1875  23289  23289      0
    0    359     61      -    100     88      0      0      0      0   9501   1950  23289      4      0
    1    341     74      -    100     88      0      0      0      0   9501   1875  23289  23289      0
    0    364     61      -    100     88      0      0      0      0   9501   1950  23289      4      0
    1    346     73      -    100     88      0      0      0      0   9501   1875  23289  23289      0
    0    365     61      -    100     88      0      0      0      0   9501   1950  23289      4      0
    1    346     74      -    100     88      0      0      0      0   9501   1875  23289  23289      0
    0    367     61      -    100     88      0      0      0      0   9501   1950  23289      4      0
    1    347     74      -    100     88      0      0      0      0   9501   1875  23289  23289      0
    0    357     61      -    100     67      0      0      0      0   9501   1950  23289      4      0
    1    347     74      -    100     89      0      0      0      0   9501   1875  23289  23289      0
    0    365     61      -    100     88      0      0      0      0   9501   1950  23289      4      0
    1    335     74      -    100     68      0      0      0      0   9501   1875  23289  23289      0
    0    376     61      -    100     60      0      0      0      0   9501   1950  23289      4      0
    1    345     73      -    100     62      0      0      0      0   9501   1875  23289  23289      0
    0    342     61      -    100     35      0      0      0      0   9501   1950  23289      4      0
    1    317     73      -    100     37      0      0      0      0   9501   1875  23289  23289      0
    0    358     62      -    100     73      0      0      0      0   9501   1950  23289      4      0
    1    329     74      -    100     72      0      0      0      0   9501   1875  23289  23289      0
    0    342     61      -    100     40      0      0      0      0   9501   1950  23289      4      0
    1    319     73      -    100     40      0      0      0      0   9501   1875  23289  23289      0
    0    345     61      -    100     88      0      0      0      0   9501   1950  23289      4      0
    1    327     74      -    100     88      0      0      0      0   9501   1875  23289  23289      0
    0    363     61      -    100     88      0      0      0      0   9501   1950  23289      4      0
    1    346     74      -    100     88      0      0      0      0   9501   1875  23289  23289      0
    0    364     61      -    100     88      0      0      0      0   9501   1950  23289      4      0
    1    347     74      -    100     88      0      0      0      0   9501   1875  23289  23289      0
    0    366     60      -    100     88      0      0      0      0   9501   1950  23289      4      0
    1    347     74      -    100     88      0      0      0      0   9501   1875  23289  23289      0
    0    365     60      -    100     88      0      0      0      0   9501   1950  23289      4      0
    1    347     74      -    100     88      0      0      0      0   9501   1875  23289  23289      0
    0    356     60      -    100     43      0      0      0      0   9501   1950  23289      4      0
    1    339     74      -    100     42      0      0      0      0   9501   1875  23289  23289      0
# gpu    pwr  gtemp  mtemp     sm    mem    enc    dec    jpg    ofa   mclk   pclk     fb   bar1   ccpm
# Idx      W      C      C      %      %      %      %      %      %    MHz    MHz     MB     MB     MB
    0    361     61      -    100     88      0      0      0      0   9501   1950  23289      4      0
    1    338     74      -    100     89      0      0      0      0   9501   1875  23289  23289      0
    0    376     61      -    100     88      0      0      0      0   9501   1950  23289      4      0
    1    347     74      -    100     88      0      0      0      0   9501   1875  23289  23289      0
    0    342     61      -    100     19      0      0      0      0   9501   1950  23289      4      0
    1    322     73      -    100     19      0      0      0      0   9501   1875  23289  23289      0
    0    357     61      -    100     35      0      0      0      0   9501   1950  23289      4      0
    1    329     74      -    100     33      0      0      0      0   9501   1875  23289  23289      0
    0    336     61      -    100     18      0      0      0      0   9501   1950  23289      4      0
    1    318     73      -    100     18      0      0      0      0   9501   1875  23289  23289      0
    0    344     61      -    100     88      0      0      0      0   9501   1950  23289      4      0
    1    332     74      -    100     88      0      0      0      0   9501   1875  23289  23289      0
    0    363     61      -    100     88      0      0      0      0   9501   1950  23289      4      0
    1    346     73      -    100     88      0      0      0      0   9501   1875  23289  23289      0
    0    363     60      -    100     88      0      0      0      0   9501   1950  23289      4      0
    1    346     74      -    100     88      0      0      0      0   9501   1875  23289  23289      0
    0    366     60      -    100     88      0      0      0      0   9501   1950  23289      4      0
    1    347     74      -    100     88      0      0      0      0   9501   1875  23289  23289      0
    0    365     61      -    100     89      0      0      0      0   9501   1950  23289      4      0
    1    347     74      -    100     89      0      0      0      0   9501   1875  23289  23289      0
    0    359     61      -    100     75      0      0      0      0   9501   1950  23289      4      0
    1    339     74      -    100     74      0      0      0      0   9501   1875  23289  23289      0
    0    367     61      -    100     88      0      0      0      0   9501   1950  23289      4      0
    1    343     74      -    100     88      0      0      0      0   9501   1875  23289  23289      0
    0    377     61      -    100     88      0      0      0      0   9501   1950  23289      4      0
    1    348     74      -    100     88      0      0      0      0   9501   1875  23289  23289      0
    0    341     61      -    100     20      0      0      0      0   9501   1950  23289      4      0
    1    317     73      -    100     20      0      0      0      0   9501   1875  23289  23289      0
    0    353     61      -    100     43      0      0      0      0   9501   1950  23289      4      0
    1    330     74      -    100     41      0      0      0      0   9501   1875  23289  23289      0
    0    341     60      -    100     24      0      0      0      0   9501   1950  23289      4      0
    1    322     73      -    100     24      0      0      0      0   9501   1875  23289  23289      0
    0    342     61      -    100     88      0      0      0      0   9501   1950  23289      4      0
    1    330     74      -    100     88      0      0      0      0   9501   1875  23289  23289      0
    0    363     60      -    100     88      0      0      0      0   9501   1950  23289      4      0
    1    346     74      -    100     88      0      0      0      0   9501   1875  23289  23289      0
    0    364     60      -    100     88      0      0      0      0   9501   1950  23289      4      0
    1    346     74      -    100     88      0      0      0      0   9501   1875  23289  23289      0
    0    366     60      -    100     88      0      0      0      0   9501   1950  23289      4      0
    1    347     74      -    100     88      0      0      0      0   9501   1875  23289  23289      0
    0    364     60      -    100     88      0      0      0      0   9501   1950  23289      4      0
    1    347     74      -    100     89      0      0      0      0   9501   1875  23289  23289      0
    0    357     60      -    100     36      0      0      0      0   9501   1950  23289      4      0
    1    340     74      -    100     88      0      0      0      0   9501   1875  23289  23289      0
# gpu    pwr  gtemp  mtemp     sm    mem    enc    dec    jpg    ofa   mclk   pclk     fb   bar1   ccpm
# Idx      W      C      C      %      %      %      %      %      %    MHz    MHz     MB     MB     MB
    0    358     61      -    100     89      0      0      0      0   9501   1950  23289      4      0
    1    342     74      -    100     88      0      0      0      0   9501   1875  23289  23289      0
    0    371     61      -    100     89      0      0      0      0   9501   1950  23289      4      0
    1    347     74      -    100     89      0      0      0      0   9501   1875  23289  23289      0
    0    345     61      -    100     27      0      0      0      0   9501   1950  23289      4      0
    1    319     73      -    100     21      0      0      0      0   9501   1875  23289  23289      0
    0    356     61      -    100     33      0      0      0      0   9501   1950  23289      4      0
    1    331     74      -    100     87      0      0      0      0   9501   1875  23289  23289      0
    0    343     61      -    100     86      0      0      0      0   9501   1950  23289      4      0
    1    327     74      -    100     88      0      0      0      0   9501   1875  23289  23289      0
    0    352     61      -    100     88      0      0      0      0   9501   1950  23289      4      0
    1    334     74      -    100     88      0      0      0      0   9501   1875  23289  23289      0
    0    364     61      -    100     88      0      0      0      0   9501   1950  23289      4      0
    1    346     74      -    100     88      0      0      0      0   9501   1875  23289  23289      0
    0    364     61      -    100     88      0      0      0      0   9501   1950  23289      4      0
    1    347     74      -    100     88      0      0      0      0   9501   1875  23289  23289      0
    0    366     61      -    100     89      0      0      0      0   9501   1950  23289      4      0
    1    347     74      -    100     88      0      0      0      0   9501   1875  23289  23289      0
    0    366     61      -    100     88      0      0      0      0   9501   1950  23289      4      0
    1    347     74      -    100     88      0      0      0      0   9501   1875  23289  23289      0
    0    362     61      -    100     62      0      0      0      0   9501   1950  23289      4      0
    1    340     74      -    100     88      0      0      0      0   9501   1875  23289  23289      0
    0    376     61      -    100     88      0      0      0      0   9501   1950  23289      4      0
    1    346     74      -    100     88      0      0      0      0   9501   1875  23289  23289      0
    0    370     61      -    100     55      0      0      0      0   9501   1950  23289      4      0
    1    340     73      -    100     19      0      0      0      0   9501   1875  23289  23289      0
    0    344     61      -    100     44      0      0      0      0   9501   1950  23289      4      0
    1    320     74      -    100     90      0      0      0      0   9501   1875  23289  23289      0
    0    365     61      -    100     93      0      0      0      0   9501   1950  23289      4      0
    1    337     74      -     99     29      0      0      0      0   9501   1875  23289  23289      0
