# gpu    pwr  gtemp  mtemp     sm    mem    enc    dec    jpg    ofa   mclk   pclk  pviol  tviol     fb   bar1   ccpm  sbecc  dbecc    pci  rxpci  txpci 
# Idx      W      C      C      %      %      %      %      %      %    MHz    MHz      %   bool     MB     MB     MB   errs   errs   errs   MB/s   MB/s 
    0    120     53      -      0      0      0      0      0      0   9501   1800      0      0  23439      4      0      -      -      0      0      0 
    1    117     61      -      0      0      0      0      0      0   9501   1800      0      0  23439  23439      0      -      -      0      0    126 
    0    295     60      -     98     82      0      0      0      0   9501   1965      0      0  23439      4      0      -      -      0    714    798 
    1    165     66      -      0      0      0      0      0      0   9501   1890      0      0  23439  23439      0      -      -      0    829    790 
    0    350     61      -     97     82      0      0      0      0   9501   1965      0      0  23439      4      0      -      -      0    797    805 
    1    320     67      -     98     82      0      0      0      0   9501   1890      0      0  23439  23439      0      -      -      0    822    795 
    0    351     61      -     97     82      0      0      0      0   9501   1965      0      0  23439      4      0      -      -      0    765    778 
    1    322     68      -     98     82      0      0      0      0   9501   1890      0      0  23439  23439      0      -      -      0    815    782 
    0    351     61      -     97     82      0      0      0      0   9501   1965      0      0  23439      4      0      -      -      0    760    777 
    1    322     68      -     98     82      0      0      0      0   9501   1890      0      0  23439  23439      0      -      -      0    820    782 
    0    352     61      -     98     83      0      0      0      0   9501   1965      0      0  23439      4      0      -      -      0    769    777 
    1    322     68      -     98     82      0      0      0      0   9501   1890      0      0  23439  23439      0      -      -      0    804    783 
    0    353     61      -     97     83      0      0      0      0   9501   1965      0      0  23439      4      0      -      -      0    765    767 
    1    323     68      -     98     83      0      0      0      0   9501   1890      0      0  23439  23439      0      -      -      0    803    774 
    0    353     61      -     97     83      0      0      0      0   9501   1965      0      0  23439      4      0      -      -      0    760    770 
    1    324     68      -     98     83      0      0      0      0   9501   1890      0      0  23439  23439      0      -      -      0    796    774 
    0    353     61      -     98     84      0      0      0      0   9501   1965      0      0  23439      4      0      -      -      0    746    768 
    1    324     69      -     98     83      0      0      0      0   9501   1890      0      0  23439  23439      0      -      -      0    795    768 
    0    354     62      -     97     83      0      0      0      0   9501   1965      0      0  23439      4      0      -      -      0    734    767 
    1    325     69      -     98     83      0      0      0      0   9501   1890      0      0  23439  23439      0      -      -      0    703   2779 
    0    345     62      -     99     23      0      0      0      0   9501   1965      0      0  23439      4      0      -      -      0    749    779 
    1    318     69      -    100     25      0      0      0      0   9501   1890      0      0  23439  23439      0      -      -      0   2484   2686 
    0    344     62      -    100     47      0      0      0      0   9501   1950      0      0  23439      4      0      -      -      0   2208   2383 
    1    318     69      -     99     46      0      0      0      0   9501   1890      0      0  23439  23439      0      -      -      0   2083   2286 
    0    344     62      -     97     83      0      0      0      0   9501   1950      0      0  23439      4      0      -      -      0    771    778 
    1    318     70      -     98     83      0      0      0      0   9501   1890      0      0  23439  23439      0      -      -      0    797    781 
    0    345     63      -     97     82      0      0      0      0   9501   1950      0      0  23439      4      0      -      -      0    759    775 
    1    318     70      -     98     82      0      0      0      0   9501   1890      0      0  23439  23439      0      -      -      0    833    782 
    0    345     62      -     99     27      0      0      0      0   9501   1950      0      0  23439      4      0      -      -      0   2577   2970 
    1    317     70      -    100     30      0      0      0      0   9501   1890      0      0  23439  23439      0      -      -      0   1676    776 
    0    343     63      -     97     82      0      0      0      0   9501   1950      0      0  23439      4      0      -      -      0    759    778 
    1    318     70      -     98     82      0      0      0      0   9501   1875      0      0  23439  23439      0      -      -      0    823    784 
    0    353     63      -     97     82      0      0      0      0   9501   1950      0      0  23439      4      0      -      -      0    779    787 
    1    327     70      -     98     82      0      0      0      0   9501   1875      0      0  23439  23439      0      -      -      0    849    812 
    0    353     63      -     97     82      0      0      0      0   9501   1950      0      0  23439      4      0      -      -      0    766    783 
    1    328     70      -     98     83      0      0      0      0   9501   1875      0      0  23439  23439      0      -      -      0    819    780 
    0    354     63      -     97     83      0      0      0      0   9501   1950      0      0  23439      4      0      -      -      0    731    689 
    1    329     70      -     98     83      0      0      0      0   9501   1875      0      0  23439  23439      0      -      -      0    830    769 
    0    355     63      -     97     83      0      0      0      0   9501   1950      0      0  23439      4      0      -      -      0    762    763 
    1    329     70      -     98     83      0      0      0      0   9501   1875      0      0  23439  23439      0      -      -      0    814    775 
    0    352     64      -     97     83      0      0      0      0   9501   1950      0      0  23439      4      0      -      -      0    765    770 
    1    326     71      -     98     83      0      0      0      0   9501   1875      0      0  23439  23439      0      -      -      0   1330   2712 
    0    344     64      -     99     38      0      0      0      0   9501   1950      0      0  23439      4      0      -      -      0    745    687 
    1    318     71      -     99     35      0      0      0      0   9501   1875      0      0  23439  23439      0      -      -      0    740    789 
# gpu    pwr  gtemp  mtemp     sm    mem    enc    dec    jpg    ofa   mclk   pclk  pviol  tviol     fb   bar1   ccpm  sbecc  dbecc    pci  rxpci  txpci 
# Idx      W      C      C      %      %      %      %      %      %    MHz    MHz      %   bool     MB     MB     MB   errs   errs   errs   MB/s   MB/s 
    0    356     64      -     97     83      0      0      0      0   9501   1950      0      0  23439      4      0      -      -      0   2050   2830 
    1    330     71      -     98     83      0      0      0      0   9501   1875      0      0  23439  23439      0      -      -      0   2499   2902 
    0    349     64      -     98     84      0      0      0      0   9501   1950      0      0  23439      4      0      -      -      0    752    772 
    1    323     71      -     98     83      0      0      0      0   9501   1875      0      0  23439  23439      0      -      -      0    727    783 
    0    352     65      -     99     60      0      0      0      0   9501   1950      0      0  23439      4      0      -      -      0    966   2638 
    1    326     71      -     99     57      0      0      0      0   9501   1875      0      0  23439  23439      0      -      -      0   2472   2345 
    0    339     64      -     99     54      0      0      0      0   9501   1950      0      0  23439      4      0      -      -      0    908    778 
    1    313     71      -     99     51      0      0      0      0   9501   1875      0      0  23439  23439      0      -      -      0    800    775 
    0    346     64      -     99     36      0      0      0      0   9501   1950      0      0  23439      4      0      -      -      0    676    765 
    1    320     70      -     99     33      0      0      0      0   9501   1875      0      0  23439  23439      0      -      -      0    816    781 
    0    351     64      -     97     82      0      0      0      0   9501   1950      0      0  23439      4      0      -      -      0    765    778 
    1    326     71      -     98     82      0      0      0      0   9501   1875      0      0  23439  23439      0      -      -      0   1519   2134 
    0    349     64      -     97     82      0      0      0      0   9501   1950      0      0  23439      4      0      -      -      0    750    757 
    1    323     71      -     98     82      0      0      0      0   9501   1875      0      0  23439  23439      0      -      -      0    807    776 
    0    355     64      -     98     83      0      0      0      0   9501   1950      0      0  23439      4      0      -      -      0    764    779 
    1    329     71      -     98     83      0      0      0      0   9501   1875      0      0  23439  23439      0      -      -      0    805    781 
    0    356     64      -     97     82      0      0      0      0   9501   1950      0      0  23439      4      0      -      -      0    750    771 
    1    330     71      -     98     82      0      0      0      0   9501   1875      0      0  23439  23439      0      -      -      0    782    780 
    0    356     64      -     97     83      0      0      0      0   9501   1950      0      0  23439      4      0      -      -      0    753    763 
    1    330     71      -     98     83      0      0      0      0   9501   1875      0      0  23439  23439      0      -      -      0    803    774 
    0    353     64      -     97     83      0      0      0      0   9501   1950      0      0  23439      4      0      -      -      0    748    765 
    1    327     71      -     98     83      0      0      0      0   9501   1875      0      0  23439  23439      0      -      -      0    826    776 
    0    348     64      -     97     83      0      0      0      0   9501   1950      0      0  23439      4      0      -      -      0    769    770 
    1    323     71      -     98     83      0      0      0      0   9501   1875      0      0  23439  23439      0      -      -      0    812    777 
    0    356     64      -     97     83      0      0      0      0   9501   1950      0      0  23439      4      0      -      -      0    775    765 
    1    331     71      -     98     83      0      0      0      0   9501   1875      0      0  23439  23439      0      -      -      0    813    775 
    0    353     64      -     97     81      0      0      0      0   9501   1950      0      0  23439      4      0      -      -      0    752    772 
    1    328     72      -     98     83      0      0      0      0   9501   1875      0      0  23439  23439      0      -      -      0    815    777 
    0    345     63      -     98     54      0      0      0      0   9501   1950      0      0  23439      4      0      -      -      0    746    771 
    1    320     72      -     99     57      0      0      0      0   9501   1875      0      0  23439  23439      0      -      -      0    797   1183 
    0    346     63      -     98     65      0      0      0      0   9501   1950      0      0  23439      4      0      -      -      0    771    771 
    1    322     72      -     98     67      0      0      0      0   9501   1875      0      0  23439  23439      0      -      -      0    804    775 
    0    346     63      -     97     82      0      0      0      0   9501   1950      0      0  23439      4      0      -      -      0    764    772 
    1    321     72      -     98     84      0      0      0      0   9501   1875      0      0  23439  23439      0      -      -      0    820    775 
    0    353     63      -     97     82      0      0      0      0   9501   1950      0      0  23439      4      0      -      -      0    744    772 
    1    329     72      -     98     82      0      0      0      0   9501   1875      0      0  23439  23439      0      -      -      0    832    777 
    0    340     63      -    100     20      0      0      0      0   9501   1950      0      0  23439      4      0      -      -      0    773    777 
    1    315     72      -    100     20      0      0      0      0   9501   1875      0      0  23439  23439      0      -      -      0    836    783 
    0    348     63      -     97     82      0      0      0      0   9501   1950      0      0  23439      4      0      -      -      0    765    779 
    1    324     72      -     98     82      0      0      0      0   9501   1875      0      0  23439  23439      0      -      -      0    830    777 
    0    355     63      -     98     83      0      0      0      0   9501   1950      0      0  23439      4      0      -      -      0    753    773 
    1    330     72      -     98     82      0      0      0      0   9501   1875      0      0  23439  23439      0      -      -      0    830    781 
    0    355     63      -     98     84      0      0      0      0   9501   1950      0      0  23439      4      0      -      -      0    753    769 
    1    331     72      -     98     83      0      0      0      0   9501   1875      0      0  23439  23439      0      -      -      0    828    777 
# gpu    pwr  gtemp  mtemp     sm    mem    enc    dec    jpg    ofa   mclk   pclk  pviol  tviol     fb   bar1   ccpm  sbecc  dbecc    pci  rxpci  txpci 
# Idx      W      C      C      %      %      %      %      %      %    MHz    MHz      %   bool     MB     MB     MB   errs   errs   errs   MB/s   MB/s 
    0    349     63      -     98     83      0      0      0      0   9501   1950      0      0  23439      4      0      -      -      0   2552   2593 
    1    324     72      -     98     83      0      0      0      0   9501   1875      0      0  23439  23439      0      -      -      0   2543   1610 
    0    353     63      -     97     83      0      0      0      0   9501   1950      0      0  23439      4      0      -      -      0    777    775 
    1    328     72      -     98     83      0      0      0      0   9501   1875      0      0  23439  23439      0      -      -      0    823    785 
    0    355     63      -     98     69      0      0      0      0   9501   1950      0      0  23439      4      0      -      -      0   1366    778 
    1    331     72      -     98     67      0      0      0      0   9501   1875      0      0  23439  23439      0      -      -      0    762    777 
    0    346     63      -     98     61      0      0      0      0   9501   1950      0      0  23439      4      0      -      -      0   2472   2652 
    1    321     72      -     98     64      0      0      0      0   9501   1875      0      0  23439  23439      0      -      -      0   2468   2692 
    0    349     63      -     97     83      0      0      0      0   9501   1950      0      0  23439      4      0      -      -      0    766    777 
    1    324     72      -     98     83      0      0      0      0   9501   1875      0      0  23439  23439      0      -      -      0    807    775 
    0    355     63      -     97     83      0      0      0      0   9501   1950      0      0  23439      4      0      -      -      0    763    775 
    1    331     72      -     98     83      0      0      0      0   9501   1875      0      0  23439  23439      0      -      -      0    799    770 
    0    348     63      -     97     82      0      0      0      0   9501   1950      0      0  23439      4      0      -      -      0    766    778 
    1    324     72      -     98     83      0      0      0      0   9501   1875      0      0  23439  23439      0      -      -      0    816    778 
    0    349     63      -     97     82      0      0      0      0   9501   1950      0      0  23439      4      0      -      -      0    750    771 
    1    325     72      -     98     84      0      0      0      0   9501   1875      0      0  23439  23439      0      -      -      0    804    782 
    0    350     63      -     98     83      0      0      0      0   9501   1950      0      0  23439      4      0      -      -      0    768    776 
    1    326     72      -     98     82      0      0      0      0   9501   1875      0      0  23439  23439      0      -      -      0    816    778 
    0    348     63      -     97     83      0      0      0      0   9501   1950      0      0  23439      4      0      -      -      0    758    771 
    1    324     73      -     98     83      0      0      0      0   9501   1875      0      0  23439  23439      0      -      -      0    720    700 
    0    355     63      -     97     83      0      0      0      0   9501   1950      0      0  23439      4      0      -      -      0    666    686 
    1    332     72      -     98     83      0      0      0      0   9501   1875      0      0  23439  23439      0      -      -      0    764    790 
    0    355     63      -     97     83      0      0      0      0   9501   1950      0      0  23439      4      0      -      -      0    761    763 
    1    332     72      -     98     83      0      0      0      0   9501   1875      0      0  23439  23439      0      -      -      0    766    774 
    0    355     63      -     97     83      0      0      0      0   9501   1950      0      0  23439      4      0      -      -      0   1218   2135 
    1    332     72      -     98     84      0      0      0      0   9501   1875      0      0  23439  23439      0      -      -      0   1952   2106 
    0    348     63      -     97     83      0      0      0      0   9501   1950      0      0  23439      4      0      -      -      0    752    766 
    1    325     73      -     98     83      0      0      0      0   9501   1875      0      0  23439  23439      0      -      -      0    807    769 
    0    346     62      -     99     41      0      0      0      0   9501   1950      0      0  23439      4      0      -      -      0    771    778 
    1    322     72      -     99     38      0      0      0      0   9501   1875      0      0  23439  23439      0      -      -      0    812    776 
    0    354     63      -     97     83      0      0      0      0   9501   1950      0      0  23439      4      0      -      -      0    764    764 
    1    332     73      -     98     83      0      0      0      0   9501   1875      0      0  23439  23439      0      -      -      0    805    769 
    0    342     63      -    100     18      0      0      0      0   9501   1950      0      0  23439      4      0      -      -      0    754    763 
    1    320     73      -    100     18      0      0      0      0   9501   1875      0      0  23439  23439      0      -      -      0    807    776 
    0    354     63      -     97     83      0      0      0      0   9501   1950      0      0  23439      4      0      -      -      0   2637   2850 
    1    331     73      -     98     83      0      0      0      0   9501   1875      0      0  23439  23439      0      -      -      0   2633   2849 
    0    340     63      -    100     18      0      0      0      0   9501   1950      0      0  23439      4      0      -      -      0    780    776 
    1    317     73      -    100     18      0      0      0      0   9501   1875      0      0  23439  23439      0      -      -      0    796    770 
    0    354     62      -     97     82      0      0      0      0   9501   1950      0      0  23439      4      0      -      -      0   1824    778 
    1    332     73      -     98     82      0      0      0      0   9501   1875      0      0  23439  23439      0      -      -      0    816    778 
    0    348     63      -     99     29      0      0      0      0   9501   1950      0      0  23439      4      0      -      -      0    982   2134 
    1    325     73      -     99     31      0      0      0      0   9501   1875      0      0  23439  23439      0      -      -      0   1975   2134 
    0    349     62      -     97     83      0      0      0      0   9501   1950      0      0  23439      4      0      -      -      0    778    777 
    1    326     73      -     98     82      0      0      0      0   9501   1875      0      0  23439  23439      0      -      -      0    818    782 
# gpu    pwr  gtemp  mtemp     sm    mem    enc    dec    jpg    ofa   mclk   pclk  pviol  tviol     fb   bar1   ccpm  sbecc  dbecc    pci  rxpci  txpci 
# Idx      W      C      C      %      %      %      %      %      %    MHz    MHz      %   bool     MB     MB     MB   errs   errs   errs   MB/s   MB/s 
    0    354     63      -     97     83      0      0      0      0   9501   1950      0      0  23439      4      0      -      -      0    765    780 
    1    332     73      -     98     83      0      0      0      0   9501   1875      0      0  23439  23439      0      -      -      0    803    782 
    0    355     62      -     97     83      0      0      0      0   9501   1950      0      0  23439      4      0      -      -      0    747    925 
    1    333     73      -     98     83      0      0      0      0   9501   1875      0      0  23439  23439      0      -      -      0   1938   2100 
    0    348     62      -     97     83      0      0      0      0   9501   1950      0      0  23439      4      0      -      -      0    760    772 
    1    326     73      -     98     83      0      0      0      0   9501   1875      0      0  23439  23439      0      -      -      0    718    711 
    0    355     62      -     98     83      0      0      0      0   9501   1950      0      0  23439      4      0      -      -      0    744    771 
    1    333     73      -     98     83      0      0      0      0   9501   1875      0      0  23439  23439      0      -      -      0    813    768 
    0    350     62      -    100     21      0      0      0      0   9501   1950      0      0  23439      4      0      -      -      0    745    771 
    1    328     73      -    100     20      0      0      0      0   9501   1875      0      0  23439  23439      0      -      -      0    816    776 
    0    351     63      -     97     83      0      0      0      0   9501   1950      0      0  23439      4      0      -      -      0   2476   2901 
    1    328     73      -     98     83      0      0      0      0   9501   1875      0      0  23439  23439      0      -      -      0   2677   2898 
    0    339     62      -     99     41      0      0      0      0   9501   1950      0      0  23439      4      0      -      -      0    767    779 
    1    316     73      -     99     39      0      0      0      0   9501   1875      0      0  23439  23439      0      -      -      0    819    781 
    0    354     62      -     97     82      0      0      0      0   9501   1950      0      0  23439      4      0      -      -      0    743    770 
    1    332     73      -     98     82      0      0      0      0   9501   1875      0      0  23439  23439      0      -      -      0    810    776 
    0    351     63      -     98     60      0      0      0      0   9501   1950      0      0  23439      4      0      -      -      0    694   2014 
    1    329     73      -     98     63      0      0      0      0   9501   1875      0      0  23439  23439      0      -      -      0   1975   2134 
    0    349     62      -     97     83      0      0      0      0   9501   1950      0      0  23439      4      0      -      -      0    755    778 
    1    328     73      -     98     83      0      0      0      0   9501   1875      0      0  23439  23439      0      -      -      0    818    774 
    0    347     62      -     98     68      0      0      0      0   9501   1950      0      0  23439      4      0      -      -      0    762    774 
    1    325     73      -     98     66      0      0      0      0   9501   1875      0      0  23439  23439      0      -      -      0    816    746 
    0    351     62      -     97     83      0      0      0      0   9501   1950      0      0  23439      4      0      -      -      0    751    777 
    1    329     73      -     98     83      0      0      0      0   9501   1875      0      0  23439  23439      0      -      -      0    827    794 
    0    354     62      -     97     83      0      0      0      0   9501   1950      0      0  23439      4      0      -      -      0    768    778 
    1    332     73      -     98     83      0      0      0      0   9501   1875      0      0  23439  23439      0      -      -      0    824    781 
    0    346     62      -     97     83      0      0      0      0   9501   1950      0      0  23439      4      0      -      -      0    748    772 
    1    325     73      -     98     82      0      0      0      0   9501   1875      0      0  23439  23439      0      -      -      0    823    771 
    0    354     62      -     97     83      0      0      0      0   9501   1950      0      0  23439      4      0      -      -      0    764    765 
    1    333     73      -     98     83      0      0      0      0   9501   1875      0      0  23439  23439      0      -      -      0    808    775 
    0    342     62      -    100     18      0      0      0      0   9501   1950      0      0  23439      4      0      -      -      0    767    772 
    1    321     73      -    100     18      0      0      0      0   9501   1875      0      0  23439  23439      0      -      -      0    730    691 
    0    354     62      -     97     83      0      0      0      0   9501   1950      0      0  23439      4      0      -      -      0    762    765 
    1    333     73      -     98     83      0      0      0      0   9501   1875      0      0  23439  23439      0      -      -      0    822    769 
    0    348     62      -     99     50      0      0      0      0   9501   1950      0      0  23439      4      0      -      -      0   2807   3066 
    1    326     73      -     99     48      0      0      0      0   9501   1875      0      0  23439  23439      0      -      -      0   2652   2839 
    0    337     62      -    100     18      0      0      0      0   9501   1950      0      0  23439      4      0      -      -      0    769    786 
    1    315     73      -    100     18      0      0      0      0   9501   1875      0      0  23439  23439      0      -      -      0    807    791 
    0    354     62      -     97     83      0      0      0      0   9501   1950      0      0  23439      4      0      -      -      0    810    804 
    1    333     73      -     98     83      0      0      0      0   9501   1875      0      0  23439  23439      0      -      -      0    805    783 
    0    354     62      -     98     83      0      0      0      0   9501   1950      0      0  23439      4      0      -      -      0    670    688 
    1    333     73      -     98     83      0      0      0      0   9501   1875      0      0  23439  23439      0      -      -      0    810    770 
    0    352     62      -    100     20      0      0      0      0   9501   1950      0      0  23439      4      0      -      -      0   2600   2822 
    1    330     73      -    100     20      0      0      0      0   9501   1875      0      0  23439  23439      0      -      -      0   2672   2649 
# gpu    pwr  gtemp  mtemp     sm    mem    enc    dec    jpg    ofa   mclk   pclk  pviol  tviol     fb   bar1   ccpm  sbecc  dbecc    pci  rxpci  txpci 
# Idx      W      C      C      %      %      %      %      %      %    MHz    MHz      %   bool     MB     MB     MB   errs   errs   errs   MB/s   MB/s 
    0    335     62      -     98     72      0      0      0      0   9501   1950      0      0  23439      4      0      -      -      0    746    756 
    1    312     74      -     98     73      0      0      0      0   9501   1875      0      0  23439  23439      0      -      -      0    825    775 
    0    352     62      -     97     82      0      0      0      0   9501   1950      0      0  23439      4      0      -      -      0    776    772 
    1    331     73      -     98     82      0      0      0      0   9501   1875      0      0  23439  23439      0      -      -      0    801    783 
    0    354     62      -     97     83      0      0      0      0   9501   1950      0      0  23439      4      0      -      -      0    750    772 
    1    333     73      -     98     83      0      0      0      0   9501   1875      0      0  23439  23439      0      -      -      0    791    774 
    0    347     62      -     97     71      0      0      0      0   9501   1950      0      0  23439      4      0      -      -      0   2291   2535 
    1    325     73      -     98     74      0      0      0      0   9501   1875      0      0  23439  23439      0      -      -      0   1867    776 
    0    343     62      -     98     50      0      0      0      0   9501   1950      0      0  23439      4      0      -      -      0   1458   2135 
    1    322     73      -     99     52      0      0      0      0   9501   1875      0      0  23439  23439      0      -      -      0   1975   2134 
    0    338     62      -     97     82      0      0      0      0   9501   1950      0      0  23439      4      0      -      -      0    763    778 
    1    316     73      -     98     83      0      0      0      0   9501   1875      0      0  23439  23439      0      -      -      0    829    782 
    0    346     62      -     98     61      0      0      0      0   9501   1950      0      0  23439      4      0      -      -      0    761    778 
    1    325     73      -     99     59      0      0      0      0   9501   1875      0      0  23439  23439      0      -      -      0    827    783 
    0    353     62      -     97     82      0      0      0      0   9501   1950      0      0  23439      4      0      -      -      0    766    795 
    1    333     73      -     98     83      0      0      0      0   9501   1875      0      0  23439  23439      0      -      -      0    816    762 
    0    354     62      -     97     83      0      0      0      0   9501   1950      0      0  23439      4      0      -      -      0    681    688 
    1    333     73      -     98     83      0      0      0      0   9501   1875      0      0  23439  23439      0      -      -      0    824    776 
    0    354     62      -     97     83      0      0      0      0   9501   1950      0      0  23439      4      0      -      -      0    763    770 
    1    333     73      -     98     83      0      0      0      0   9501   1875      0      0  23439  23439      0      -      -      0    810    769 
    0    354     62      -     97     83      0      0      0      0   9501   1950      0      0  23439      4      0      -      -      0   2541   2833 
    1    333     73      -     98     84      0      0      0      0   9501   1875      0      0  23439  23439      0      -      -      0   2402   2832 
    0    339     62      -     98     51      0      0      0      0   9501   1950      0      0  23439      4      0      -      -      0    754    777 
    1    316     74      -     99     54      0      0      0      0   9501   1875      0      0  23439  23439      0      -      -      0    826    789 
    0    347     62      -     97     83      0      0      0      0   9501   1950      0      0  23439      4      0      -      -      0    774    771 
    1    327     74      -     98     84      0      0      0      0   9501   1875      0      0  23439  23439      0      -      -      0    825    776 
    0    354     62      -     97     83      0      0      0      0   9501   1950      0      0  23439      4      0      -      -      0    744    773 
    1    333     73      -     98     83      0      0      0      0   9501   1875      0      0  23439  23439      0      -      -      0    811    770 
    0    348     62      -     98     61      0      0      0      0   9501   1950      0      0  23439      4      0      -      -      0   2490   1791 
    1    327     73      -     98     62      0      0      0      0   9501   1875      0      0  23439  23439      0      -      -      0    817    769 
    0    351     62      -     98     71      0      0      0      0   9501   1950      0      0  23439      4      0      -      -      0    755    775 
    1    330     73      -     98     72      0      0      0      0   9501   1875      0      0  23439  23439      0      -      -      0    807    773 
    0    352     62      -     99     45      0      0      0      0   9501   1950      0      0  23439      4      0      -      -      0    757    771 
    1    331     74      -     99     43      0      0      0      0   9501   1875      0      0  23439  23439      0      -      -      0    823    777 
    0    353     62      -     97     83      0      0      0      0   9501   1950      0      0  23439      4      0      -      -      0    694    689 
    1    333     73      -     98     83      0      0      0      0   9501   1875      0      0  23439  23439      0      -      -      0    800    782 
    0    343     62      -     97     82      0      0      0      0   9501   1950      0      0  23439      4      0      -      -      0    759    779 
    1    322     74      -     98     82      0      0      0      0   9501   1875      0      0  23439  23439      0      -      -      0    802    782 
    0    353     62      -     97     82      0      0      0      0   9501   1950      0      0  23439      4      0      -      -      0    764    776 
    1    333     73      -     98     82      0      0      0      0   9501   1875      0      0  23439  23439      0      -      -      0    805    779 
    0    354     62      -     98     83      0      0      0      0   9501   1950      0      0  23439      4      0      -      -      0    761    772 
    1    333     73      -     98     83      0      0      0      0   9501   1875      0      0  23439  23439      0      -      -      0    839    782 
    0    354     62      -     97     83      0      0      0      0   9501   1950      0      0  23439      4      0      -      -      0    752   2015 
    1    334     74      -     98     83      0      0      0      0   9501   1875      0      0  23439  23439      0      -      -      0   1975   2087 
# gpu    pwr  gtemp  mtemp     sm    mem    enc    dec    jpg    ofa   mclk   pclk  pviol  tviol     fb   bar1   ccpm  sbecc  dbecc    pci  rxpci  txpci 
# Idx      W      C      C      %      %      %      %      %      %    MHz    MHz      %   bool     MB     MB     MB   errs   errs   errs   MB/s   MB/s 
    0    348     62      -     98     83      0      0      0      0   9501   1950      0      0  23439      4      0      -      -      0   2131    772 
    1    327     73      -     98     83      0      0      0      0   9501   1875      0      0  23439  23439      0      -      -      0    760    774 
    0    348     62      -     97     83      0      0      0      0   9501   1950      0      0  23439      4      0      -      -      0    770    772 
    1    328     73      -     98     83      0      0      0      0   9501   1875      0      0  23439  23439      0      -      -      0    714    698 
    0    346     62      -     98     83      0      0      0      0   9501   1950      0      0  23439      4      0      -      -      0    753    771 
    1    325     74      -     98     83      0      0      0      0   9501   1875      0      0  23439  23439      0      -      -      0    773    773 
    0    354     62      -     97     83      0      0      0      0   9501   1950      0      0  23439      4      0      -      -      0    755    768 
    1    334     74      -     98     83      0      0      0      0   9501   1875      0      0  23439  23439      0      -      -      0    791    765 
    0    347     62      -     98     61      0      0      0      0   9501   1950      0      0  23439      4      0      -      -      0    685    688 
    1    326     74      -     99     59      0      0      0      0   9501   1875      0      0  23439  23439      0      -      -      0    721   2591 
    0    347     62      -     99     50      0      0      0      0   9501   1950      0      0  23439      4      0      -      -      0    761    772 
    1    327     74      -     99     48      0      0      0      0   9501   1875      0      0  23439  23439      0      -      -      0    750    773 
    0    348     62      -     97     82      0      0      0      0   9501   1950      0      0  23439      4      0      -      -      0    764    771 
    1    327     74      -     98     83      0      0      0      0   9501   1875      0      0  23439  23439      0      -      -      0    835    776 
    0    347     62      -     97     82      0      0      0      0   9501   1950      0      0  23439      4      0      -      -      0    689    688 
    1    327     74      -     98     83      0      0      0      0   9501   1875      0      0  23439  23439      0      -      -      0    827    769 
    0    354     62      -     98     83      0      0      0      0   9501   1950      0      0  23439      4      0      -      -      0    733    687 
    1    333     74      -     98     83      0      0      0      0   9501   1875      0      0  23439  23439      0      -      -      0    756    776 
    0    347     62      -     99     27      0      0      0      0   9501   1950      0      0  23439      4      0      -      -      0    760    770 
    1    326     74      -     99     29      0      0      0      0   9501   1875      0      0  23439  23439      0      -      -      0    820    783 
    0    350     62      -     98     83      0      0      0      0   9501   1950      0      0  23439      4      0      -      -      0    775    776 
    1    333     74      -     98     83      0      0      0      0   9501   1875      0      0  23439  23439      0      -      -      0    824    783 
    0    354     62      -     97     83      0      0      0      0   9501   1950      0      0  23439      4      0      -      -      0    735    786 
    1    334     74      -     98     83      0      0      0      0   9501   1875      0      0  23439  23439      0      -      -      0    835    773 
    0    354     62      -     97     82      0      0      0      0   9501   1950      0      0  23439      4      0      -      -      0    758    765 
    1    334     74      -     98     83      0      0      0      0   9501   1875      0      0  23439  23439      0      -      -      0    804    769 
    0    354     61      -     98     83      0      0      0      0   9501   1950      0      0  23439      4      0      -      -      0    760   2733 
    1    332     73      -     98     84      0      0      0      0   9501   1875      0      0  23439  23439      0      -      -      0   2519   3041 
    0    344     62      -    100     21      0      0      0      0   9501   1950      0      0  23439      4      0      -      -      0   1152   2834 
    1    322     74      -    100     20      0      0      0      0   9501   1875      0      0  23439  23439      0      -      -      0   2333   2669 
    0    340     62      -    100     18      0      0      0      0   9501   1950      0      0  23439      4      0      -      -      0   2365   2786 
    1    314     74      -    100     18      0      0      0      0   9501   1875      0      0  23439  23439      0      -      -      0   2362   2785 
    0    341     62      -    100     22      0      0      0      0   9501   1950      0      0  23439      4      0      -      -      0    773    786 
    1    322     74      -     98     52      0      0      0      0   9501   1875      0      0  23439  23439      0      -      -      0    825    791 
    0    353     62      -     98     83      0      0      0      0   9501   1950      0      0  23439      4      0      -      -      0    765    776 
    1    333     74      -     98     82      0      0      0      0   9501   1875      0      0  23439  23439      0      -      -      0    823    776 
    0    350     62      -     97     81      0      0      0      0   9501   1950      0      0  23439      4      0      -      -      0    754    770 
    1    330     74      -     98     82      0      0      0      0   9501   1875      0      0  23439  23439      0      -      -      0    852    791 
    0    353     62      -     97     83      0      0      0      0   9501   1950      0      0  23439      4      0      -      -      0    750    765 
    1    333     74      -     98     83      0      0      0      0   9501   1875      0      0  23439  23439      0      -      -      0    731    692 
    0    346     61      -     97     82      0      0      0      0   9501   1950      0      0  23439      4      0      -      -      0   1978   1720 
    1    322     74      -    100     22      0      0      0      0   9501   1875      0      0  23439  23439      0      -      -      0    835    783 
    0    342     61      -     97     83      0      0      0      0   9501   1950      0      0  23439      4      0      -      -      0    771    778 
    1    321     74      -     98     82      0      0      0      0   9501   1875      0      0  23439  23439      0      -      -      0    838    781 
# gpu    pwr  gtemp  mtemp     sm    mem    enc    dec    jpg    ofa   mclk   pclk  pviol  tviol     fb   bar1   ccpm  sbecc  dbecc    pci  rxpci  txpci 
# Idx      W      C      C      %      %      %      %      %      %    MHz    MHz      %   bool     MB     MB     MB   errs   errs   errs   MB/s   MB/s 
    0    353     61      -     97     83      0      0      0      0   9501   1950      0      0  23439      4      0      -      -      0    742    777 
    1    333     74      -     98     83      0      0      0      0   9501   1875      0      0  23439  23439      0      -      -      0    835    777 
    0    353     61      -     98     83      0      0      0      0   9501   1950      0      0  23439      4      0      -      -      0    765    772 
    1    334     74      -     98     83      0      0      0      0   9501   1875      0      0  23439  23439      0      -      -      0    798    770 
    0    354     61      -     97     83      0      0      0      0   9501   1950      0      0  23439      4      0      -      -      0    756    764 
    1    334     74      -     98     83      0      0      0      0   9501   1875      0      0  23439  23439      0      -      -      0    828   1468 
    0    340     62      -    100     20      0      0      0      0   9501   1950      0      0  23439      4      0      -      -      0    663    693 
    1    319     74      -    100     23      0      0      0      0   9501   1875      0      0  23439  23439      0      -      -      0    821    785 
    0    356     62      -     97     82      0      0      0      0   9501   1950      0      0  23439      4      0      -      -      0    761    772 
    1    334     73      -     98     83      0      0      0      0   9501   1875      0      0  23439  23439      0      -      -      0    811    777 
    0    348     61      -    100     18      0      0      0      0   9501   1950      0      0  23439      4      0      -      -      0   2308    779 
    1    326     73      -    100     18      0      0      0      0   9501   1875      0      0  23439  23439      0      -      -      0    691    692 
    0    338     62      -     97     82      0      0      0      0   9501   1950      0      0  23439      4      0      -      -      0    772    776 
    1    321     74      -     98     77      0      0      0      0   9501   1875      0      0  23439  23439      0      -      -      0    743    693 
    0    352     61      -     98     83      0      0      0      0   9501   1950      0      0  23439      4      0      -      -      0    750    801 
    1    333     74      -     98     83      0      0      0      0   9501   1875      0      0  23439  23439      0      -      -      0    820    776 
    0    350     61      -     98     70      0      0      0      0   9501   1950      0      0  23439      4      0      -      -      0    774    779 
    1    326     73      -     99     30      0      0      0      0   9501   1875      0      0  23439  23439      0      -      -      0    823    784 
    0    350     61      -     97     83      0      0      0      0   9501   1950      0      0  23439      4      0      -      -      0    769    770 
    1    330     74      -     98     83      0      0      0      0   9501   1875      0      0  23439  23439      0      -      -      0    831    775 
    0    353     61      -     98     83      0      0      0      0   9501   1950      0      0  23439      4      0      -      -      0    763    765 
    1    334     74      -     98     83      0      0      0      0   9501   1875      0      0  23439  23439      0      -      -      0    811    780 
    0    346     61      -     99     60      0      0      0      0   9501   1950      0      0  23439      4      0      -      -      0    746    766 
    1    326     74      -     99     40      0      0      0      0   9501   1875      0      0  23439  23439      0      -      -      0    803    774 
    0    353     61      -     98     84      0      0      0      0   9501   1950      0      0  23439      4      0      -      -      0    767    765 
    1    334     74      -     98     83      0      0      0      0   9501   1875      0      0  23439  23439      0      -      -      0    806    769 
    0    353     61      -     97     83      0      0      0      0   9501   1950      0      0  23439      4      0      -      -      0    747    758 
    1    334     74      -     98     83      0      0      0      0   9501   1875      0      0  23439  23439      0      -      -      0    809    768 
    0    343     61      -     98     67      0      0      0      0   9501   1950      0      0  23439      4      0      -      -      0    733    985 
    1    323     74      -    100     18      0      0      0      0   9501   1875      0      0  23439  23439      0      -      -      0    922    775 
    0    352     61      -     98     75      0      0      0      0   9501   1950      0      0  23439      4      0      -      -      0    757    766 
    1    328     74      -     98     80      0      0      0      0   9501   1875      0      0  23439  23439      0      -      -      0    804    927 
    0    355     61      -     97     83      0      0      0      0   9501   1950      0      0  23439      4      0      -      -      0    766    779 
    1    333     74      -     98     82      0      0      0      0   9501   1875      0      0  23439  23439      0      -      -      0    803    789 
    0    354     61      -     97     83      0      0      0      0   9501   1950      0      0  23439      4      0      -      -      0    754    770 
    1    334     74      -     98     82      0      0      0      0   9501   1875      0      0  23439  23439      0      -      -      0    820    776 
    0    353     61      -     97     83      0      0      0      0   9501   1950      0      0  23439      4      0      -      -      0   2642   2693 
    1    334     74      -     98     83      0      0      0      0   9501   1875      0      0  23439  23439      0      -      -      0   2565   2773 
    0    346     61      -     97     83      0      0      0      0   9501   1950      0      0  23439      4      0      -      -      0    770    782 
    1    326     74      -     98     82      0      0      0      0   9501   1875      0      0  23439  23439      0      -      -      0   1975   2134 
    0    341     61      -     97     83      0      0      0      0   9501   1950      0      0  23439      4      0      -      -      0    768    763 
    1    321     74      -     98     83      0      0      0      0   9501   1875      0      0  23439  23439      0      -      -      0    775    780 
    0    347     61      -     98     52      0      0      0      0   9501   1950      0      0  23439      4      0      -      -      0    720    696 
    1    326     74      -     98     69      0      0      0      0   9501   1875      0      0  23439  23439      0      -      -      0    806    762 
# gpu    pwr  gtemp  mtemp     sm    mem    enc    dec    jpg    ofa   mclk   pclk  pviol  tviol     fb   bar1   ccpm  sbecc  dbecc    pci  rxpci  txpci 
# Idx      W      C      C      %      %      %      %      %      %    MHz    MHz      %   bool     MB     MB     MB   errs   errs   errs   MB/s   MB/s 
    0    352     61      -     97     83      0      0      0      0   9501   1950      0      0  23439      4      0      -      -      0    760    688 
    1    334     74      -     98     82      0      0      0      0   9501   1875      0      0  23439  23439      0      -      -      0    790    775 
    0    353     61      -     97     83      0      0      0      0   9501   1950      0      0  23439      4      0      -      -      0    738    764 
    1    334     74      -     98     83      0      0      0      0   9501   1875      0      0  23439  23439      0      -      -      0    816    779 
    0    347     61      -    100     22      0      0      0      0   9501   1950      0      0  23439      4      0      -      -      0    729    686 
    1    327     74      -     99     33      0      0      0      0   9501   1875      0      0  23439  23439      0      -      -      0    713   2737 
    0    345     61      -     98     64      0      0      0      0   9501   1950      0      0  23439      4      0      -      -      0    759    771 
    1    319     74      -    100     20      0      0      0      0   9501   1875      0      0  23439  23439      0      -      -      0    787    780 
    0    359     61      -     97     83      0      0      0      0   9501   1950      0      0  23439      4      0      -      -      0    754    777 
    1    334     74      -     98     83      0      0      0      0   9501   1875      0      0  23439  23439      0      -      -      0    780    775 
    0    348     61      -     97     83      0      0      0      0   9501   1950      0      0  23439      4      0      -      -      0   2428   2533 
    1    330     74      -     98     82      0      0      0      0   9501   1875      0      0  23439  23439      0      -      -      0   2176   2533 
    0    341     61      -     97     82      0      0      0      0   9501   1950      0      0  23439      4      0      -      -      0    767    776 
    1    321     74      -     98     82      0      0      0      0   9501   1875      0      0  23439  23439      0      -      -      0    804    782 
    0    352     61      -     97     83      0      0      0      0   9501   1950      0      0  23439      4      0      -      -      0    743    763 
    1    334     74      -     98     82      0      0      0      0   9501   1875      0      0  23439  23439      0      -      -      0    802    776 
    0    353     61      -     98     84      0      0      0      0   9501   1950      0      0  23439      4      0      -      -      0    765    778 
    1    334     74      -     98     83      0      0      0      0   9501   1875      0      0  23439  23439      0      -      -      0    767   2014 
    0    346     61      -     97     83      0      0      0      0   9501   1950      0      0  23439      4      0      -      -      0    764    764 
    1    327     74      -     98     83      0      0      0      0   9501   1875      0      0  23439  23439      0      -      -      0    812    774 
    0    352     61      -     97     83      0      0      0      0   9501   1950      0      0  23439      4      0      -      -      0    770    763 
    1    334     74      -     98     83      0      0      0      0   9501   1875      0      0  23439  23439      0      -      -      0    752    768 
    0    352     61      -     98     83      0      0      0      0   9501   1950      0      0  23439      4      0      -      -      0    660    693 
    1    334     74      -     98     82      0      0      0      0   9501   1875      0      0  23439  23439      0      -      -      0    728    687 
    0    345     61      -     98     84      0      0      0      0   9501   1950      0      0  23439      4      0      -      -      0    752    770 
    1    322     74      -     98     83      0      0      0      0   9501   1875      0      0  23439  23439      0      -      -      0    793    770 
    0    346     61      -     98     83      0      0      0      0   9501   1950      0      0  23439      4      0      -      -      0    765    778 
    1    321     73      -     98     83      0      0      0      0   9501   1875      0      0  23439  23439      0      -      -      0   1672   2785 
    0    340     61      -     97     83      0      0      0      0   9501   1950      0      0  23439      4      0      -      -      0    756    690 
    1    321     74      -    100     27      0      0      0      0   9501   1875      0      0  23439  23439      0      -      -      0    821    782 
    0    346     61      -     97     82      0      0      0      0   9501   1950      0      0  23439      4      0      -      -      0   2515   2718 
    1    326     74      -     98     83      0      0      0      0   9501   1875      0      0  23439  23439      0      -      -      0   2511   2717 
    0    341     61      -     98     72      0      0      0      0   9501   1950      0      0  23439      4      0      -      -      0    759    691 
    1    322     74      -     99     62      0      0      0      0   9501   1875      0      0  23439  23439      0      -      -      0    786    777 
    0    346     61      -     97     82      0      0      0      0   9501   1950      0      0  23439      4      0      -      -      0    759    770 
    1    329     74      -     98     82      0      0      0      0   9501   1875      0      0  23439  23439      0      -      -      0   1030    783 
    0    347     61      -     98     62      0      0      0      0   9501   1950      0      0  23439      4      0      -      -      0    746    771 
    1    326     74      -     99     37      0      0      0      0   9501   1875      0      0  23439  23439      0      -      -      0    836    801 
    0    347     61      -     97     82      0      0      0      0   9501   1950      0      0  23439      4      0      -      -      0    738    697 
    1    330     74      -     98     83      0      0      0      0   9501   1875      0      0  23439  23439      0      -      -      0    808    766 
    0    352     61      -     97     83      0      0      0      0   9501   1950      0      0  23439      4      0      -      -      0    671    687 
    1    334     74      -     98     82      0      0      0      0   9501   1875      0      0  23439  23439      0      -      -      0    795    775 
    0    352     61      -     97     83      0      0      0      0   9501   1950      0      0  23439      4      0      -      -      0    757    765 
    1    334     74      -     98     83      0      0      0      0   9501   1875      0      0  23439  23439      0      -      -      0    802    769 
# gpu    pwr  gtemp  mtemp     sm    mem    enc    dec    jpg    ofa   mclk   pclk  pviol  tviol     fb   bar1   ccpm  sbecc  dbecc    pci  rxpci  txpci 
# Idx      W      C      C      %      %      %      %      %      %    MHz    MHz      %   bool     MB     MB     MB   errs   errs   errs   MB/s   MB/s 
    0    340     61      -    100     18      0      0      0      0   9501   1950      0      0  23439      4      0      -      -      0    764    777 
    1    322     74      -     99     31      0      0      0      0   9501   1875      0      0  23439  23439      0      -      -      0    809    769 
    0    352     61      -     97     83      0      0      0      0   9501   1950      0      0  23439      4      0      -      -      0    774    763 
    1    334     74      -     98     82      0      0      0      0   9501   1875      0      0  23439  23439      0      -      -      0    708    696 
    0    349     61      -     97     83      0      0      0      0   9501   1950      0      0  23439      4      0      -      -      0    794    764 
    1    327     73      -     98     83      0      0      0      0   9501   1875      0      0  23439  23439      0      -      -      0    729    690 
    0    350     61      -     97     83      0      0      0      0   9501   1950      0      0  23439      4      0      -      -      0   2681   2898 
    1    330     74      -     98     82      0      0      0      0   9501   1875      0      0  23439  23439      0      -      -      0   2677   2898 
    0    344     61      -     97     74      0      0      0      0   9501   1950      0      0  23439      4      0      -      -      0    763    770 
    1    320     74      -    100     22      0      0      0      0   9501   1875      0      0  23439  23439      0      -      -      0    806    781 
    0    347     61      -     98     69      0      0      0      0   9501   1950      0      0  23439      4      0      -      -      0   1922   2122 
    1    325     74      -    100     22      0      0      0      0   9501   1875      0      0  23439  23439      0      -      -      0    938    782 
    0    345     61      -     97     82      0      0      0      0   9501   1950      0      0  23439      4      0      -      -      0    769    779 
    1    327     74      -     98     82      0      0      0      0   9501   1875      0      0  23439  23439      0      -      -      0    816    783 
    0    351     61      -     97     82      0      0      0      0   9501   1950      0      0  23439      4      0      -      -      0    758    771 
    1    334     74      -     98     82      0      0      0      0   9501   1875      0      0  23439  23439      0      -      -      0    831    775 
    0    348     61      -     97     82      0      0      0      0   9501   1950      0      0  23439      4      0      -      -      0   2515   2680 
    1    330     74      -     98     83      0      0      0      0   9501   1875      0      0  23439  23439      0      -      -      0    815    762 
    0    351     61      -     97     82      0      0      0      0   9501   1950      0      0  23439      4      0      -      -      0    779    764 
    1    334     74      -     98     83      0      0      0      0   9501   1875      0      0  23439  23439      0      -      -      0   1124    777 
    0    350     61      -     98     83      0      0      0      0   9501   1950      0      0  23439      4      0      -      -      0   2087   2253 
    1    331     74      -     98     83      0      0      0      0   9501   1875      0      0  23439  23439      0      -      -      0   1202    784 
    0    348     61      -     97     83      0      0      0      0   9501   1950      0      0  23439      4      0      -      -      0    753    772 
    1    329     74      -     98     83      0      0      0      0   9501   1875      0      0  23439  23439      0      -      -      0    813    783 
    0    347     61      -     97     83      0      0      0      0   9501   1950      0      0  23439      4      0      -      -      0    775    783 
    1    327     74      -     99     34      0      0      0      0   9501   1875      0      0  23439  23439      0      -      -      0    771    691 
    0    349     61      -     97     83      0      0      0      0   9501   1950      0      0  23439      4      0      -      -      0    750    775 
    1    331     74      -     98     83      0      0      0      0   9501   1875      0      0  23439  23439      0      -      -      0    809    776 
    0    347     61      -     99     42      0      0      0      0   9501   1950      0      0  23439      4      0      -      -      0    777    770 
    1    327     74      -     98     83      0      0      0      0   9501   1875      0      0  23439  23439      0      -      -      0    722    693 
    0    354     61      -     98     84      0      0      0      0   9501   1950      0      0  23439      4      0      -      -      0   2348   2536 
    1    334     74      -     98     83      0      0      0      0   9501   1875      0      0  23439  23439      0      -      -      0   2268   2536 
    0    340     61      -     98     83      0      0      0      0   9501   1950      0      0  23439      4      0      -      -      0    774    770 
    1    321     74      -     98     83      0      0      0      0   9501   1875      0      0  23439  23439      0      -      -      0    898   2726 
    0    346     61      -     98     83      0      0      0      0   9501   1950      0      0  23439      4      0      -      -      0    758    771 
    1    327     74      -     98     83      0      0      0      0   9501   1875      0      0  23439  23439      0      -      -      0    823    781 
    0    353     61      -     97     82      0      0      0      0   9501   1950      0      0  23439      4      0      -      -      0    765    765 
    1    334     74      -     98     83      0      0      0      0   9501   1875      0      0  23439  23439      0      -      -      0    812    770 
    0    342     61      -     99     46      0      0      0      0   9501   1950      0      0  23439      4      0      -      -      0    788    687 
    1    318     74      -     98     61      0      0      0      0   9501   1875      0      0  23439  23439      0      -      -      0    816    776 
    0    347     61      -     98     83      0      0      0      0   9501   1950      0      0  23439      4      0      -      -      0    778    689 
    1    328     74      -     98     83      0      0      0      0   9501   1875      0      0  23439  23439      0      -      -      0    824    776 
    0    346     61      -     97     82      0      0      0      0   9501   1950      0      0  23439      4      0      -      -      0    770    773 
    1    329     74      -     98     82      0      0      0      0   9501   1875      0      0  23439  23439      0      -      -      0    798    782 
# gpu    pwr  gtemp  mtemp     sm    mem    enc    dec    jpg    ofa   mclk   pclk  pviol  tviol     fb   bar1   ccpm  sbecc  dbecc    pci  rxpci  txpci 
# Idx      W      C      C      %      %      %      %      %      %    MHz    MHz      %   bool     MB     MB     MB   errs   errs   errs   MB/s   MB/s 
    0    351     61      -     97     83      0      0      0      0   9501   1950      0      0  23439      4      0      -      -      0    762    780 
    1    330     74      -     98     83      0      0      0      0   9501   1875      0      0  23439  23439      0      -      -      0    795    781 
    0    345     61      -     97     82      0      0      0      0   9501   1950      0      0  23439      4      0      -      -      0    760    767 
    1    328     74      -     98     83      0      0      0      0   9501   1875      0      0  23439  23439      0      -      -      0    787    775 
    0    353     61      -     98     83      0      0      0      0   9501   1950      0      0  23439      4      0      -      -      0    768    771 
    1    334     74      -     98     82      0      0      0      0   9501   1875      0      0  23439  23439      0      -      -      0    771    767 
    0    350     60      -    100     18      0      0      0      0   9501   1950      0      0  23439      4      0      -      -      0   2463   2660 
    1    326     74      -     99     34      0      0      0      0   9501   1875      0      0  23439  23439      0      -      -      0   1543   1546 
    0    333     61      -     97     83      0      0      0      0   9501   1950      0      0  23439      4      0      -      -      0    757    774 
    1    313     74      -     98     83      0      0      0      0   9501   1875      0      0  23439  23439      0      -      -      0    788    782 
    0    360     61      -     97     83      0      0      0      0   9501   1950      0      0  23439      4      0      -      -      0    776    776 
    1    334     74      -     98     83      0      0      0      0   9501   1875      0      0  23439  23439      0      -      -      0    723    691 
    0    352     61      -     97     82      0      0      0      0   9501   1950      0      0  23439      4      0      -      -      0    757    769 
    1    334     74      -     98     83      0      0      0      0   9501   1875      0      0  23439  23439      0      -      -      0    744    693 
    0    352     61      -     97     83      0      0      0      0   9501   1950      0      0  23439      4      0      -      -      0    752   2337 
    1    334     74      -     98     83      0      0      0      0   9501   1875      0      0  23439  23439      0      -      -      0   2776   3003 
    0    351     60      -     98     65      0      0      0      0   9501   1950      0      0  23439      4      0      -      -      0    774   2590 
    1    331     74      -     98     65      0      0      0      0   9501   1875      0      0  23439  23439      0      -      -      0   2512   2783 
    0    351     61      -     97     83      0      0      0      0   9501   1950      0      0  23439      4      0      -      -      0    760    771 
    1    327     74      -     98     70      0      0      0      0   9501   1875      0      0  23439  23439      0      -      -      0    791    774 
    0    349     60      -     97     82      0      0      0      0   9501   1950      0      0  23439      4      0      -      -      0   2551   2755 
    1    329     74      -     98     83      0      0      0      0   9501   1875      0      0  23439  23439      0      -      -      0   2429   2754 
    0    347     60      -    100     22      0      0      0      0   9501   1950      0      0  23439      4      0      -      -      0    781    772 
    1    327     74      -     98     77      0      0      0      0   9501   1875      0      0  23439  23439      0      -      -      0    827    802 
    0    351     60      -     97     83      0      0      0      0   9501   1950      0      0  23439      4      0      -      -      0   1660    782 
    1    334     74      -     98     83      0      0      0      0   9501   1875      0      0  23439  23439      0      -      -      0    821    789 
    0    348     60      -     97     83      0      0      0      0   9501   1950      0      0  23439      4      0      -      -      0    750    772 
    1    331     74      -     98     82      0      0      0      0   9501   1875      0      0  23439  23439      0      -      -      0    800    774 
    0    347     61      -     99     55      0      0      0      0   9501   1950      0      0  23439      4      0      -      -      0    754    694 
    1    328     74      -     98     67      0      0      0      0   9501   1875      0      0  23439  23439      0      -      -      0    812    786 
    0    354     60      -     97     82      0      0      0      0   9501   1950      0      0  23439      4      0      -      -      0    758    770 
    1    332     74      -     98     82      0      0      0      0   9501   1875      0      0  23439  23439      0      -      -      0    806    777 
    0    353     60      -     97     82      0      0      0      0   9501   1950      0      0  23439      4      0      -      -      0    775    771 
    1    333     74      -     98     83      0      0      0      0   9501   1875      0      0  23439  23439      0      -      -      0    805    775 
    0    345     60      -    100     18      0      0      0      0   9501   1950      0      0  23439      4      0      -      -      0   2083   2760 
    1    325     74      -     98     64      0      0      0      0   9501   1875      0      0  23439  23439      0      -      -      0   2525   2732 
    0    345     61      -     97     83      0      0      0      0   9501   1950      0      0  23439      4      0      -      -      0    692    687 
    1    326     74      -     99     59      0      0      0      0   9501   1875      0      0  23439  23439      0      -      -      0    793    776 
    0    350     60      -     97     82      0      0      0      0   9501   1950      0      0  23439      4      0      -      -      0   2520   2719 
    1    333     74      -     98     82      0      0      0      0   9501   1875      0      0  23439  23439      0      -      -      0   2313    781 
    0    345     60      -     99     52      0      0      0      0   9501   1950      0      0  23439      4      0      -      -      0    752    775 
    1    326     74      -     99     48      0      0      0      0   9501   1875      0      0  23439  23439      0      -      -      0    818    780 
    0    351     60      -     97     82      0      0      0      0   9501   1950      0      0  23439      4      0      -      -      0    752    771 
    1    334     74      -     98     83      0      0      0      0   9501   1875      0      0  23439  23439      0      -      -      0    822    774 
# gpu    pwr  gtemp  mtemp     sm    mem    enc    dec    jpg    ofa   mclk   pclk  pviol  tviol     fb   bar1   ccpm  sbecc  dbecc    pci  rxpci  txpci 
# Idx      W      C      C      %      %      %      %      %      %    MHz    MHz      %   bool     MB     MB     MB   errs   errs   errs   MB/s   MB/s 
    0    352     61      -     97     83      0      0      0      0   9501   1950      0      0  23439      4      0      -      -      0    745    772 
    1    334     73      -     98     82      0      0      0      0   9501   1875      0      0  23439  23439      0      -      -      0    736    694 
    0    349     61      -     97     83      0      0      0      0   9501   1950      0      0  23439      4      0      -      -      0    773    804 
    1    334     74      -     98     83      0      0      0      0   9501   1875      0      0  23439  23439      0      -      -      0    739    797 
    0    352     61      -     98     83      0      0      0      0   9501   1950      0      0  23439      4      0      -      -      0    735    764 
    1    334     74      -     98     82      0      0      0      0   9501   1875      0      0  23439  23439      0      -      -      0    792    769 
    0    345     60      -    100     18      0      0      0      0   9501   1950      0      0  23439      4      0      -      -      0    762    774 
    1    325     74      -     98     63      0      0      0      0   9501   1875      0      0  23439  23439      0      -      -      0    804    776 
    0    352     61      -     97     82      0      0      0      0   9501   1950      0      0  23439      4      0      -      -      0    960    771 
    1    327     74      -     99     39      0      0      0      0   9501   1875      0      0  23439  23439      0      -      -      0    808    779 
    0    347     61      -     99     24      0      0      0      0   9501   1950      0      0  23439      4      0      -      -      0   2493   2655 
    1    323     74      -     98     83      0      0      0      0   9501   1875      0      0  23439  23439      0      -      -      0   2481   1932 
    0    347     61      -     97     82      0      0      0      0   9501   1950      0      0  23439      4      0      -      -      0    755    778 
    1    326     74      -     98     83      0      0      0      0   9501   1875      0      0  23439  23439      0      -      -      0    843    776 
    0    339     60      -    100     31      0      0      0      0   9501   1950      0      0  23439      4      0      -      -      0    749    776 
    1    321     74      -    100     18      0      0      0      0   9501   1875      0      0  23439  23439      0      -      -      0    829    783 
    0    350     60      -     97     82      0      0      0      0   9501   1950      0      0  23439      4      0      -      -      0    753    775 
    1    333     74      -     98     82      0      0      0      0   9501   1875      0      0  23439  23439      0      -      -      0    826    769 
    0    349     61      -     97     83      0      0      0      0   9501   1950      0      0  23439      4      0      -      -      0    761    779 
    1    331     74      -     98     83      0      0      0      0   9501   1875      0      0  23439  23439      0      -      -      0    808    766 
    0    346     60      -     98     83      0      0      0      0   9501   1950      0      0  23439      4      0      -      -      0   2707   1528 
    1    328     74      -     98     83      0      0      0      0   9501   1875      0      0  23439  23439      0      -      -      0    803    783 
    0    342     60      -     97     78      0      0      0      0   9501   1950      0      0  23439      4      0      -      -      0    764    786 
    1    324     73      -     98     80      0      0      0      0   9501   1875      0      0  23439  23439      0      -      -      0    800    787 
    0    344     60      -     99     45      0      0      0      0   9501   1950      0      0  23439      4      0      -      -      0    743    797 
    1    326     74      -     99     47      0      0      0      0   9501   1875      0      0  23439  23439      0      -      -      0    807    786 
    0    349     61      -     97     82      0      0      0      0   9501   1950      0      0  23439      4      0      -      -      0    757    777 
    1    331     74      -     98     83      0      0      0      0   9501   1875      0      0  23439  23439      0      -      -      0    812    780 
    0    352     61      -     97     83      0      0      0      0   9501   1950      0      0  23439      4      0      -      -      0    757    775 
    1    334     74      -     98     83      0      0      0      0   9501   1875      0      0  23439  23439      0      -      -      0    823    778 
    0    348     61      -     99     38      0      0      0      0   9501   1950      0      0  23439      4      0      -      -      0    764    773 
    1    329     73      -     99     36      0      0      0      0   9501   1875      0      0  23439  23439      0      -      -      0    828    786 
    0    350     61      -     98     83      0      0      0      0   9501   1950      0      0  23439      4      0      -      -      0    740   1053 
    1    330     74      -     98     83      0      0      0      0   9501   1875      0      0  23439  23439      0      -      -      0    955    775 
    0    347     61      -    100     22      0      0      0      0   9501   1950      0      0  23439      4      0      -      -      0    739    785 
    1    326     74      -    100     22      0      0      0      0   9501   1875      0      0  23439  23439      0      -      -      0    807    772 
    0    355     61      -     97     83      0      0      0      0   9501   1950      0      0  23439      4      0      -      -      0    777    685 
    1    333     74      -     98     82      0      0      0      0   9501   1875      0      0  23439  23439      0      -      -      0    808    770 
    0    341     61      -     98     62      0      0      0      0   9501   1950      0      0  23439      4      0      -      -      0    769    771 
    1    322     74      -     98     63      0      0      0      0   9501   1875      0      0  23439  23439      0      -      -      0    812    782 
    0    352     61      -     97     82      0      0      0      0   9501   1950      0      0  23439      4      0      -      -      0    774    778 
    1    333     74      -     98     82      0      0      0      0   9501   1875      0      0  23439  23439      0      -      -      0    809    781 
    0    352     61      -     98     83      0      0      0      0   9501   1950      0      0  23439      4      0      -      -      0    744   1235 
    1    333     74      -     98     83      0      0      0      0   9501   1875      0      0  23439  23439      0      -      -      0   2686   2786 
# gpu    pwr  gtemp  mtemp     sm    mem    enc    dec    jpg    ofa   mclk   pclk  pviol  tviol     fb   bar1   ccpm  sbecc  dbecc    pci  rxpci  txpci 
# Idx      W      C      C      %      %      %      %      %      %    MHz    MHz      %   bool     MB     MB     MB   errs   errs   errs   MB/s   MB/s 
    0    349     61      -     97     82      0      0      0      0   9501   1950      0      0  23439      4      0      -      -      0    742    766 
    1    326     74      -     98     83      0      0      0      0   9501   1875      0      0  23439  23439      0      -      -      0    820    769 
    0    339     61      -     97     83      0      0      0      0   9501   1950      0      0  23439      4      0      -      -      0    766    779 
    1    317     74      -     98     83      0      0      0      0   9501   1875      0      0  23439  23439      0      -      -      0    744    716 
    0    359     60      -     98     83      0      0      0      0   9501   1950      0      0  23439      4      0      -      -      0    697    686 
    1    333     73      -     98     83      0      0      0      0   9501   1875      0      0  23439  23439      0      -      -      0    811   2134 
    0    347     60      -     97     83      0      0      0      0   9501   1950      0      0  23439      4      0      -      -      0   1065    779 
    1    326     74      -     98     83      0      0      0      0   9501   1875      0      0  23439  23439      0      -      -      0    822    780 
    0    348     60      -     97     83      0      0      0      0   9501   1950      0      0  23439      4      0      -      -      0    766    772 
    1    330     74      -     98     82      0      0      0      0   9501   1875      0      0  23439  23439      0      -      -      0    792    771 
    0    350     60      -     98     83      0      0      0      0   9501   1950      0      0  23439      4      0      -      -      0    765    770 
    1    333     74      -     98     83      0      0      0      0   9501   1875      0      0  23439  23439      0      -      -      0    806    781 
    0    344     60      -    100     20      0      0      0      0   9501   1950      0      0  23439      4      0      -      -      0    768    771 
    1    326     74      -    100     21      0      0      0      0   9501   1875      0      0  23439  23439      0      -      -      0    802    781 
    0    351     60      -     97     83      0      0      0      0   9501   1950      0      0  23439      4      0      -      -      0    766    775 
    1    334     74      -     98     83      0      0      0      0   9501   1875      0      0  23439  23439      0      -      -      0    770    690 
    0    349     60      -     97     83      0      0      0      0   9501   1950      0      0  23439      4      0      -      -      0    753    776 
    1    331     74      -     98     83      0      0      0      0   9501   1875      0      0  23439  23439      0      -      -      0    788    781 
    0    352     60      -     98     83      0      0      0      0   9501   1950      0      0  23439      4      0      -      -      0    767   1314 
    1    333     73      -     98     84      0      0      0      0   9501   1875      0      0  23439  23439      0      -      -      0   2557   3041 
    0    343     60      -     99     37      0      0      0      0   9501   1950      0      0  23439      4      0      -      -      0    763    778 
    1    324     74      -     99     35      0      0      0      0   9501   1875      0      0  23439  23439      0      -      -      0    795    774 
    0    346     61      -     97     83      0      0      0      0   9501   1950      0      0  23439      4      0      -      -      0    738    772 
    1    327     74      -     98     83      0      0      0      0   9501   1875      0      0  23439  23439      0      -      -      0    818    801 
    0    347     61      -     99     35      0      0      0      0   9501   1950      0      0  23439      4      0      -      -      0    755    771 
    1    327     74      -     99     37      0      0      0      0   9501   1875      0      0  23439  23439      0      -      -      0    792    778 
    0    351     61      -     97     83      0      0      0      0   9501   1950      0      0  23439      4      0      -      -      0    761    771 
    1    331     74      -     98     82      0      0      0      0   9501   1875      0      0  23439  23439      0      -      -      0    787    769 
    0    342     60      -    100     18      0      0      0      0   9501   1950      0      0  23439      4      0      -      -      0    759    777 
    1    322     73      -    100     18      0      0      0      0   9501   1875      0      0  23439  23439      0      -      -      0    964    779 
    0    342     61      -     98     69      0      0      0      0   9501   1950      0      0  23439      4      0      -      -      0    752    776 
    1    321     74      -     98     70      0      0      0      0   9501   1875      0      0  23439  23439      0      -      -      0    818    781 
    0    345     61      -     98     56      0      0      0      0   9501   1950      0      0  23439      4      0      -      -      0    750    686 
    1    326     74      -     99     54      0      0      0      0   9501   1875      0      0  23439  23439      0      -      -      0    809    767 
    0    351     61      -     97     82      0      0      0      0   9501   1950      0      0  23439      4      0      -      -      0   1145   2649 
    1    333     74      -     98     82      0      0      0      0   9501   1875      0      0  23439  23439      0      -      -      0   2524   2730 
    0    345     61      -     98     67      0      0      0      0   9501   1950      0      0  23439      4      0      -      -      0    745    771 
    1    325     74      -     98     65      0      0      0      0   9501   1875      0      0  23439  23439      0      -      -      0    818    783 
    0    351     61      -     97     83      0      0      0      0   9501   1950      0      0  23439      4      0      -      -      0    754    770 
    1    333     74      -     98     83      0      0      0      0   9501   1875      0      0  23439  23439      0      -      -      0    822    777 
    0    352     61      -     97     83      0      0      0      0   9501   1950      0      0  23439      4      0      -      -      0   2331   2595 
    1    333     74      -     98     83      0      0      0      0   9501   1875      0      0  23439  23439      0      -      -      0   2441   1721 
    0    350     61      -     97     82      0      0      0      0   9501   1950      0      0  23439      4      0      -      -      0    760    777 
    1    327     74      -     98     83      0      0      0      0   9501   1875      0      0  23439  23439      0      -      -      0    794   1676 
# gpu    pwr  gtemp  mtemp     sm    mem    enc    dec    jpg    ofa   mclk   pclk  pviol  tviol     fb   bar1   ccpm  sbecc  dbecc    pci  rxpci  txpci 
# Idx      W      C      C      %      %      %      %      %      %    MHz    MHz      %   bool     MB     MB     MB   errs   errs   errs   MB/s   MB/s 
    0    348     61      -     97     82      0      0      0      0   9501   1950      0      0  23439      4      0      -      -      0    733    797 
    1    327     74      -     98     83      0      0      0      0   9501   1875      0      0  23439  23439      0      -      -      0    797    781 
    0    351     61      -     97     82      0      0      0      0   9501   1950      0      0  23439      4      0      -      -      0    743    771 
    1    333     73      -     98     82      0      0      0      0   9501   1875      0      0  23439  23439      0      -      -      0    802    773 
    0    349     61      -     98     61      0      0      0      0   9501   1950      0      0  23439      4      0      -      -      0    775    777 
    1    331     74      -     99     63      0      0      0      0   9501   1875      0      0  23439  23439      0      -      -      0    708    691 
    0    349     61      -     97     83      0      0      0      0   9501   1950      0      0  23439      4      0      -      -      0    763    770 
    1    329     74      -     98     83      0      0      0      0   9501   1875      0      0  23439  23439      0      -      -      0    712    693 
    0    353     61      -     98     83      0      0      0      0   9501   1950      0      0  23439      4      0      -      -      0    767    772 
    1    334     74      -     98     83      0      0      0      0   9501   1875      0      0  23439  23439      0      -      -      0    775    768 
    0    345     61      -    100     23      0      0      0      0   9501   1950      0      0  23439      4      0      -      -      0    753    777 
    1    323     73      -    100     23      0      0      0      0   9501   1875      0      0  23439  23439      0      -      -      0    786    782 
    0    360     61      -     97     82      0      0      0      0   9501   1950      0      0  23439      4      0      -      -      0   2754   2975 
    1    329     74      -     98     82      0      0      0      0   9501   1875      0      0  23439  23439      0      -      -      0   2607   2974 
    0    354     61      -     98     70      0      0      0      0   9501   1950      0      0  23439      4      0      -      -      0   2578   3030 
    1    329     74      -     98     70      0      0      0      0   9501   1875      0      0  23439  23439      0      -      -      0   1833    774 
    0    344     60      -     97     82      0      0      0      0   9501   1950      0      0  23439      4      0      -      -      0    793    688 
    1    326     73      -     98     83      0      0      0      0   9501   1875      0      0  23439  23439      0      -      -      0    812    781 
    0    342     60      -     98     83      0      0      0      0   9501   1950      0      0  23439      4      0      -      -      0    752    778 
    1    323     74      -     98     83      0      0      0      0   9501   1875      0      0  23439  23439      0      -      -      0    802    780 
    0    351     60      -     97     82      0      0      0      0   9501   1950      0      0  23439      4      0      -      -      0    767    778 
    1    333     73      -     98     82      0      0      0      0   9501   1875      0      0  23439  23439      0      -      -      0    812    781 
    0    350     60      -     98     83      0      0      0      0   9501   1950      0      0  23439      4      0      -      -      0    763    775 
    1    334     74      -     98     83      0      0      0      0   9501   1875      0      0  23439  23439      0      -      -      0    787    778 
    0    351     60      -     97     80      0      0      0      0   9501   1950      0      0  23439      4      0      -      -      0   1914   2086 
    1    334     73      -     98     78      0      0      0      0   9501   1875      0      0  23439  23439      0      -      -      0   1974   1870 
    0    345     60      -     97     82      0      0      0      0   9501   1950      0      0  23439      4      0      -      -      0   2085   2638 
    1    326     73      -     98     82      0      0      0      0   9501   1875      0      0  23439  23439      0      -      -      0   2496   2460 
    0    339     60      -     97     82      0      0      0      0   9501   1950      0      0  23439      4      0      -      -      0    770    776 
    1    321     74      -     98     83      0      0      0      0   9501   1875      0      0  23439  23439      0      -      -      0    798    782 
    0    352     60      -     98     83      0      0      0      0   9501   1950      0      0  23439      4      0      -      -      0    760    770 
    1    334     73      -     98     84      0      0      0      0   9501   1875      0      0  23439  23439      0      -      -      0    813    774 
    0    352     60      -     97     83      0      0      0      0   9501   1950      0      0  23439      4      0      -      -      0    764    687 
    1    334     74      -     97     83      0      0      0      0   9501   1875      0      0  23439  23439      0      -      -      0    807    776 
    0    347     61      -     97     83      0      0      0      0   9501   1950      0      0  23439      4      0      -      -      0    683    688 
    1    328     73      -     98     84      0      0      0      0   9501   1875      0      0  23439  23439      0      -      -      0    814    789 
    0    348     61      -     97     83      0      0      0      0   9501   1950      0      0  23439      4      0      -      -      0    707    688 
    1    326     74      -     98     83      0      0      0      0   9501   1875      0      0  23439  23439      0      -      -      0    832    776 
    0    347     61      -     97     83      0      0      0      0   9501   1950      0      0  23439      4      0      -      -      0    751   1389 
    1    326     74      -     98     83      0      0      0      0   9501   1875      0      0  23439  23439      0      -      -      0   2774   3022 
    0    346     61      -     98     66      0      0      0      0   9501   1950      0      0  23439      4      0      -      -      0   2498   2698 
    1    325     74      -     98     64      0      0      0      0   9501   1875      0      0  23439  23439      0      -      -      0   2489   2697 
    0    339     61      -     97     82      0      0      0      0   9501   1950      0      0  23439      4      0      -      -      0    780    782 
    1    319     74      -     98     83      0      0      0      0   9501   1875      0      0  23439  23439      0      -      -      0    820    782 
# gpu    pwr  gtemp  mtemp     sm    mem    enc    dec    jpg    ofa   mclk   pclk  pviol  tviol     fb   bar1   ccpm  sbecc  dbecc    pci  rxpci  txpci 
# Idx      W      C      C      %      %      %      %      %      %    MHz    MHz      %   bool     MB     MB     MB   errs   errs   errs   MB/s   MB/s 
    0    351     61      -     98     83      0      0      0      0   9501   1950      0      0  23439      4      0      -      -      0    762    778 
    1    333     73      -     98     83      0      0      0      0   9501   1875      0      0  23439  23439      0      -      -      0    815    783 
    0    351     60      -     97     82      0      0      0      0   9501   1950      0      0  23439      4      0      -      -      0    760    775 
    1    333     74      -     98     82      0      0      0      0   9501   1875      0      0  23439  23439      0      -      -      0    825    777 
    0    351     61      -     98     83      0      0      0      0   9501   1950      0      0  23439      4      0      -      -      0    758    777 
    1    334     73      -     98     83      0      0      0      0   9501   1875      0      0  23439  23439      0      -      -      0    835    777 
    0    352     60      -     97     82      0      0      0      0   9501   1950      0      0  23439      4      0      -      -      0    787    758 
    1    334     73      -     98     82      0      0      0      0   9501   1875      0      0  23439  23439      0      -      -      0    833    770 
    0    351     61      -     97     82      0      0      0      0   9501   1950      0      0  23439      4      0      -      -      0    745    765 
    1    333     73      -     98     82      0      0      0      0   9501   1875      0      0  23439  23439      0      -      -      0    835    769 
    0    332     60      -    100     18      0      0      0      0   9501   1950      0      0  23439      4      0      -      -      0    782    773 
    1    312     73      -    100     19      0      0      0      0   9501   1875      0      0  23439  23439      0      -      -      0    754    693 
    0    347     61      -     97     83      0      0      0      0   9501   1950      0      0  23439      4      0      -      -      0    770    771 
    1    324     74      -     98     83      0      0      0      0   9501   1875      0      0  23439  23439      0      -      -      0    868    770 
    0    340     61      -     97     82      0      0      0      0   9501   1950      0      0  23439      4      0      -      -      0    779    778 
    1    321     74      -     98     83      0      0      0      0   9501   1875      0      0  23439  23439      0      -      -      0    852    781 
    0    350     60      -     97     83      0      0      0      0   9501   1950      0      0  23439      4      0      -      -      0    754    776 
    1    331     73      -     98     83      0      0      0      0   9501   1875      0      0  23439  23439      0      -      -      0    746    778 
    0    352     61      -     97     83      0      0      0      0   9501   1950      0      0  23439      4      0      -      -      0    758   1584 
    1    333     74      -     98     83      0      0      0      0   9501   1875      0      0  23439  23439      0      -      -      0   2538   2745 
    0    346     60      -     98     83      0      0      0      0   9501   1950      0      0  23439      4      0      -      -      0    770    763 
    1    326     74      -     98     83      0      0      0      0   9501   1875      0      0  23439  23439      0      -      -      0   1226    783 
    0    345     61      -     99     30      0      0      0      0   9501   1950      0      0  23439      4      0      -      -      0   2771   1996 
    1    326     74      -     99     31      0      0      0      0   9501   1875      0      0  23439  23439      0      -      -      0   1109    779 
    0    343     61      -     97     82      0      0      0      0   9501   1950      0      0  23439      4      0      -      -      0    752    777 
    1    322     74      -     98     82      0      0      0      0   9501   1875      0      0  23439  23439      0      -      -      0    809    783 
    0    351     60      -     97     82      0      0      0      0   9501   1950      0      0  23439      4      0      -      -      0    766    773 
    1    333     74      -     98     82      0      0      0      0   9501   1875      0      0  23439  23439      0      -      -      0    838    784 
    0    352     61      -     97     83      0      0      0      0   9501   1950      0      0  23439      4      0      -      -      0    754    765 
    1    333     74      -     98     83      0      0      0      0   9501   1875      0      0  23439  23439      0      -      -      0    810    769 
    0    352     61      -     97     83      0      0      0      0   9501   1950      0      0  23439      4      0      -      -      0    757    764 
    1    333     74      -     98     83      0      0      0      0   9501   1875      0      0  23439  23439      0      -      -      0    840    772 
    0    351     61      -     97     83      0      0      0      0   9501   1950      0      0  23439      4      0      -      -      0    687    687 
    1    331     74      -     98     83      0      0      0      0   9501   1875      0      0  23439  23439      0      -      -      0    795    783 
    0    357     61      -     98     83      0      0      0      0   9501   1950      0      0  23439      4      0      -      -      0   1978   2114 
    1    330     74      -     98     83      0      0      0      0   9501   1875      0      0  23439  23439      0      -      -      0   1974    850 
    0    354     61      -     98     65      0      0      0      0   9501   1950      0      0  23439      4      0      -      -      0   2548   2765 
    1    323     74      -     98     66      0      0      0      0   9501   1875      0      0  23439  23439      0      -      -      0   2480   1761 
    0    352     61      -     98     55      0      0      0      0   9501   1950      0      0  23439      4      0      -      -      0   2452   2669 
    1    332     74      -     99     54      0      0      0      0   9501   1875      0      0  23439  23439      0      -      -      0   2509   2192 
    0    344     60      -    100     23      0      0      0      0   9501   1950      0      0  23439      4      0      -      -      0   1978   2135 
    1    324     73      -    100     22      0      0      0      0   9501   1875      0      0  23439  23439      0      -      -      0   1975   2134 
    0    347     60      -     98     83      0      0      0      0   9501   1950      0      0  23439      4      0      -      -      0   2507   2705 
    1    325     73      -     98     83      0      0      0      0   9501   1875      0      0  23439  23439      0      -      -      0   2342   2512 
# gpu    pwr  gtemp  mtemp     sm    mem    enc    dec    jpg    ofa   mclk   pclk  pviol  tviol     fb   bar1   ccpm  sbecc  dbecc    pci  rxpci  txpci 
# Idx      W      C      C      %      %      %      %      %      %    MHz    MHz      %   bool     MB     MB     MB   errs   errs   errs   MB/s   MB/s 
    0    339     60      -     99     59      0      0      0      0   9501   1950      0      0  23439      4      0      -      -      0    777    690 
    1    321     73      -     99     58      0      0      0      0   9501   1875      0      0  23439  23439      0      -      -      0    821    780 
    0    346     60      -     97     82      0      0      0      0   9501   1950      0      0  23439      4      0      -      -      0    752    771 
    1    328     73      -     98     82      0      0      0      0   9501   1875      0      0  23439  23439      0      -      -      0    827    781 
    0    350     60      -     97     82      0      0      0      0   9501   1950      0      0  23439      4      0      -      -      0    756    771 
    1    333     73      -     98     82      0      0      0      0   9501   1875      0      0  23439  23439      0      -      -      0    822    782 
    0    350     60      -     98     83      0      0      0      0   9501   1950      0      0  23439      4      0      -      -      0    765    777 
    1    333     73      -     98     83      0      0      0      0   9501   1875      0      0  23439  23439      0      -      -      0    820    774 
    0    351     60      -     97     83      0      0      0      0   9501   1950      0      0  23439      4      0      -      -      0    755    770 
    1    334     73      -     98     83      0      0      0      0   9501   1875      0      0  23439  23439      0      -      -      0    827    769 
    0    349     60      -     97     83      0      0      0      0   9501   1950      0      0  23439      4      0      -      -      0    770    778 
    1    331     74      -     98     83      0      0      0      0   9501   1875      0      0  23439  23439      0      -      -      0    729    692 
    0    344     60      -     98     73      0      0      0      0   9501   1950      0      0  23439      4      0      -      -      0    751    763 
    1    324     73      -     98     72      0      0      0      0   9501   1875      0      0  23439  23439      0      -      -      0    822    782 
    0    351     61      -     98     83      0      0      0      0   9501   1950      0      0  23439      4      0      -      -      0    764    764 
    1    332     74      -     98     83      0      0      0      0   9501   1875      0      0  23439  23439      0      -      -      0    813    783 
    0    351     60      -     97     83      0      0      0      0   9501   1950      0      0  23439      4      0      -      -      0   2597   2777 
    1    333     73      -     98     83      0      0      0      0   9501   1875      0      0  23439  23439      0      -      -      0   2490   1409 
    0    342     61      -    100     20      0      0      0      0   9501   1950      0      0  23439      4      0      -      -      0   1978   2135 
    1    323     74      -    100     20      0      0      0      0   9501   1875      0      0  23439  23439      0      -      -      0   1865    832 
    0    332     61      -    100     23      0      0      0      0   9501   1950      0      0  23439      4      0      -      -      0    770    778 
    1    311     74      -     99     24      0      0      0      0   9501   1875      0      0  23439  23439      0      -      -      0    818    783 
    0    350     61      -     97     82      0      0      0      0   9501   1950      0      0  23439      4      0      -      -      0    764    778 
    1    331     73      -     98     82      0      0      0      0   9501   1875      0      0  23439  23439      0      -      -      0   2110   2986 
    0    344     61      -     97     82      0      0      0      0   9501   1950      0      0  23439      4      0      -      -      0    762    779 
    1    326     74      -     98     82      0      0      0      0   9501   1875      0      0  23439  23439      0      -      -      0    836    782 
    0    351     61      -     97     83      0      0      0      0   9501   1950      0      0  23439      4      0      -      -      0    778    772 
    1    333     74      -     98     83      0      0      0      0   9501   1875      0      0  23439  23439      0      -      -      0    809    776 
    0    351     61      -     97     83      0      0      0      0   9501   1950      0      0  23439      4      0      -      -      0    765    772 
    1    333     73      -     98     83      0      0      0      0   9501   1875      0      0  23439  23439      0      -      -      0    806    775 
    0    352     61      -     97     83      0      0      0      0   9501   1950      0      0  23439      4      0      -      -      0    764    771 
    1    333     73      -     98     83      0      0      0      0   9501   1875      0      0  23439  23439      0      -      -      0    816    769 
    0    346     61      -     98     83      0      0      0      0   9501   1950      0      0  23439      4      0      -      -      0    779    765 
    1    327     73      -     98     83      0      0      0      0   9501   1875      0      0  23439  23439      0      -      -      0    838    768 
    0    355     61      -     97     83      0      0      0      0   9501   1950      0      0  23439      4      0      -      -      0    684    688 
    1    330     73      -     98     83      0      0      0      0   9501   1875      0      0  23439  23439      0      -      -      0    810    768 
    0    355     61      -     97     83      0      0      0      0   9501   1950      0      0  23439      4      0      -      -      0    755    764 
    1    334     73      -     98     83      0      0      0      0   9501   1875      0      0  23439  23439      0      -      -      0    804    769 
    0    341     61      -     98     66      0      0      0      0   9501   1950      0      0  23439      4      0      -      -      0    689    686 
    1    322     73      -     98     64      0      0      0      0   9501   1875      0      0  23439  23439      0      -      -      0    789    782 
    0    350     61      -     99     47      0      0      0      0   9501   1950      0      0  23439      4      0      -      -      0   2556   2632 
    1    321     74      -     99     47      0      0      0      0   9501   1875      0      0  23439  23439      0      -      -      0   2551   2757 
    0    352     60      -     97     82      0      0      0      0   9501   1950      0      0  23439      4      0      -      -      0    664    692 
    1    327     74      -     98     82      0      0      0      0   9501   1875      0      0  23439  23439      0      -      -      0    802    776 
# gpu    pwr  gtemp  mtemp     sm    mem    enc    dec    jpg    ofa   mclk   pclk  pviol  tviol     fb   bar1   ccpm  sbecc  dbecc    pci  rxpci  txpci 
# Idx      W      C      C      %      %      %      %      %      %    MHz    MHz      %   bool     MB     MB     MB   errs   errs   errs   MB/s   MB/s 
    0    349     61      -     99     40      0      0      0      0   9501   1950      0      0  23439      4      0      -      -      0   2371   2705 
    1    330     74      -     99     41      0      0      0      0   9501   1875      0      0  23439  23439      0      -      -      0   2382   2278 
    0    339     60      -     97     82      0      0      0      0   9501   1950      0      0  23439      4      0      -      -      0    771    777 
    1    321     73      -     98     82      0      0      0      0   9501   1875      0      0  23439  23439      0      -      -      0    810    776 
    0    350     60      -     98     83      0      0      0      0   9501   1950      0      0  23439      4      0      -      -      0    761    689 
    1    332     73      -     98     83      0      0      0      0   9501   1875      0      0  23439  23439      0      -      -      0    825    770 
    0    350     60      -     98     83      0      0      0      0   9501   1950      0      0  23439      4      0      -      -      0    770    771 
    1    333     73      -     98     83      0      0      0      0   9501   1875      0      0  23439  23439      0      -      -      0    813    781 
    0    350     60      -     97     82      0      0      0      0   9501   1950      0      0  23439      4      0      -      -      0    745    778 
    1    333     73      -     98     82      0      0      0      0   9501   1875      0      0  23439  23439      0      -      -      0    797    782 
    0    351     60      -     98     83      0      0      0      0   9501   1950      0      0  23439      4      0      -      -      0    763    770 
    1    334     73      -     98     83      0      0      0      0   9501   1875      0      0  23439  23439      0      -      -      0    815    776 
    0    350     60      -     97     83      0      0      0      0   9501   1950      0      0  23439      4      0      -      -      0    748    780 
    1    332     74      -     98     83      0      0      0      0   9501   1875      0      0  23439  23439      0      -      -      0    824    783 
    0    346     60      -     98     83      0      0      0      0   9501   1950      0      0  23439      4      0      -      -      0    754    770 
    1    326     73      -     98     83      0      0      0      0   9501   1875      0      0  23439  23439      0      -      -      0    810    781 
    0    352     61      -     97     78      0      0      0      0   9501   1950      0      0  23439      4      0      -      -      0    755    772 
    1    331     74      -     98     79      0      0      0      0   9501   1875      0      0  23439  23439      0      -      -      0    797    782 
    0    348     60      -     97     82      0      0      0      0   9501   1950      0      0  23439      4      0      -      -      0    735    790 
    1    329     73      -     98     82      0      0      0      0   9501   1875      0      0  23439  23439      0      -      -      0    794    767 
    0    351     61      -    100     20      0      0      0      0   9501   1950      0      0  23439      4      0      -      -      0    751    687 
    1    331     74      -    100     21      0      0      0      0   9501   1875      0      0  23439  23439      0      -      -      0    738    796 
    0    348     61      -     97     83      0      0      0      0   9501   1950      0      0  23439      4      0      -      -      0   2693   2983 
    1    327     74      -     98     83      0      0      0      0   9501   1875      0      0  23439  23439      0      -      -      0   2823   3054 
    0    340     61      -     98     83      0      0      0      0   9501   1950      0      0  23439      4      0      -      -      0    800    700 
    1    318     73      -     98     83      0      0      0      0   9501   1875      0      0  23439  23439      0      -      -      0    818    746 
    0    345     61      -     97     82      0      0      0      0   9501   1950      0      0  23439      4      0      -      -      0    772    771 
    1    325     74      -     98     82      0      0      0      0   9501   1875      0      0  23439  23439      0      -      -      0    807    774 
    0    348     61      -     97     83      0      0      0      0   9501   1950      0      0  23439      4      0      -      -      0    762    778 
    1    329     74      -     98     83      0      0      0      0   9501   1875      0      0  23439  23439      0      -      -      0    810    793 
    0    349     61      -     97     82      0      0      0      0   9501   1950      0      0  23439      4      0      -      -      0    755    770 
    1    331     74      -     98     82      0      0      0      0   9501   1875      0      0  23439  23439      0      -      -      0    790    782 
    0    352     60      -     98     83      0      0      0      0   9501   1950      0      0  23439      4      0      -      -      0    766    757 
    1    333     74      -     98     83      0      0      0      0   9501   1875      0      0  23439  23439      0      -      -      0    828    775 
    0    345     61      -    100     17      0      0      0      0   9501   1950      0      0  23439      4      0      -      -      0    767    769 
    1    327     73      -    100     17      0      0      0      0   9501   1875      0      0  23439  23439      0      -      -      0    799    772 
    0    337     60      -     99     49      0      0      0      0   9501   1950      0      0  23439      4      0      -      -      0    753    780 
    1    316     73      -     99     49      0      0      0      0   9501   1875      0      0  23439  23439      0      -      -      0    812    779 
    0    352     61      -     97     82      0      0      0      0   9501   1950      0      0  23439      4      0      -      -      0    744    688 
    1    329     73      -     98     82      0      0      0      0   9501   1875      0      0  23439  23439      0      -      -      0    810    770 
    0    351     60      -     97     83      0      0      0      0   9501   1950      0      0  23439      4      0      -      -      0    751    771 
    1    334     73      -     98     84      0      0      0      0   9501   1875      0      0  23439  23439      0      -      -      0    814    776 
    0    352     61      -     97     82      0      0      0      0   9501   1950      0      0  23439      4      0      -      -      0    765    770 
    1    334     73      -     98     83      0      0      0      0   9501   1875      0      0  23439  23439      0      -      -      0   1037   2802 
# gpu    pwr  gtemp  mtemp     sm    mem    enc    dec    jpg    ofa   mclk   pclk  pviol  tviol     fb   bar1   ccpm  sbecc  dbecc    pci  rxpci  txpci 
# Idx      W      C      C      %      %      %      %      %      %    MHz    MHz      %   bool     MB     MB     MB   errs   errs   errs   MB/s   MB/s 
    0    347     61      -     97     82      0      0      0      0   9501   1950      0      0  23439      4      0      -      -      0    766    770 
    1    327     74      -     98     82      0      0      0      0   9501   1875      0      0  23439  23439      0      -      -      0    825    773 
    0    355     61      -     98     83      0      0      0      0   9501   1950      0      0  23439      4      0      -      -      0    757    764 
    1    334     73      -     98     83      0      0      0      0   9501   1875      0      0  23439  23439      0      -      -      0    810    770 
    0    349     61      -     97     83      0      0      0      0   9501   1950      0      0  23439      4      0      -      -      0    754    775 
    1    331     74      -     98     83      0      0      0      0   9501   1875      0      0  23439  23439      0      -      -      0    828    768 
    0    344     60      -     97     83      0      0      0      0   9501   1950      0      0  23439      4      0      -      -      0   2020    771 
    1    320     73      -     98     83      0      0      0      0   9501   1875      0      0  23439  23439      0      -      -      0    827    771 
    0    351     61      -     97     83      0      0      0      0   9501   1950      0      0  23439      4      0      -      -      0    676    689 
    1    322     73      -     98     83      0      0      0      0   9501   1875      0      0  23439  23439      0      -      -      0    789    783 
    0    353     61      -     97     82      0      0      0      0   9501   1950      0      0  23439      4      0      -      -      0    757    774 
    1    333     73      -     98     82      0      0      0      0   9501   1875      0      0  23439  23439      0      -      -      0    825    775 
    0    338     61      -     98     57      0      0      0      0   9501   1950      0      0  23439      4      0      -      -      0   1195    778 
    1    319     73      -     99     56      0      0      0      0   9501   1875      0      0  23439  23439      0      -      -      0    824    785 
    0    350     60      -     97     83      0      0      0      0   9501   1950      0      0  23439      4      0      -      -      0    754    792 
    1    330     73      -     98     83      0      0      0      0   9501   1875      0      0  23439  23439      0      -      -      0    837    777 
    0    351     60      -     97     82      0      0      0      0   9501   1950      0      0  23439      4      0      -      -      0    753    772 
    1    333     73      -     98     83      0      0      0      0   9501   1875      0      0  23439  23439      0      -      -      0    816    776 
    0    344     60      -     98     55      0      0      0      0   9501   1950      0      0  23439      4      0      -      -      0    760    778 
    1    326     73      -     99     56      0      0      0      0   9501   1875      0      0  23439  23439      0      -      -      0    827    783 
    0    350     60      -     97     82      0      0      0      0   9501   1950      0      0  23439      4      0      -      -      0    743    777 
    1    334     73      -     98     83      0      0      0      0   9501   1875      0      0  23439  23439      0      -      -      0    825    783 
    0    352     60      -     97     83      0      0      0      0   9501   1950      0      0  23439      4      0      -      -      0    746    763 
    1    334     73      -     98     83      0      0      0      0   9501   1875      0      0  23439  23439      0      -      -      0    820    776 
    0    345     60      -     97     82      0      0      0      0   9501   1950      0      0  23439      4      0      -      -      0    762    767 
    1    326     74      -     98     83      0      0      0      0   9501   1875      0      0  23439  23439      0      -      -      0    733    691 
    0    351     60      -     97     83      0      0      0      0   9501   1950      0      0  23439      4      0      -      -      0    758    763 
    1    334     73      -     98     83      0      0      0      0   9501   1875      0      0  23439  23439      0      -      -      0    744    694 
    0    350     61      -     97     83      0      0      0      0   9501   1950      0      0  23439      4      0      -      -      0    759    765 
    1    331     74      -     98     83      0      0      0      0   9501   1875      0      0  23439  23439      0      -      -      0    837    777 
    0    346     61      -     97     83      0      0      0      0   9501   1950      0      0  23439      4      0      -      -      0   1039    764 
    1    324     74      -     98     83      0      0      0      0   9501   1875      0      0  23439  23439      0      -      -      0    821    780 
    0    346     60      -    100     18      0      0      0      0   9501   1950      0      0  23439      4      0      -      -      0    767    771 
    1    323     73      -    100     18      0      0      0      0   9501   1875      0      0  23439  23439      0      -      -      0    832   1613 
    0    341     61      -     98     83      0      0      0      0   9501   1950      0      0  23439      4      0      -      -      0   2197    765 
    1    325     73      -     98     83      0      0      0      0   9501   1875      0      0  23439  23439      0      -      -      0    977    774 
    0    349     61      -     96     82      0      0      0      0   9501   1950      0      0  23439      4      0      -      -      0    791   2652 
    1    329     73      -     97     82      0      0      0      0   9501   1875      0      0  23439  23439      0      -      -      0   2521   2678 
    0    347     60      -     98     76      0      0      0      0   9501   1950      0      0  23439      4      0      -      -      0    751    778 
    1    326     73      -     98     75      0      0      0      0   9501   1875      0      0  23439  23439      0      -      -      0    766    691 
    0    343     61      -     97     82      0      0      0      0   9501   1950      0      0  23439      4      0      -      -      0    769    771 
    1    325     73      -     98     82      0      0      0      0   9501   1875      0      0  23439  23439      0      -      -      0    806    775 
    0    351     60      -     97     83      0      0      0      0   9501   1950      0      0  23439      4      0      -      -      0    763    772 
    1    333     73      -     98     83      0      0      0      0   9501   1875      0      0  23439  23439      0      -      -      0    822    781 
# gpu    pwr  gtemp  mtemp     sm    mem    enc    dec    jpg    ofa   mclk   pclk  pviol  tviol     fb   bar1   ccpm  sbecc  dbecc    pci  rxpci  txpci 
# Idx      W      C      C      %      %      %      %      %      %    MHz    MHz      %   bool     MB     MB     MB   errs   errs   errs   MB/s   MB/s 
    0    351     61      -     97     82      0      0      0      0   9501   1950      0      0  23439      4      0      -      -      0    774    769 
    1    334     73      -     98     83      0      0      0      0   9501   1875      0      0  23439  23439      0      -      -      0    790    778 
    0    353     61      -     98     83      0      0      0      0   9501   1950      0      0  23439      4      0      -      -      0    754    771 
    1    334     73      -     98     83      0      0      0      0   9501   1875      0      0  23439  23439      0      -      -      0    807    770 
    0    353     61      -     97     83      0      0      0      0   9501   1950      0      0  23439      4      0      -      -      0   2625   2816 
    1    334     73      -     98     83      0      0      0      0   9501   1875      0      0  23439  23439      0      -      -      0   2691   2960 
    0    352     61      -    100     21      0      0      0      0   9501   1950      0      0  23439      4      0      -      -      0    754    777 
    1    325     73      -     99     57      0      0      0      0   9501   1875      0      0  23439  23439      0      -      -      0    799    783 
    0    357     61      -     97     75      0      0      0      0   9501   1950      0      0  23439      4      0      -      -      0    763    775 
    1    327     73      -     98     83      0      0      0      0   9501   1875      0      0  23439  23439      0      -      -      0    815    774 
    0    347     61      -     98     83      0      0      0      0   9501   1950      0      0  23439      4      0      -      -      0    761    764 
    1    327     73      -     98     83      0      0      0      0   9501   1875      0      0  23439  23439      0      -      -      0    808    774 
    0    346     61      -     98     72      0      0      0      0   9501   1950      0      0  23439      4      0      -      -      0   2780   3004 
    1    326     74      -     99     37      0      0      0      0   9501   1875      0      0  23439  23439      0      -      -      0   2776   2730 
    0    337     61      -     97     73      0      0      0      0   9501   1950      0      0  23439      4      0      -      -      0    753    776 
    1    313     73      -     98     82      0      0      0      0   9501   1875      0      0  23439  23439      0      -      -      0    827    783 
    0    357     60      -     98     83      0      0      0      0   9501   1950      0      0  23439      4      0      -      -      0    782    795 
    1    332     73      -     98     82      0      0      0      0   9501   1875      0      0  23439  23439      0      -      -      0    816    783 
    0    344     60      -     99     42      0      0      0      0   9501   1950      0      0  23439      4      0      -      -      0    757    788 
    1    326     74      -     99     65      0      0      0      0   9501   1875      0      0  23439  23439      0      -      -      0    803    789 
    0    349     60      -     97     82      0      0      0      0   9501   1950      0      0  23439      4      0      -      -      0    763    778 
    1    333     73      -     98     82      0      0      0      0   9501   1875      0      0  23439  23439      0      -      -      0    828    784 
    0    350     60      -     98     83      0      0      0      0   9501   1950      0      0  23439      4      0      -      -      0    756    774 
    1    333     73      -     98     83      0      0      0      0   9501   1875      0      0  23439  23439      0      -      -      0    854    778 
    0    350     60      -     97     83      0      0      0      0   9501   1950      0      0  23439      4      0      -      -      0    764    758 
    1    334     73      -     98     83      0      0      0      0   9501   1875      0      0  23439  23439      0      -      -      0    859    784 
    0    351     60      -     97     83      0      0      0      0   9501   1950      0      0  23439      4      0      -      -      0    760    764 
    1    334     73      -     98     84      0      0      0      0   9501   1875      0      0  23439  23439      0      -      -      0    808    775 
    0    351     60      -     97     83      0      0      0      0   9501   1950      0      0  23439      4      0      -      -      0    743    688 
    1    334     73      -     98     83      0      0      0      0   9501   1875      0      0  23439  23439      0      -      -      0    724    685 
    0    349     61      -    100     20      0      0      0      0   9501   1950      0      0  23439      4      0      -      -      0    757   1564 
    1    330     74      -     99     55      0      0      0      0   9501   1875      0      0  23439  23439      0      -      -      0   1975   2134 
    0    344     61      -     97     83      0      0      0      0   9501   1950      0      0  23439      4      0      -      -      0    749    778 
    1    321     73      -     98     83      0      0      0      0   9501   1875      0      0  23439  23439      0      -      -      0   1883   2489 
    0    351     61      -     99     34      0      0      0      0   9501   1950      0      0  23439      4      0      -      -      0   1978   2135 
    1    319     74      -    100     21      0      0      0      0   9501   1875      0      0  23439  23439      0      -      -      0   1940   2099 
    0    347     61      -     98     50      0      0      0      0   9501   1950      0      0  23439      4      0      -      -      0    781    686 
    1    318     74      -     99     46      0      0      0      0   9501   1875      0      0  23439  23439      0      -      -      0    806    782 
    0    346     61      -     97     82      0      0      0      0   9501   1950      0      0  23439      4      0      -      -      0    758    764 
    1    327     73      -     99     39      0      0      0      0   9501   1875      0      0  23439  23439      0      -      -      0    850    783 
    0    350     60      -     97     82      0      0      0      0   9501   1950      0      0  23439      4      0      -      -      0    772    770 
    1    333     73      -     98     82      0      0      0      0   9501   1875      0      0  23439  23439      0      -      -      0    818    776 
    0    350     60      -     97     82      0      0      0      0   9501   1950      0      0  23439      4      0      -      -      0   1682   2820 
    1    333     73      -     98     83      0      0      0      0   9501   1875      0      0  23439  23439      0      -      -      0   2668   3074 
# gpu    pwr  gtemp  mtemp     sm    mem    enc    dec    jpg    ofa   mclk   pclk  pviol  tviol     fb   bar1   ccpm  sbecc  dbecc    pci  rxpci  txpci 
# Idx      W      C      C      %      %      %      %      %      %    MHz    MHz      %   bool     MB     MB     MB   errs   errs   errs   MB/s   MB/s 
    0    344     60      -     98     69      0      0      0      0   9501   1950      0      0  23439      4      0      -      -      0    766    779 
    1    326     73      -     99     33      0      0      0      0   9501   1875      0      0  23439  23439      0      -      -      0    816    784 
    0    350     60      -     97     83      0      0      0      0   9501   1950      0      0  23439      4      0      -      -      0    749    776 
    1    333     74      -     98     82      0      0      0      0   9501   1875      0      0  23439  23439      0      -      -      0    726    715 
    0    351     60      -     97     82      0      0      0      0   9501   1950      0      0  23439      4      0      -      -      0    772    805 
    1    333     73      -     98     83      0      0      0      0   9501   1875      0      0  23439  23439      0      -      -      0    784    790 
    0    352     60      -     98     83      0      0      0      0   9501   1950      0      0  23439      4      0      -      -      0    753    771 
    1    334     73      -     98     83      0      0      0      0   9501   1875      0      0  23439  23439      0      -      -      0    812    773 
    0    346     61      -     97     83      0      0      0      0   9501   1950      0      0  23439      4      0      -      -      0    768    770 
    1    327     73      -     98     84      0      0      0      0   9501   1875      0      0  23439  23439      0      -      -      0   1286   2885 
    0    349     61      -     99     54      0      0      0      0   9501   1950      0      0  23439      4      0      -      -      0   1978   2135 
    1    324     74      -    100     22      0      0      0      0   9501   1875      0      0  23439  23439      0      -      -      0   1965   2025 
    0    350     61      -     97     83      0      0      0      0   9501   1950      0      0  23439      4      0      -      -      0    775    771 
    1    327     73      -     98     83      0      0      0      0   9501   1875      0      0  23439  23439      0      -      -      0    814    770 
    0    347     61      -     97     82      0      0      0      0   9501   1950      0      0  23439      4      0      -      -      0    757    778 
    1    327     73      -     98     83      0      0      0      0   9501   1875      0      0  23439  23439      0      -      -      0    803    770 
    0    347     61      -     98     52      0      0      0      0   9501   1950      0      0  23439      4      0      -      -      0    671    698 
    1    326     73      -     99     47      0      0      0      0   9501   1875      0      0  23439  23439      0      -      -      0    825    761 
    0    347     61      -     97     79      0      0      0      0   9501   1950      0      0  23439      4      0      -      -      0    757    777 
    1    326     74      -     98     82      0      0      0      0   9501   1875      0      0  23439  23439      0      -      -      0    843    787 
    0    343     61      -     97     83      0      0      0      0   9501   1950      0      0  23439      4      0      -      -      0    760    778 
    1    325     73      -     98     58      0      0      0      0   9501   1875      0      0  23439  23439      0      -      -      0    817    784 
    0    349     61      -     97     82      0      0      0      0   9501   1950      0      0  23439      4      0      -      -      0    741    689 
    1    332     73      -     98     82      0      0      0      0   9501   1875      0      0  23439  23439      0      -      -      0    836    776 
    0    351     61      -     97     82      0      0      0      0   9501   1950      0      0  23439      4      0      -      -      0    744    770 
    1    332     73      -     98     82      0      0      0      0   9501   1875      0      0  23439  23439      0      -      -      0    829    777 
    0    351     61      -     97     83      0      0      0      0   9501   1950      0      0  23439      4      0      -      -      0    762    774 
    1    333     73      -     98     82      0      0      0      0   9501   1875      0      0  23439  23439      0      -      -      0    811    769 
    0    352     61      -     98     83      0      0      0      0   9501   1950      0      0  23439      4      0      -      -      0    664    688 
    1    334     73      -     98     82      0      0      0      0   9501   1875      0      0  23439  23439      0      -      -      0    737    791 
    0    355     61      -     98     83      0      0      0      0   9501   1950      0      0  23439      4      0      -      -      0    741    764 
    1    333     73      -     98     82      0      0      0      0   9501   1875      0      0  23439  23439      0      -      -      0    809    768 
    0    359     61      -     97     83      0      0      0      0   9501   1950      0      0  23439      4      0      -      -      0   2517   2990 
    1    330     74      -     98     82      0      0      0      0   9501   1875      0      0  23439  23439      0      -      -      0   2763   2408 
    0    358     61      -     97     82      0      0      0      0   9501   1950      0      0  23439      4      0      -      -      0   1540   1510 
    1    324     73      -    100     30      0      0      0      0   9501   1875      0      0  23439  23439      0      -      -      0   2759   2984 
    0    354     61      -     97     83      0      0      0      0   9501   1950      0      0  23439      4      0      -      -      0    780    771 
    1    323     74      -     98     83      0      0      0      0   9501   1875      0      0  23439  23439      0      -      -      0    831    763 
    0    355     61      -     97     83      0      0      0      0   9501   1950      0      0  23439      4      0      -      -      0    688    693 
    1    334     73      -     98     83      0      0      0      0   9501   1875      0      0  23439  23439      0      -      -      0    737    792 
    0    352     61      -     97     83      0      0      0      0   9501   1950      0      0  23439      4      0      -      -      0    754    764 
    1    334     73      -     98     83      0      0      0      0   9501   1875      0      0  23439  23439      0      -      -      0    810    774 
    0    339     61      -     98     56      0      0      0      0   9501   1950      0      0  23439      4      0      -      -      0    755    775 
    1    318     73      -     98     80      0      0      0      0   9501   1875      0      0  23439  23439      0      -      -      0    820    782 
# gpu    pwr  gtemp  mtemp     sm    mem    enc    dec    jpg    ofa   mclk   pclk  pviol  tviol     fb   bar1   ccpm  sbecc  dbecc    pci  rxpci  txpci 
# Idx      W      C      C      %      %      %      %      %      %    MHz    MHz      %   bool     MB     MB     MB   errs   errs   errs   MB/s   MB/s 
    0    347     60      -     97     82      0      0      0      0   9501   1950      0      0  23439      4      0      -      -      0    754    772 
    1    329     73      -     98     83      0      0      0      0   9501   1875      0      0  23439  23439      0      -      -      0    772    771 
    0    351     60      -     97     83      0      0      0      0   9501   1950      0      0  23439      4      0      -      -      0    751    779 
    1    331     73      -     97     83      0      0      0      0   9501   1875      0      0  23439  23439      0      -      -      0    831    781 
    0    343     60      -     99     53      0      0      0      0   9501   1950      0      0  23439      4      0      -      -      0   2515   2617 
    1    325     73      -     98     83      0      0      0      0   9501   1875      0      0  23439  23439      0      -      -      0   2564   2466 
    0    343     60      -     97     82      0      0      0      0   9501   1950      0      0  23439      4      0      -      -      0    770    777 
    1    327     73      -     98     83      0      0      0      0   9501   1875      0      0  23439  23439      0      -      -      0    806    781 
    0    351     60      -     98     83      0      0      0      0   9501   1950      0      0  23439      4      0      -      -      0    749    770 
    1    334     73      -     98     83      0      0      0      0   9501   1875      0      0  23439  23439      0      -      -      0    805    782 
    0    352     60      -     97     83      0      0      0      0   9501   1950      0      0  23439      4      0      -      -      0    758    763 
    1    334     73      -     98     84      0      0      0      0   9501   1875      0      0  23439  23439      0      -      -      0    829    768 
    0    352     61      -     97     83      0      0      0      0   9501   1950      0      0  23439      4      0      -      -      0    765    765 
    1    334     73      -     98     83      0      0      0      0   9501   1875      0      0  23439  23439      0      -      -      0   2492   2651 
    0    348     61      -     99     50      0      0      0      0   9501   1950      0      0  23439      4      0      -      -      0   2612   1362 
    1    324     73      -    100     30      0      0      0      0   9501   1875      0      0  23439  23439      0      -      -      0    759    776 
    0    347     61      -     99     44      0      0      0      0   9501   1950      0      0  23439      4      0      -      -      0    767    780 
    1    318     73      -    100     18      0      0      0      0   9501   1875      0      0  23439  23439      0      -      -      0    773    778 
    0    356     61      -     97     82      0      0      0      0   9501   1950      0      0  23439      4      0      -      -      0    765    778 
    1    332     73      -     98     83      0      0      0      0   9501   1875      0      0  23439  23439      0      -      -      0    806   2234 
    0    345     61      -     97     82      0      0      0      0   9501   1950      0      0  23439      4      0      -      -      0    767    781 
    1    326     73      -     98     82      0      0      0      0   9501   1875      0      0  23439  23439      0      -      -      0    814    781 
    0    351     61      -     98     83      0      0      0      0   9501   1950      0      0  23439      4      0      -      -      0    754    778 
    1    333     73      -     98     82      0      0      0      0   9501   1875      0      0  23439  23439      0      -      -      0    787    777 
    0    351     61      -     98     83      0      0      0      0   9501   1950      0      0  23439      4      0      -      -      0    735    771 
    1    333     73      -     98     82      0      0      0      0   9501   1875      0      0  23439  23439      0      -      -      0    819    781 
    0    348     61      -     97     76      0      0      0      0   9501   1950      0      0  23439      4      0      -      -      0    760    779 
    1    330     74      -     98     83      0      0      0      0   9501   1875      0      0  23439  23439      0      -      -      0    814    777 
    0    352     61      -     98     83      0      0      0      0   9501   1950      0      0  23439      4      0      -      -      0    745    774 
    1    333     73      -     98     83      0      0      0      0   9501   1875      0      0  23439  23439      0      -      -      0    807    775 
    0    353     61      -     97     82      0      0      0      0   9501   1950      0      0  23439      4      0      -      -      0    746    765 
    1    333     73      -     98     83      0      0      0      0   9501   1875      0      0  23439  23439      0      -      -      0    772    768 
    0    346     61      -     98     70      0      0      0      0   9501   1950      0      0  23439      4      0      -      -      0    754    771 
    1    321     73      -    100     31      0      0      0      0   9501   1875      0      0  23439  23439      0      -      -      0    799    776 
    0    356     61      -     97     83      0      0      0      0   9501   1950      0      0  23439      4      0      -      -      0    749   1274 
    1    330     73      -     99     57      0      0      0      0   9501   1875      0      0  23439  23439      0      -      -      0   2256   2439 
    0    351     61      -     98     83      0      0      0      0   9501   1950      0      0  23439      4      0      -      -      0    764    771 
    1    326     73      -     98     83      0      0      0      0   9501   1875      0      0  23439  23439      0      -      -      0    811    774 
    0    352     61      -     98     76      0      0      0      0   9501   1950      0      0  23439      4      0      -      -      0    742    774 
    1    329     73      -     98     78      0      0      0      0   9501   1875      0      0  23439  23439      0      -      -      0    776    772 
    0    352     61      -     97     83      0      0      0      0   9501   1950      0      0  23439      4      0      -      -      0    755    770 
    1    333     73      -     98     83      0      0      0      0   9501   1875      0      0  23439  23439      0      -      -      0    803    769 
    0    344     61      -     97     83      0      0      0      0   9501   1950      0      0  23439      4      0      -      -      0    754    771 
    1    323     73      -     98     83      0      0      0      0   9501   1875      0      0  23439  23439      0      -      -      0   1925   2688 
# gpu    pwr  gtemp  mtemp     sm    mem    enc    dec    jpg    ofa   mclk   pclk  pviol  tviol     fb   bar1   ccpm  sbecc  dbecc    pci  rxpci  txpci 
# Idx      W      C      C      %      %      %      %      %      %    MHz    MHz      %   bool     MB     MB     MB   errs   errs   errs   MB/s   MB/s 
    0    338     61      -     99     40      0      0      0      0   9501   1950      0      0  23439      4      0      -      -      0    767    777 
    1    316     74      -    100     18      0      0      0      0   9501   1875      0      0  23439  23439      0      -      -      0    807    782 
    0    352     60      -     97     82      0      0      0      0   9501   1950      0      0  23439      4      0      -      -      0    787    778 
    1    332     73      -     98     82      0      0      0      0   9501   1875      0      0  23439  23439      0      -      -      0    754    693 
    0    351     60      -     97     83      0      0      0      0   9501   1950      0      0  23439      4      0      -      -      0    762    687 
    1    333     73      -     98     83      0      0      0      0   9501   1875      0      0  23439  23439      0      -      -      0    816    769 
    0    346     61      -     97     82      0      0      0      0   9501   1950      0      0  23439      4      0      -      -      0    763    778 
    1    327     73      -     98     83      0      0      0      0   9501   1875      0      0  23439  23439      0      -      -      0    819    783 
    0    352     61      -     98     83      0      0      0      0   9501   1950      0      0  23439      4      0      -      -      0    741    774 
    1    334     73      -     98     83      0      0      0      0   9501   1875      0      0  23439  23439      0      -      -      0    827    776 
    0    353     61      -     97     83      0      0      0      0   9501   1950      0      0  23439      4      0      -      -      0    769    771 
    1    334     73      -     98     83      0      0      0      0   9501   1875      0      0  23439  23439      0      -      -      0   1504   2134 
    0    350     61      -     97     83      0      0      0      0   9501   1950      0      0  23439      4      0      -      -      0    753    779 
    1    327     73      -     98     83      0      0      0      0   9501   1875      0      0  23439  23439      0      -      -      0    846    791 
    0    348     61      -     99     49      0      0      0      0   9501   1950      0      0  23439      4      0      -      -      0    751    778 
    1    327     73      -    100     22      0      0      0      0   9501   1875      0      0  23439  23439      0      -      -      0    830    780 
    0    362     61      -     98     83      0      0      0      0   9501   1950      0      0  23439      4      0      -      -      0    766    769 
    1    333     73      -     98     83      0      0      0      0   9501   1875      0      0  23439  23439      0      -      -      0    815    770 
    0    351     62      -     97     82      0      0      0      0   9501   1950      0      0  23439      4      0      -      -      0    767    770 
    1    330     74      -     98     84      0      0      0      0   9501   1875      0      0  23439  23439      0      -      -      0    872    813 
    0    344     61      -     97     82      0      0      0      0   9501   1950      0      0  23439      4      0      -      -      0   2585   2718 
    1    325     73      -     99     72      0      0      0      0   9501   1875      0      0  23439  23439      0      -      -      0   1130    769 
    0    346     61      -     99     25      0      0      0      0   9501   1950      0      0  23439      4      0      -      -      0    760    776 
    1    325     73      -     98     83      0      0      0      0   9501   1875      0      0  23439  23439      0      -      -      0    836    776 
    0    347     61      -     98     83      0      0      0      0   9501   1950      0      0  23439      4      0      -      -      0    771    771 
    1    326     73      -     98     83      0      0      0      0   9501   1875      0      0  23439  23439      0      -      -      0    834    784 
    0    353     61      -     97     83      0      0      0      0   9501   1950      0      0  23439      4      0      -      -      0    748    771 
    1    333     73      -     98     83      0      0      0      0   9501   1875      0      0  23439  23439      0      -      -      0    815    776 
    0    352     61      -     97     82      0      0      0      0   9501   1950      0      0  23439      4      0      -      -      0    751    771 
    1    333     73      -     98     83      0      0      0      0   9501   1875      0      0  23439  23439      0      -      -      0    807    777 
    0    345     61      -     98     63      0      0      0      0   9501   1950      0      0  23439      4      0      -      -      0    759    771 
    1    326     73      -     98     83      0      0      0      0   9501   1875      0      0  23439  23439      0      -      -      0    814    772 
    0    352     61      -     98     83      0      0      0      0   9501   1950      0      0  23439      4      0      -      -      0    766    765 
    1    333     73      -     98     83      0      0      0      0   9501   1875      0      0  23439  23439      0      -      -      0    828    770 
    0    346     61      -     99     43      0      0      0      0   9501   1950      0      0  23439      4      0      -      -      0    731    688 
    1    326     73      -    100     27      0      0      0      0   9501   1875      0      0  23439  23439      0      -      -      0    753    789 
    0    351     61      -    100     20      0      0      0      0   9501   1950      0      0  23439      4      0      -      -      0    751    777 
    1    325     73      -     98     63      0      0      0      0   9501   1875      0      0  23439  23439      0      -      -      0    852   1316 
    0    359     61      -     98     83      0      0      0      0   9501   1950      0      0  23439      4      0      -      -      0    760    772 
    1    330     73      -     98     83      0      0      0      0   9501   1875      0      0  23439  23439      0      -      -      0    806    779 
    0    350     62      -     97     82      0      0      0      0   9501   1950      0      0  23439      4      0      -      -      0    766    779 
    1    325     74      -     98     83      0      0      0      0   9501   1875      0      0  23439  23439      0      -      -      0    819   1396 
    0    346     61      -     98     72      0      0      0      0   9501   1950      0      0  23439      4      0      -      -      0    762    777 
    1    326     73      -    100     20      0      0      0      0   9501   1875      0      0  23439  23439      0      -      -      0    816    778 
# gpu    pwr  gtemp  mtemp     sm    mem    enc    dec    jpg    ofa   mclk   pclk  pviol  tviol     fb   bar1   ccpm  sbecc  dbecc    pci  rxpci  txpci 
# Idx      W      C      C      %      %      %      %      %      %    MHz    MHz      %   bool     MB     MB     MB   errs   errs   errs   MB/s   MB/s 
    0    348     61      -     99     26      0      0      0      0   9501   1950      0      0  23439      4      0      -      -      0    995    777 
    1    326     73      -     98     82      0      0      0      0   9501   1875      0      0  23439  23439      0      -      -      0    802    783 
    0    347     61      -     97     82      0      0      0      0   9501   1950      0      0  23439      4      0      -      -      0    750    783 
    1    329     73      -     98     83      0      0      0      0   9501   1875      0      0  23439  23439      0      -      -      0    834    783 
    0    351     61      -     97     83      0      0      0      0   9501   1950      0      0  23439      4      0      -      -      0    760    778 
    1    333     73      -     98     83      0      0      0      0   9501   1875      0      0  23439  23439      0      -      -      0    806    782 
    0    352     61      -     97     83      0      0      0      0   9501   1950      0      0  23439      4      0      -      -      0    758   1227 
    1    333     73      -     98     83      0      0      0      0   9501   1875      0      0  23439  23439      0      -      -      0   2677   2898 
    0    346     61      -     97     82      0      0      0      0   9501   1950      0      0  23439      4      0      -      -      0    745    772 
    1    326     74      -     98     83      0      0      0      0   9501   1875      0      0  23439  23439      0      -      -      0    888    798 
    0    353     61      -     97     83      0      0      0      0   9501   1950      0      0  23439      4      0      -      -      0    765    779 
    1    333     73      -     98     83      0      0      0      0   9501   1875      0      0  23439  23439      0      -      -      0    736    698 
    0    350     61      -     97     83      0      0      0      0   9501   1950      0      0  23439      4      0      -      -      0    762    774 
    1    326     73      -     98     83      0      0      0      0   9501   1875      0      0  23439  23439      0      -      -      0    790    768 
    0    358     62      -     97     83      0      0      0      0   9501   1950      0      0  23439      4      0      -      -      0    767    765 
    1    331     73      -     98     83      0      0      0      0   9501   1875      0      0  23439  23439      0      -      -      0    963    781 
    0    352     62      -     98     83      0      0      0      0   9501   1950      0      0  23439      4      0      -      -      0    757    771 
    1    330     73      -     98     83      0      0      0      0   9501   1875      0      0  23439  23439      0      -      -      0    815    770 
    0    354     62      -     98     83      0      0      0      0   9501   1950      0      0  23439      4      0      -      -      0    774    771 
    1    329     73      -     98     83      0      0      0      0   9501   1875      0      0  23439  23439      0      -      -      0    780    777 
    0    356     61      -     97     83      0      0      0      0   9501   1950      0      0  23439      4      0      -      -      0   2262   2673 
    1    334     73      -     98     83      0      0      0      0   9501   1875      0      0  23439  23439      0      -      -      0   2471   2672 
    0    329     62      -     98     67      0      0      0      0   9501   1950      0      0  23439      4      0      -      -      0   2604   2813 
    1    306     73      -    100     29      0      0      0      0   9501   1875      0      0  23439  23439      0      -      -      0    967    784 
    0    353     61      -     97     82      0      0      0      0   9501   1950      0      0  23439      4      0      -      -      0    772    774 
    1    325     73      -     98     82      0      0      0      0   9501   1875      0      0  23439  23439      0      -      -      0    711    693 
    0    358     61      -     97     82      0      0      0      0   9501   1950      0      0  23439      4      0      -      -      0    756    777 
    1    333     73      -     98     83      0      0      0      0   9501   1875      0      0  23439  23439      0      -      -      0    801    776 
    0    348     61      -     97     82      0      0      0      0   9501   1950      0      0  23439      4      0      -      -      0   2342   2604 
    1    329     73      -     98     82      0      0      0      0   9501   1875      0      0  23439  23439      0      -      -      0    796    763 
    0    339     61      -     97     82      0      0      0      0   9501   1950      0      0  23439      4      0      -      -      0    672    688 
    1    320     73      -     98     83      0      0      0      0   9501   1875      0      0  23439  23439      0      -      -      0    822    770 
    0    353     61      -     97     82      0      0      0      0   9501   1950      0      0  23439      4      0      -      -      0    763    789 
    1    333     73      -     98     82      0      0      0      0   9501   1875      0      0  23439  23439      0      -      -      0    829    782 
    0    352     61      -     97     83      0      0      0      0   9501   1950      0      0  23439      4      0      -      -      0    755    799 
    1    333     73      -     98     83      0      0      0      0   9501   1875      0      0  23439  23439      0      -      -      0    826    770 
    0    346     61      -     98     74      0      0      0      0   9501   1950      0      0  23439      4      0      -      -      0    756    775 
    1    326     73      -     98     74      0      0      0      0   9501   1875      0      0  23439  23439      0      -      -      0    811    777 
    0    354     61      -     97     83      0      0      0      0   9501   1950      0      0  23439      4      0      -      -      0    743    770 
    1    332     73      -     98     83      0      0      0      0   9501   1875      0      0  23439  23439      0      -      -      0    803    769 
    0    353     61      -     97     83      0      0      0      0   9501   1950      0      0  23439      4      0      -      -      0    750    688 
    1    333     73      -     98     83      0      0      0      0   9501   1875      0      0  23439  23439      0      -      -      0    738    790 
    0    352     62      -     97     83      0      0      0      0   9501   1950      0      0  23439      4      0      -      -      0    746   2588 
    1    326     73      -     98     83      0      0      0      0   9501   1875      0      0  23439  23439      0      -      -      0   2677   2773 
# gpu    pwr  gtemp  mtemp     sm    mem    enc    dec    jpg    ofa   mclk   pclk  pviol  tviol     fb   bar1   ccpm  sbecc  dbecc    pci  rxpci  txpci 
# Idx      W      C      C      %      %      %      %      %      %    MHz    MHz      %   bool     MB     MB     MB   errs   errs   errs   MB/s   MB/s 
    0    358     62      -     97     83      0      0      0      0   9501   1950      0      0  23439      4      0      -      -      0    753    771 
    1    327     73      -     98     83      0      0      0      0   9501   1875      0      0  23439  23439      0      -      -      0    741    770 
    0    355     62      -     99     49      0      0      0      0   9501   1950      0      0  23439      4      0      -      -      0    761    771 
    1    328     73      -     99     49      0      0      0      0   9501   1875      0      0  23439  23439      0      -      -      0    812   1799 
    0    343     62      -    100     30      0      0      0      0   9501   1950      0      0  23439      4      0      -      -      0   1973   2133 
    1    320     73      -    100     30      0      0      0      0   9501   1875      0      0  23439  23439      0      -      -      0   1975   1001 
    0    348     62      -     97     83      0      0      0      0   9501   1950      0      0  23439      4      0      -      -      0   2623   2774 
    1    326     73      -     98     83      0      0      0      0   9501   1875      0      0  23439  23439      0      -      -      0   2612   1286 
    0    347     61      -     97     82      0      0      0      0   9501   1950      0      0  23439      4      0      -      -      0    761    786 
    1    326     73      -     98     82      0      0      0      0   9501   1875      0      0  23439  23439      0      -      -      0    805    775 
    0    350     61      -    100     20      0      0      0      0   9501   1950      0      0  23439      4      0      -      -      0    762    777 
    1    330     73      -    100     20      0      0      0      0   9501   1875      0      0  23439  23439      0      -      -      0    813    782 
    0    351     61      -     97     82      0      0      0      0   9501   1950      0      0  23439      4      0      -      -      0    760    778 
    1    333     73      -     98     82      0      0      0      0   9501   1875      0      0  23439  23439      0      -      -      0    803    782 
    0    350     61      -     97     83      0      0      0      0   9501   1950      0      0  23439      4      0      -      -      0    760    779 
    1    331     74      -     98     83      0      0      0      0   9501   1875      0      0  23439  23439      0      -      -      0    814    775 
    0    348     61      -     97     83      0      0      0      0   9501   1950      0      0  23439      4      0      -      -      0    755    770 
    1    327     73      -     98     83      0      0      0      0   9501   1875      0      0  23439  23439      0      -      -      0    799    784 
    0    354     61      -     97     82      0      0      0      0   9501   1950      0      0  23439      4      0      -      -      0    761    774 
    1    333     73      -     98     82      0      0      0      0   9501   1875      0      0  23439  23439      0      -      -      0    794    775 
    0    349     61      -     97     83      0      0      0      0   9501   1950      0      0  23439      4      0      -      -      0    757    776 
    1    327     73      -     98     83      0      0      0      0   9501   1875      0      0  23439  23439      0      -      -      0    817    774 
    0    361     61      -     97     83      0      0      0      0   9501   1950      0      0  23439      4      0      -      -      0    760   2024 
    1    334     73      -     98     83      0      0      0      0   9501   1875      0      0  23439  23439      0      -      -      0   2468   2649 
    0    351     62      -     97     83      0      0      0      0   9501   1950      0      0  23439      4      0      -      -      0    743    770 
    1    327     74      -     98     83      0      0      0      0   9501   1875      0      0  23439  23439      0      -      -      0    850    789 
    0    347     62      -     97     82      0      0      0      0   9501   1950      0      0  23439      4      0      -      -      0    739    688 
    1    326     73      -     98     82      0      0      0      0   9501   1875      0      0  23439  23439      0      -      -      0    818    769 
    0    357     61      -     97     83      0      0      0      0   9501   1950      0      0  23439      4      0      -      -      0    797    786 
    1    333     73      -     98     83      0      0      0      0   9501   1875      0      0  23439  23439      0      -      -      0    681    693 
    0    345     61      -     98     83      0      0      0      0   9501   1950      0      0  23439      4      0      -      -      0    756    765 
    1    326     73      -     98     83      0      0      0      0   9501   1875      0      0  23439  23439      0      -      -      0    824    782 
    0    340     61      -     98     60      0      0      0      0   9501   1950      0      0  23439      4      0      -      -      0    747    771 
    1    320     73      -     98     60      0      0      0      0   9501   1875      0      0  23439  23439      0      -      -      0    798    772 
    0    346     61      -     98     54      0      0      0      0   9501   1950      0      0  23439      4      0      -      -      0    779    771 
    1    325     73      -     98     55      0      0      0      0   9501   1875      0      0  23439  23439      0      -      -      0    827    776 
    0    349     61      -     99     43      0      0      0      0   9501   1950      0      0  23439      4      0      -      -      0    748    778 
    1    329     73      -     99     43      0      0      0      0   9501   1875      0      0  23439  23439      0      -      -      0    807    781 
    0    352     61      -     98     83      0      0      0      0   9501   1950      0      0  23439      4      0      -      -      0    773    770 
    1    333     73      -     98     83      0      0      0      0   9501   1875      0      0  23439  23439      0      -      -      0    832    776 
    0    353     61      -     97     83      0      0      0      0   9501   1950      0      0  23439      4      0      -      -      0    746    772 
    1    333     73      -     98     83      0      0      0      0   9501   1875      0      0  23439  23439      0      -      -      0    825    776 
    0    352     62      -     99     48      0      0      0      0   9501   1950      0      0  23439      4      0      -      -      0    756    774 
    1    331     74      -     99     48      0      0      0      0   9501   1875      0      0  23439  23439      0      -      -      0    821    787 
# gpu    pwr  gtemp  mtemp     sm    mem    enc    dec    jpg    ofa   mclk   pclk  pviol  tviol     fb   bar1   ccpm  sbecc  dbecc    pci  rxpci  txpci 
# Idx      W      C      C      %      %      %      %      %      %    MHz    MHz      %   bool     MB     MB     MB   errs   errs   errs   MB/s   MB/s 
    0    359     61      -     97     83      0      0      0      0   9501   1950      0      0  23439      4      0      -      -      0    765    766 
    1    334     73      -     98     83      0      0      0      0   9501   1875      0      0  23439  23439      0      -      -      0    821    776 
    0    354     61      -     99     52      0      0      0      0   9501   1950      0      0  23439      4      0      -      -      0   1955   2021 
    1    333     73      -     99     52      0      0      0      0   9501   1875      0      0  23439  23439      0      -      -      0    797    789 
    0    343     62      -     99     60      0      0      0      0   9501   1950      0      0  23439      4      0      -      -      0   1938   2132 
    1    322     73      -     99     60      0      0      0      0   9501   1875      0      0  23439  23439      0      -      -      0   1975   2134 
    0    349     62      -     97     82      0      0      0      0   9501   1950      0      0  23439      4      0      -      -      0   2484   2952 
    1    321     73      -     98     82      0      0      0      0   9501   1875      0      0  23439  23439      0      -      -      0   2810   2929 
    0    352     62      -     97     82      0      0      0      0   9501   1950      0      0  23439      4      0      -      -      0    753    773 
    1    330     73      -     97     82      0      0      0      0   9501   1875      0      0  23439  23439      0      -      -      0    773    777 
    0    353     61      -     97     83      0      0      0      0   9501   1950      0      0  23439      4      0      -      -      0   2861   2806 
    1    333     73      -     98     83      0      0      0      0   9501   1875      0      0  23439  23439      0      -      -      0   2643   2869 
    0    338     61      -    100     22      0      0      0      0   9501   1950      0      0  23439      4      0      -      -      0   2723   2394 
    1    317     73      -    100     22      0      0      0      0   9501   1875      0      0  23439  23439      0      -      -      0    770    772 
    0    348     61      -    100     31      0      0      0      0   9501   1950      0      0  23439      4      0      -      -      0    762    778 
    1    325     73      -    100     31      0      0      0      0   9501   1875      0      0  23439  23439      0      -      -      0    780    774 
    0    353     61      -     97     83      0      0      0      0   9501   1950      0      0  23439      4      0      -      -      0   1700   2139 
    1    333     73      -     98     83      0      0      0      0   9501   1875      0      0  23439  23439      0      -      -      0   1923   2134 
    0    348     61      -     97     83      0      0      0      0   9501   1950      0      0  23439      4      0      -      -      0    748    776 
    1    329     73      -     98     83      0      0      0      0   9501   1875      0      0  23439  23439      0      -      -      0    764    776 
    0    353     61      -     97     83      0      0      0      0   9501   1950      0      0  23439      4      0      -      -      0    690    687 
    1    333     73      -     98     83      0      0      0      0   9501   1875      0      0  23439  23439      0      -      -      0    760    776 
    0    351     61      -    100     21      0      0      0      0   9501   1950      0      0  23439      4      0      -      -      0    686    686 
    1    331     73      -    100     21      0      0      0      0   9501   1875      0      0  23439  23439      0      -      -      0    756    769 
    0    354     61      -     97     83      0      0      0      0   9501   1950      0      0  23439      4      0      -      -      0    750    790 
    1    330     73      -     98     83      0      0      0      0   9501   1875      0      0  23439  23439      0      -      -      0    767    772 
    0    357     61      -     98     84      0      0      0      0   9501   1950      0      0  23439      4      0      -      -      0    771    772 
    1    334     73      -     98     84      0      0      0      0   9501   1875      0      0  23439  23439      0      -      -      0    742    763 
    0    356     61      -     98     83      0      0      0      0   9501   1950      0      0  23439      4      0      -      -      0   2675   2889 
    1    331     73      -     98     83      0      0      0      0   9501   1875      0      0  23439  23439      0      -      -      0   1148    770 
    0    350     62      -     97     83      0      0      0      0   9501   1950      0      0  23439      4      0      -      -      0    743   2618 
    1    326     73      -     98     83      0      0      0      0   9501   1875      0      0  23439  23439      0      -      -      0   2388   2582 
    0    348     61      -     98     69      0      0      0      0   9501   1950      0      0  23439      4      0      -      -      0   2767   2868 
    1    321     73      -     99     69      0      0      0      0   9501   1875      0      0  23439  23439      0      -      -      0   1665    769 
    0    346     62      -     99     37      0      0      0      0   9501   1950      0      0  23439      4      0      -      -      0    749    773 
    1    321     73      -     99     37      0      0      0      0   9501   1875      0      0  23439  23439      0      -      -      0    773    777 
    0    354     61      -     97     83      0      0      0      0   9501   1950      0      0  23439      4      0      -      -      0    760    770 
    1    329     73      -     97     83      0      0      0      0   9501   1875      0      0  23439  23439      0      -      -      0    750    763 
    0    347     61      -     97     83      0      0      0      0   9501   1950      0      0  23439      4      0      -      -      0    748    770 
    1    328     73      -     97     83      0      0      0      0   9501   1875      0      0  23439  23439      0      -      -      0    805    776 
    0    347     60      -     98     49      0      0      0      0   9501   1950      0      0  23439      4      0      -      -      0    744    775 
    1    326     73      -     99     48      0      0      0      0   9501   1875      0      0  23439  23439      0      -      -      0    780    771 
    0    342     61      -     97     82      0      0      0      0   9501   1950      0      0  23439      4      0      -      -      0    758    784 
    1    323     73      -     98     83      0      0      0      0   9501   1875      0      0  23439  23439      0      -      -      0    795    782 
# gpu    pwr  gtemp  mtemp     sm    mem    enc    dec    jpg    ofa   mclk   pclk  pviol  tviol     fb   bar1   ccpm  sbecc  dbecc    pci  rxpci  txpci 
# Idx      W      C      C      %      %      %      %      %      %    MHz    MHz      %   bool     MB     MB     MB   errs   errs   errs   MB/s   MB/s 
    0    351     60      -     97     83      0      0      0      0   9501   1950      0      0  23439      4      0      -      -      0    758    778 
    1    333     73      -     98     83      0      0      0      0   9501   1875      0      0  23439  23439      0      -      -      0    798    782 
    0    351     60      -     97     83      0      0      0      0   9501   1950      0      0  23439      4      0      -      -      0    755    779 
    1    333     73      -     98     83      0      0      0      0   9501   1875      0      0  23439  23439      0      -      -      0    804    774 
    0    352     60      -     98     70      0      0      0      0   9501   1950      0      0  23439      4      0      -      -      0    744    778 
    1    333     73      -     98     70      0      0      0      0   9501   1875      0      0  23439  23439      0      -      -      0    700    691 
    0    353     61      -     98     83      0      0      0      0   9501   1950      0      0  23439      4      0      -      -      0    785    772 
    1    334     73      -     98     83      0      0      0      0   9501   1875      0      0  23439  23439      0      -      -      0    709    690 
    0    350     61      -     98     83      0      0      0      0   9501   1950      0      0  23439      4      0      -      -      0    760    778 
    1    329     73      -     98     83      0      0      0      0   9501   1875      0      0  23439  23439      0      -      -      0    805    774 
    0    351     61      -     97     83      0      0      0      0   9501   1950      0      0  23439      4      0      -      -      0    760    765 
    1    329     73      -     98     83      0      0      0      0   9501   1875      0      0  23439  23439      0      -      -      0    806    768 
    0    345     61      -     97     83      0      0      0      0   9501   1950      0      0  23439      4      0      -      -      0    700    694 
    1    323     73      -     98     83      0      0      0      0   9501   1875      0      0  23439  23439      0      -      -      0    807    761 
    0    348     62      -     99     59      0      0      0      0   9501   1950      0      0  23439      4      0      -      -      0   2701   2918 
    1    324     73      -     99     59      0      0      0      0   9501   1875      0      0  23439  23439      0      -      -      0   2697   2917 
    0    347     62      -     98     83      0      0      0      0   9501   1950      0      0  23439      4      0      -      -      0    681    695 
    1    326     73      -     98     83      0      0      0      0   9501   1875      0      0  23439  23439      0      -      -      0    802    775 
    0    350     62      -     97     81      0      0      0      0   9501   1950      0      0  23439      4      0      -      -      0    756    765 
    1    330     74      -     98     81      0      0      0      0   9501   1875      0      0  23439  23439      0      -      -      0    717    690 
    0    353     61      -     97     83      0      0      0      0   9501   1950      0      0  23439      4      0      -      -      0   2209   1575 
    1    333     73      -     98     83      0      0      0      0   9501   1875      0      0  23439  23439      0      -      -      0    789    773 
    0    346     61      -     97     82      0      0      0      0   9501   1950      0      0  23439      4      0      -      -      0    774    778 
    1    325     73      -     98     83      0      0      0      0   9501   1875      0      0  23439  23439      0      -      -      0    796    767 
    0    354     61      -     98     83      0      0      0      0   9501   1950      0      0  23439      4      0      -      -      0    688    692 
    1    333     73      -     98     83      0      0      0      0   9501   1875      0      0  23439  23439      0      -      -      0    728    789 
    0    349     61      -     97     83      0      0      0      0   9501   1950      0      0  23439      4      0      -      -      0    773    772 
    1    328     73      -     98     83      0      0      0      0   9501   1875      0      0  23439  23439      0      -      -      0    823    801 
    0    353     61      -     97     82      0      0      0      0   9501   1950      0      0  23439      4      0      -      -      0    766    799 
    1    333     73      -     98     82      0      0      0      0   9501   1875      0      0  23439  23439      0      -      -      0    734    690 
    0    349     61      -     97     83      0      0      0      0   9501   1950      0      0  23439      4      0      -      -      0    763    715 
    1    328     73      -     98     83      0      0      0      0   9501   1875      0      0  23439  23439      0      -      -      0    783    763 
    0    349     61      -    100     29      0      0      0      0   9501   1950      0      0  23439      4      0      -      -      0    758    777 
    1    326     73      -    100     29      0      0      0      0   9501   1875      0      0  23439  23439      0      -      -      0    789    776 
    0    361     62      -     97     83      0      0      0      0   9501   1950      0      0  23439      4      0      -      -      0    743    778 
    1    330     73      -     98     83      0      0      0      0   9501   1875      0      0  23439  23439      0      -      -      0    701    689 
    0    351     61      -     97     82      0      0      0      0   9501   1950      0      0  23439      4      0      -      -      0    768    778 
    1    333     73      -     98     82      0      0      0      0   9501   1875      0      0  23439  23439      0      -      -      0    788    774 
    0    353     61      -     97     82      0      0      0      0   9501   1950      0      0  23439      4      0      -      -      0   2613   2822 
    1    333     73      -     98     82      0      0      0      0   9501   1875      0      0  23439  23439      0      -      -      0   2609   3016 
    0    345     61      -     97     82      0      0      0      0   9501   1950      0      0  23439      4      0      -      -      0   2095    772 
    1    325     73      -     98     82      0      0      0      0   9501   1875      0      0  23439  23439      0      -      -      0    807    773 
    0    351     61      -     97     83      0      0      0      0   9501   1950      0      0  23439      4      0      -      -      0    750    776 
    1    329     73      -     98     83      0      0      0      0   9501   1875      0      0  23439  23439      0      -      -      0    796    783 
# gpu    pwr  gtemp  mtemp     sm    mem    enc    dec    jpg    ofa   mclk   pclk  pviol  tviol     fb   bar1   ccpm  sbecc  dbecc    pci  rxpci  txpci 
# Idx      W      C      C      %      %      %      %      %      %    MHz    MHz      %   bool     MB     MB     MB   errs   errs   errs   MB/s   MB/s 
    0    349     61      -     98     60      0      0      0      0   9501   1950      0      0  23439      4      0      -      -      0    771    779 
    1    330     74      -     98     60      0      0      0      0   9501   1875      0      0  23439  23439      0      -      -      0    800    780 
    0    347     61      -     97     82      0      0      0      0   9501   1950      0      0  23439      4      0      -      -      0   1979   2135 
    1    328     73      -     98     83      0      0      0      0   9501   1875      0      0  23439  23439      0      -      -      0   1319    785 
    0    347     61      -     97     82      0      0      0      0   9501   1950      0      0  23439      4      0      -      -      0    746    778 
    1    329     73      -     98     82      0      0      0      0   9501   1875      0      0  23439  23439      0      -      -      0    811    776 
    0    352     61      -     97     83      0      0      0      0   9501   1950      0      0  23439      4      0      -      -      0    764    772 
    1    333     73      -     98     83      0      0      0      0   9501   1875      0      0  23439  23439      0      -      -      0    830    770 
    0    352     61      -     97     83      0      0      0      0   9501   1950      0      0  23439      4      0      -      -      0    755    763 
    1    333     73      -     98     83      0      0      0      0   9501   1875      0      0  23439  23439      0      -      -      0    819    768 
    0    346     61      -    100     29      0      0      0      0   9501   1950      0      0  23439      4      0      -      -      0    777    777 
    1    326     73      -    100     29      0      0      0      0   9501   1875      0      0  23439  23439      0      -      -      0    710    692 
    0    359     61      -     97     83      0      0      0      0   9501   1950      0      0  23439      4      0      -      -      0   2750   2971 
    1    334     73      -     98     83      0      0      0      0   9501   1875      0      0  23439  23439      0      -      -      0   2745   2948 
    0    335     61      -     98     64      0      0      0      0   9501   1950      0      0  23439      4      0      -      -      0   2747   2841 
    1    313     73      -     99     65      0      0      0      0   9501   1875      0      0  23439  23439      0      -      -      0   2627   1940 
    0    346     61      -     99     38      0      0      0      0   9501   1950      0      0  23439      4      0      -      -      0    831    779 
    1    323     74      -     99     38      0      0      0      0   9501   1875      0      0  23439  23439      0      -      -      0    667    688 
    0    344     61      -     97     82      0      0      0      0   9501   1950      0      0  23439      4      0      -      -      0    769    778 
    1    324     74      -     98     82      0      0      0      0   9501   1875      0      0  23439  23439      0      -      -      0    783    773 
    0    348     61      -     97     82      0      0      0      0   9501   1950      0      0  23439      4      0      -      -      0   2789   1272 
    1    329     73      -     98     82      0      0      0      0   9501   1875      0      0  23439  23439      0      -      -      0    790    780 
    0    345     61      -     97     82      0      0      0      0   9501   1950      0      0  23439      4      0      -      -      0    748    772 
    1    325     73      -     98     82      0      0      0      0   9501   1875      0      0  23439  23439      0      -      -      0    787    780 
    0    352     61      -     97     82      0      0      0      0   9501   1950      0      0  23439      4      0      -      -      0    763    779 
    1    333     73      -     98     83      0      0      0      0   9501   1875      0      0  23439  23439      0      -      -      0    708    691 
    0    346     61      -     99     44      0      0      0      0   9501   1950      0      0  23439      4      0      -      -      0    770    772 
    1    327     73      -     99     44      0      0      0      0   9501   1875      0      0  23439  23439      0      -      -      0    793    781 
    0    352     61      -     97     83      0      0      0      0   9501   1950      0      0  23439      4      0      -      -      0    776    764 
    1    333     73      -     98     83      0      0      0      0   9501   1875      0      0  23439  23439      0      -      -      0    841    812 
    0    352     61      -     97     82      0      0      0      0   9501   1950      0      0  23439      4      0      -      -      0    762    771 
    1    333     73      -     98     83      0      0      0      0   9501   1875      0      0  23439  23439      0      -      -      0    779    766 
    0    353     61      -     97     83      0      0      0      0   9501   1950      0      0  23439      4      0      -      -      0    764    766 
    1    334     73      -     98     83      0      0      0      0   9501   1875      0      0  23439  23439      0      -      -      0    781    765 
    0    353     61      -     97     83      0      0      0      0   9501   1950      0      0  23439      4      0      -      -      0    684   2016 
    1    334     73      -     98     83      0      0      0      0   9501   1875      0      0  23439  23439      0      -      -      0   1920   2072 
    0    340     61      -    100     24      0      0      0      0   9501   1950      0      0  23439      4      0      -      -      0   1027   2135 
    1    316     74      -    100     24      0      0      0      0   9501   1875      0      0  23439  23439      0      -      -      0   1975   2134 
    0    354     62      -     98     66      0      0      0      0   9501   1950      0      0  23439      4      0      -      -      0    775    774 
    1    323     73      -     98     65      0      0      0      0   9501   1875      0      0  23439  23439      0      -      -      0    809    777 
    0    349     61      -     97     82      0      0      0      0   9501   1950      0      0  23439      4      0      -      -      0   2696   2913 
    1    321     73      -     98     83      0      0      0      0   9501   1875      0      0  23439  23439      0      -      -      0   2692   2912 
    0    347     61      -     97     83      0      0      0      0   9501   1950      0      0  23439      4      0      -      -      0    760    778 
    1    326     73      -     98     83      0      0      0      0   9501   1875      0      0  23439  23439      0      -      -      0    774    779 
# gpu    pwr  gtemp  mtemp     sm    mem    enc    dec    jpg    ofa   mclk   pclk  pviol  tviol     fb   bar1   ccpm  sbecc  dbecc    pci  rxpci  txpci 
# Idx      W      C      C      %      %      %      %      %      %    MHz    MHz      %   bool     MB     MB     MB   errs   errs   errs   MB/s   MB/s 
    0    350     61      -    100     22      0      0      0      0   9501   1950      0      0  23439      4      0      -      -      0    750    779 
    1    331     73      -    100     22      0      0      0      0   9501   1875      0      0  23439  23439      0      -      -      0    805    789 
    0    351     61      -     97     82      0      0      0      0   9501   1950      0      0  23439      4      0      -      -      0    761    778 
    1    331     73      -     98     82      0      0      0      0   9501   1875      0      0  23439  23439      0      -      -      0    805    780 
    0    345     61      -     97     82      0      0      0      0   9501   1950      0      0  23439      4      0      -      -      0    758    778 
    1    325     73      -     98     82      0      0      0      0   9501   1875      0      0  23439  23439      0      -      -      0    828    782 
    0    351     60      -     97     82      0      0      0      0   9501   1950      0      0  23439      4      0      -      -      0    749    772 
    1    332     73      -     98     82      0      0      0      0   9501   1875      0      0  23439  23439      0      -      -      0    817    776 
    0    352     60      -     97     83      0      0      0      0   9501   1950      0      0  23439      4      0      -      -      0    756    771 
    1    333     73      -     98     83      0      0      0      0   9501   1875      0      0  23439  23439      0      -      -      0    829    776 
    0    351     61      -     97     83      0      0      0      0   9501   1950      0      0  23439      4      0      -      -      0    746    771 
    1    333     73      -     98     83      0      0      0      0   9501   1875      0      0  23439  23439      0      -      -      0    793    768 
    0    351     61      -     97     83      0      0      0      0   9501   1950      0      0  23439      4      0      -      -      0    751    768 
    1    330     74      -     98     83      0      0      0      0   9501   1875      0      0  23439  23439      0      -      -      0    819    774 
    0    355     61      -     99     50      0      0      0      0   9501   1950      0      0  23439      4      0      -      -      0    689    691 
    1    329     73      -     99     51      0      0      0      0   9501   1875      0      0  23439  23439      0      -      -      0    731    792 
    0    352     61      -    100     30      0      0      0      0   9501   1950      0      0  23439      4      0      -      -      0    752    774 
    1    320     73      -    100     30      0      0      0      0   9501   1875      0      0  23439  23439      0      -      -      0    746    695 
    0    348     61      -     97     82      0      0      0      0   9501   1950      0      0  23439      4      0      -      -      0    755    775 
    1    318     73      -     98     83      0      0      0      0   9501   1875      0      0  23439  23439      0      -      -      0    821    777 
    0    355     61      -     97     83      0      0      0      0   9501   1950      0      0  23439      4      0      -      -      0    742    775 
    1    333     73      -     98     83      0      0      0      0   9501   1875      0      0  23439  23439      0      -      -      0    733    702 
    0    347     61      -     97     83      0      0      0      0   9501   1950      0      0  23439      4      0      -      -      0   2548   2662 
    1    329     73      -     98     83      0      0      0      0   9501   1875      0      0  23439  23439      0      -      -      0   2465    687 
    0    341     60      -     99     31      0      0      0      0   9501   1950      0      0  23439      4      0      -      -      0    769    776 
    1    322     73      -     99     31      0      0      0      0   9501   1875      0      0  23439  23439      0      -      -      0    821    784 
    0    350     60      -     97     82      0      0      0      0   9501   1950      0      0  23439      4      0      -      -      0    764    779 
    1    333     73      -     98     82      0      0      0      0   9501   1875      0      0  23439  23439      0      -      -      0    831    781 
    0    345     60      -     98     84      0      0      0      0   9501   1950      0      0  23439      4      0      -      -      0    762    776 
    1    328     73      -     98     83      0      0      0      0   9501   1875      0      0  23439  23439      0      -      -      0    833    785 
    0    346     60      -     98     83      0      0      0      0   9501   1950      0      0  23439      4      0      -      -      0    753    779 
    1    329     73      -     98     83      0      0      0      0   9501   1875      0      0  23439  23439      0      -      -      0    824    777 
    0    351     60      -     97     83      0      0      0      0   9501   1950      0      0  23439      4      0      -      -      0    766    763 
    1    333     73      -     98     83      0      0      0      0   9501   1875      0      0  23439  23439      0      -      -      0    833    774 
    0    351     60      -     97     83      0      0      0      0   9501   1950      0      0  23439      4      0      -      -      0    767    770 
    1    333     73      -     98     83      0      0      0      0   9501   1875      0      0  23439  23439      0      -      -      0    792    768 
    0    352     61      -     97     83      0      0      0      0   9501   1950      0      0  23439      4      0      -      -      0   2462   2574 
    1    334     73      -     98     83      0      0      0      0   9501   1875      0      0  23439  23439      0      -      -      0   2595   2573 
    0    346     61      -     99     49      0      0      0      0   9501   1950      0      0  23439      4      0      -      -      0    779   2068 
    1    324     74      -     99     49      0      0      0      0   9501   1875      0      0  23439  23439      0      -      -      0   1975   2134 
    0    345     61      -     98     83      0      0      0      0   9501   1950      0      0  23439      4      0      -      -      0   2418   2342 
    1    321     74      -     98     83      0      0      0      0   9501   1875      0      0  23439  23439      0      -      -      0   2398   2594 
    0    346     61      -     97     82      0      0      0      0   9501   1950      0      0  23439      4      0      -      -      0   2425   1528 
    1    324     73      -     98     82      0      0      0      0   9501   1875      0      0  23439  23439      0      -      -      0    794    780 
# gpu    pwr  gtemp  mtemp     sm    mem    enc    dec    jpg    ofa   mclk   pclk  pviol  tviol     fb   bar1   ccpm  sbecc  dbecc    pci  rxpci  txpci 
# Idx      W      C      C      %      %      %      %      %      %    MHz    MHz      %   bool     MB     MB     MB   errs   errs   errs   MB/s   MB/s 
    0    342     61      -     97     82      0      0      0      0   9501   1950      0      0  23439      4      0      -      -      0    771    778 
    1    323     73      -     98     83      0      0      0      0   9501   1875      0      0  23439  23439      0      -      -      0    841    785 
    0    348     61      -     97     82      0      0      0      0   9501   1950      0      0  23439      4      0      -      -      0    753    774 
    1    329     73      -     98     82      0      0      0      0   9501   1875      0      0  23439  23439      0      -      -      0    838    785 
    0    351     61      -     97     82      0      0      0      0   9501   1950      0      0  23439      4      0      -      -      0    760    772 
    1    333     73      -     98     82      0      0      0      0   9501   1875      0      0  23439  23439      0      -      -      0    816    778 
    0    349     61      -     97     82      0      0      0      0   9501   1950      0      0  23439      4      0      -      -      0    763    771 
    1    331     73      -     98     83      0      0      0      0   9501   1875      0      0  23439  23439      0      -      -      0    828    779 
    0    342     61      -     97     83      0      0      0      0   9501   1950      0      0  23439      4      0      -      -      0    768    779 
    1    323     73      -     98     83      0      0      0      0   9501   1875      0      0  23439  23439      0      -      -      0    813    772 
    0    352     61      -     97     83      0      0      0      0   9501   1950      0      0  23439      4      0      -      -      0    770    764 
    1    334     73      -     98     83      0      0      0      0   9501   1875      0      0  23439  23439      0      -      -      0    803    776 
    0    353     61      -     97     83      0      0      0      0   9501   1950      0      0  23439      4      0      -      -      0   2362   2716 
    1    334     73      -     98     83      0      0      0      0   9501   1875      0      0  23439  23439      0      -      -      0   2593   2806 
    0    342     61      -     97     83      0      0      0      0   9501   1950      0      0  23439      4      0      -      -      0   2598   2721 
    1    321     73      -     98     83      0      0      0      0   9501   1875      0      0  23439  23439      0      -      -      0   2594   1736 
    0    352     61      -     97     83      0      0      0      0   9501   1950      0      0  23439      4      0      -      -      0   1876   2016 
    1    326     73      -     98     83      0      0      0      0   9501   1875      0      0  23439  23439      0      -      -      0   1975   2063 
    0    350     61      -     98     83      0      0      0      0   9501   1950      0      0  23439      4      0      -      -      0   2335    778 
    1    326     74      -     98     83      0      0      0      0   9501   1875      0      0  23439  23439      0      -      -      0    827    775 
    0    340     61      -    100     21      0      0      0      0   9501   1950      0      0  23439      4      0      -      -      0    748    770 
    1    320     73      -    100     22      0      0      0      0   9501   1875      0      0  23439  23439      0      -      -      0    834    784 
    0    351     61      -     97     82      0      0      0      0   9501   1950      0      0  23439      4      0      -      -      0    735    776 
    1    331     73      -     98     82      0      0      0      0   9501   1875      0      0  23439  23439      0      -      -      0    818    779 
    0    345     61      -     97     82      0      0      0      0   9501   1950      0      0  23439      4      0      -      -      0    770    799 
    1    327     73      -     98     82      0      0      0      0   9501   1875      0      0  23439  23439      0      -      -      0    832    776 
    0    348     61      -     97     82      0      0      0      0   9501   1950      0      0  23439      4      0      -      -      0    774    778 
    1    330     74      -     98     83      0      0      0      0   9501   1875      0      0  23439  23439      0      -      -      0    823    782 
    0    345     61      -     97     82      0      0      0      0   9501   1950      0      0  23439      4      0      -      -      0    848   2135 
    1    329     73      -     98     83      0      0      0      0   9501   1875      0      0  23439  23439      0      -      -      0   1966   2135 
    0    346     61      -     98     63      0      0      0      0   9501   1950      0      0  23439      4      0      -      -      0    774    798 
    1    326     73      -     99     63      0      0      0      0   9501   1875      0      0  23439  23439      0      -      -      0    805    776 
    0    351     61      -     97     83      0      0      0      0   9501   1950      0      0  23439      4      0      -      -      0    757    687 
    1    333     74      -     98     83      0      0      0      0   9501   1875      0      0  23439  23439      0      -      -      0    806    766 
    0    353     61      -     97     83      0      0      0      0   9501   1950      0      0  23439      4      0      -      -      0    753    771 
    1    333     73      -     98     83      0      0      0      0   9501   1875      0      0  23439  23439      0      -      -      0    824    777 
    0    349     61      -     98     49      0      0      0      0   9501   1950      0      0  23439      4      0      -      -      0    747    763 
    1    326     74      -     98     83      0      0      0      0   9501   1875      0      0  23439  23439      0      -      -      0    814    776 
    0    363     61      -     98     83      0      0      0      0   9501   1950      0      0  23439      4      0      -      -      0    692    689 
    1    334     74      -     98     84      0      0      0      0   9501   1875      0      0  23439  23439      0      -      -      0    729    688 
    0    354     61      -    100     23      0      0      0      0   9501   1950      0      0  23439      4      0      -      -      0    773    775 
    1    326     73      -     98     80      0      0      0      0   9501   1875      0      0  23439  23439      0      -      -      0    803    808 
    0    357     61      -     97     83      0      0      0      0   9501   1950      0      0  23439      4      0      -      -      0    751    763 
    1    334     73      -     98     83      0      0      0      0   9501   1875      0      0  23439  23439      0      -      -      0    804    764 
# gpu    pwr  gtemp  mtemp     sm    mem    enc    dec    jpg    ofa   mclk   pclk  pviol  tviol     fb   bar1   ccpm  sbecc  dbecc    pci  rxpci  txpci 
# Idx      W      C      C      %      %      %      %      %      %    MHz    MHz      %   bool     MB     MB     MB   errs   errs   errs   MB/s   MB/s 
    0    344     61      -    100     20      0      0      0      0   9501   1950      0      0  23439      4      0      -      -      0    756    775 
    1    321     73      -     99     38      0      0      0      0   9501   1875      0      0  23439  23439      0      -      -      0   1924   2018 
    0    335     60      -    100     27      0      0      0      0   9501   1950      0      0  23439      4      0      -      -      0    749    771 
    1    312     73      -    100     18      0      0      0      0   9501   1875      0      0  23439  23439      0      -      -      0    834    781 
    0    353     61      -     97     82      0      0      0      0   9501   1950      0      0  23439      4      0      -      -      0    761    771 
    1    329     74      -     98     82      0      0      0      0   9501   1875      0      0  23439  23439      0      -      -      0    850    778 
    0    345     60      -     97     83      0      0      0      0   9501   1950      0      0  23439      4      0      -      -      0    762    765 
    1    329     73      -     98     82      0      0      0      0   9501   1875      0      0  23439  23439      0      -      -      0    834   1124 
    0    345     60      -     97     82      0      0      0      0   9501   1950      0      0  23439      4      0      -      -      0    769    778 
    1    328     73      -     98     82      0      0      0      0   9501   1875      0      0  23439  23439      0      -      -      0    831    784 
    0    349     60      -     97     82      0      0      0      0   9501   1950      0      0  23439      4      0      -      -      0    775    778 
    1    333     73      -     98     83      0      0      0      0   9501   1875      0      0  23439  23439      0      -      -      0    830    777 
    0    344     60      -    100     23      0      0      0      0   9501   1950      0      0  23439      4      0      -      -      0    764    777 
    1    326     73      -     98     78      0      0      0      0   9501   1875      0      0  23439  23439      0      -      -      0    808    790 
    0    346     60      -     97     83      0      0      0      0   9501   1950      0      0  23439      4      0      -      -      0    773    774 
    1    333     73      -     98     83      0      0      0      0   9501   1875      0      0  23439  23439      0      -      -      0    790    767 
    0    351     60      -     97     83      0      0      0      0   9501   1950      0      0  23439      4      0      -      -      0    773    770 
    1    334     73      -     98     83      0      0      0      0   9501   1875      0      0  23439  23439      0      -      -      0    826    770 
    0    352     61      -     98     82      0      0      0      0   9501   1950      0      0  23439      4      0      -      -      0    754    771 
    1    334     73      -     98     83      0      0      0      0   9501   1875      0      0  23439  23439      0      -      -      0   1281   2926 
    0    350     61      -     99     47      0      0      0      0   9501   1950      0      0  23439      4      0      -      -      0    755    687 
    1    330     73      -     98     82      0      0      0      0   9501   1875      0      0  23439  23439      0      -      -      0    796    782 
    0    353     61      -     97     83      0      0      0      0   9501   1950      0      0  23439      4      0      -      -      0    753    765 
    1    334     73      -     98     83      0      0      0      0   9501   1875      0      0  23439  23439      0      -      -      0    785    769 
    0    345     61      -     97     83      0      0      0      0   9501   1950      0      0  23439      4      0      -      -      0    755    686 
    1    322     73      -     98     83      0      0      0      0   9501   1875      0      0  23439  23439      0      -      -      0    786    789 
    0    343     62      -     97     83      0      0      0      0   9501   1950      0      0  23439      4      0      -      -      0    764    777 
    1    319     74      -    100     32      0      0      0      0   9501   1875      0      0  23439  23439      0      -      -      0    805    774 
    0    358     61      -     97     83      0      0      0      0   9501   1950      0      0  23439      4      0      -      -      0    762    766 
    1    332     73      -     98     83      0      0      0      0   9501   1875      0      0  23439  23439      0      -      -      0    798    775 
    0    340     61      -     98     63      0      0      0      0   9501   1950      0      0  23439      4      0      -      -      0    769    777 
    1    319     73      -     98     83      0      0      0      0   9501   1875      0      0  23439  23439      0      -      -      0    812    775 
    0    340     61      -     97     82      0      0      0      0   9501   1950      0      0  23439      4      0      -      -      0    782    686 
    1    320     73      -     98     83      0      0      0      0   9501   1875      0      0  23439  23439      0      -      -      0    823    783 
    0    351     61      -     97     82      0      0      0      0   9501   1950      0      0  23439      4      0      -      -      0    767    759 
    1    333     73      -     98     83      0      0      0      0   9501   1875      0      0  23439  23439      0      -      -      0    797    776 
    0    349     61      -     98     77      0      0      0      0   9501   1950      0      0  23439      4      0      -      -      0    748    767 
    1    326     73      -    100     23      0      0      0      0   9501   1875      0      0  23439  23439      0      -      -      0    728    694 
    0    348     61      -     98     83      0      0      0      0   9501   1950      0      0  23439      4      0      -      -      0   1972    778 
    1    329     73      -     98     83      0      0      0      0   9501   1875      0      0  23439  23439      0      -      -      0    830    781 
    0    345     61      -     97     82      0      0      0      0   9501   1950      0      0  23439      4      0      -      -      0    771    780 
    1    328     73      -     98     83      0      0      0      0   9501   1875      0      0  23439  23439      0      -      -      0    811    781 
    0    352     61      -     97     83      0      0      0      0   9501   1950      0      0  23439      4      0      -      -      0    756    771 
    1    333     73      -     98     83      0      0      0      0   9501   1875      0      0  23439  23439      0      -      -      0    797    775 
# gpu    pwr  gtemp  mtemp     sm    mem    enc    dec    jpg    ofa   mclk   pclk  pviol  tviol     fb   bar1   ccpm  sbecc  dbecc    pci  rxpci  txpci 
# Idx      W      C      C      %      %      %      %      %      %    MHz    MHz      %   bool     MB     MB     MB   errs   errs   errs   MB/s   MB/s 
    0    345     61      -     97     82      0      0      0      0   9501   1950      0      0  23439      4      0      -      -      0    752    772 
    1    326     74      -     98     83      0      0      0      0   9501   1875      0      0  23439  23439      0      -      -      0    812    768 
    0    355     61      -     97     83      0      0      0      0   9501   1950      0      0  23439      4      0      -      -      0    757    771 
    1    334     73      -     98     83      0      0      0      0   9501   1875      0      0  23439  23439      0      -      -      0    808    774 
    0    349     61      -     97     83      0      0      0      0   9501   1950      0      0  23439      4      0      -      -      0    754    773 
    1    327     73      -     99     41      0      0      0      0   9501   1875      0      0  23439  23439      0      -      -      0    721    775 
    0    353     62      -     99     55      0      0      0      0   9501   1950      0      0  23439      4      0      -      -      0    752    771 
    1    330     74      -     98     83      0      0      0      0   9501   1875      0      0  23439  23439      0      -      -      0    809    783 
    0    349     61      -     97     82      0      0      0      0   9501   1950      0      0  23439      4      0      -      -      0    776    772 
    1    327     74      -     98     83      0      0      0      0   9501   1875      0      0  23439  23439      0      -      -      0    807    782 
    0    360     61      -     98     83      0      0      0      0   9501   1950      0      0  23439      4      0      -      -      0   2679   1162 
    1    333     73      -     98     81      0      0      0      0   9501   1875      0      0  23439  23439      0      -      -      0    798    782 
    0    349     61      -     98     83      0      0      0      0   9501   1950      0      0  23439      4      0      -      -      0   2749   2970 
    1    329     73      -     98     82      0      0      0      0   9501   1875      0      0  23439  23439      0      -      -      0   2745   2934 
    0    344     61      -     97     82      0      0      0      0   9501   1950      0      0  23439      4      0      -      -      0    767    770 
    1    326     73      -     98     82      0      0      0      0   9501   1875      0      0  23439  23439      0      -      -      0    831    779 
    0    351     60      -     97     83      0      0      0      0   9501   1950      0      0  23439      4      0      -      -      0    759    772 
    1    333     73      -     98     83      0      0      0      0   9501   1875      0      0  23439  23439      0      -      -      0    802    782 
    0    348     61      -     97     83      0      0      0      0   9501   1950      0      0  23439      4      0      -      -      0    770    687 
    1    329     74      -     98     83      0      0      0      0   9501   1875      0      0  23439  23439      0      -      -      0    800    761 
    0    345     61      -     97     82      0      0      0      0   9501   1950      0      0  23439      4      0      -      -      0    762    697 
    1    326     73      -     98     83      0      0      0      0   9501   1875      0      0  23439  23439      0      -      -      0    817    768 
    0    351     61      -     97     83      0      0      0      0   9501   1950      0      0  23439      4      0      -      -      0   2619   2628 
    1    328     73      -     98     82      0      0      0      0   9501   1875      0      0  23439  23439      0      -      -      0   2524   2829 
    0    345     61      -    100     19      0      0      0      0   9501   1950      0      0  23439      4      0      -      -      0    775    778 
    1    326     73      -     98     64      0      0      0      0   9501   1875      0      0  23439  23439      0      -      -      0    732    692 
    0    351     61      -     97     83      0      0      0      0   9501   1950      0      0  23439      4      0      -      -      0    745    773 
    1    333     73      -     98     83      0      0      0      0   9501   1875      0      0  23439  23439      0      -      -      0    784   2673 
    0    340     61      -     99     31      0      0      0      0   9501   1950      0      0  23439      4      0      -      -      0    757    772 
    1    319     74      -     98     82      0      0      0      0   9501   1875      0      0  23439  23439      0      -      -      0    804    774 
    0    345     61      -     97     82      0      0      0      0   9501   1950      0      0  23439      4      0      -      -      0    749    783 
    1    326     73      -     98     82      0      0      0      0   9501   1875      0      0  23439  23439      0      -      -      0    811    774 
    0    352     61      -     97     82      0      0      0      0   9501   1950      0      0  23439      4      0      -      -      0    754    767 
    1    333     73      -     98     82      0      0      0      0   9501   1875      0      0  23439  23439      0      -      -      0    815    782 
    0    351     61      -     97     83      0      0      0      0   9501   1950      0      0  23439      4      0      -      -      0    762    775 
    1    333     73      -     98     83      0      0      0      0   9501   1875      0      0  23439  23439      0      -      -      0    801    765 
    0    346     61      -    100     24      0      0      0      0   9501   1950      0      0  23439      4      0      -      -      0    764   1287 
    1    326     73      -     98     82      0      0      0      0   9501   1875      0      0  23439  23439      0      -      -      0   2583   2690 
    0    354     61      -     97     82      0      0      0      0   9501   1950      0      0  23439      4      0      -      -      0    768    771 
    1    333     73      -     98     83      0      0      0      0   9501   1875      0      0  23439  23439      0      -      -      0    812    775 
    0    348     61      -     97     82      0      0      0      0   9501   1950      0      0  23439      4      0      -      -      0    762    774 
    1    326     73      -     98     83      0      0      0      0   9501   1875      0      0  23439  23439      0      -      -      0    823    781 
    0    350     61      -     97     83      0      0      0      0   9501   1950      0      0  23439      4      0      -      -      0    764    772 
    1    331     73      -     98     83      0      0      0      0   9501   1875      0      0  23439  23439      0      -      -      0    813    769 
# gpu    pwr  gtemp  mtemp     sm    mem    enc    dec    jpg    ofa   mclk   pclk  pviol  tviol     fb   bar1   ccpm  sbecc  dbecc    pci  rxpci  txpci 
# Idx      W      C      C      %      %      %      %      %      %    MHz    MHz      %   bool     MB     MB     MB   errs   errs   errs   MB/s   MB/s 
    0    353     61      -     98     83      0      0      0      0   9501   1950      0      0  23439      4      0      -      -      0   1894    771 
    1    333     73      -     98     83      0      0      0      0   9501   1875      0      0  23439  23439      0      -      -      0    792    767 
    0    351     62      -     98     55      0      0      0      0   9501   1950      0      0  23439      4      0      -      -      0    754    779 
    1    330     74      -     98     83      0      0      0      0   9501   1875      0      0  23439  23439      0      -      -      0    805    768 
    0    353     61      -     99     48      0      0      0      0   9501   1950      0      0  23439      4      0      -      -      0   2758   1988 
    1    324     73      -    100     20      0      0      0      0   9501   1875      0      0  23439  23439      0      -      -      0    804    771 
    0    351     61      -     97     82      0      0      0      0   9501   1950      0      0  23439      4      0      -      -      0    747    772 
    1    326     73      -     98     83      0      0      0      0   9501   1875      0      0  23439  23439      0      -      -      0    805    770 
    0    349     61      -     98     66      0      0      0      0   9501   1950      0      0  23439      4      0      -      -      0    770    688 
    1    326     74      -     98     83      0      0      0      0   9501   1875      0      0  23439  23439      0      -      -      0    817    779 
    0    348     62      -     98     62      0      0      0      0   9501   1950      0      0  23439      4      0      -      -      0    745    778 
    1    330     74      -     98     82      0      0      0      0   9501   1875      0      0  23439  23439      0      -      -      0    842    778 
    0    354     61      -     97     83      0      0      0      0   9501   1950      0      0  23439      4      0      -      -      0   1962   1242 
    1    333     74      -     98     83      0      0      0      0   9501   1875      0      0  23439  23439      0      -      -      0    789    780 
    0    348     61      -     97     83      0      0      0      0   9501   1950      0      0  23439      4      0      -      -      0    765    765 
    1    332     73      -     98     82      0      0      0      0   9501   1875      0      0  23439  23439      0      -      -      0    845    788 
    0    351     61      -     97     83      0      0      0      0   9501   1950      0      0  23439      4      0      -      -      0   2802   2808 
    1    333     73      -     98     83      0      0      0      0   9501   1875      0      0  23439  23439      0      -      -      0   2703   2807 
    0    342     61      -     99     49      0      0      0      0   9501   1950      0      0  23439      4      0      -      -      0    688    688 
    1    322     73      -    100     19      0      0      0      0   9501   1875      0      0  23439  23439      0      -      -      0    832    776 
    0    359     61      -     97     82      0      0      0      0   9501   1950      0      0  23439      4      0      -      -      0    739    770 
    1    333     73      -     98     82      0      0      0      0   9501   1875      0      0  23439  23439      0      -      -      0    836    779 
    0    355     61      -     97     83      0      0      0      0   9501   1950      0      0  23439      4      0      -      -      0    664    687 
    1    333     73      -     98     83      0      0      0      0   9501   1875      0      0  23439  23439      0      -      -      0    829    776 
    0    348     61      -     97     83      0      0      0      0   9501   1950      0      0  23439      4      0      -      -      0    750    790 
    1    330     74      -     98     83      0      0      0      0   9501   1875      0      0  23439  23439      0      -      -      0    813    781 
    0    355     61      -     97     83      0      0      0      0   9501   1950      0      0  23439      4      0      -      -      0    736    794 
    1    333     74      -     98     83      0      0      0      0   9501   1875      0      0  23439  23439      0      -      -      0    799    769 
    0    353     61      -     97     83      0      0      0      0   9501   1950      0      0  23439      4      0      -      -      0    761    767 
    1    334     73      -     98     83      0      0      0      0   9501   1875      0      0  23439  23439      0      -      -      0    784    771 
    0    353     61      -     98     84      0      0      0      0   9501   1950      0      0  23439      4      0      -      -      0    745    763 
    1    334     73      -     98     83      0      0      0      0   9501   1875      0      0  23439  23439      0      -      -      0    769    765 
    0    346     61      -     98     62      0      0      0      0   9501   1950      0      0  23439      4      0      -      -      0    758    778 
    1    324     74      -    100     20      0      0      0      0   9501   1875      0      0  23439  23439      0      -      -      0    769    775 
    0    354     61      -     97     83      0      0      0      0   9501   1950      0      0  23439      4      0      -      -      0    757    785 
    1    331     73      -     98     84      0      0      0      0   9501   1875      0      0  23439  23439      0      -      -      0    805    786 
    0    350     61      -     97     83      0      0      0      0   9501   1950      0      0  23439      4      0      -      -      0    752    764 
    1    333     73      -     98     83      0      0      0      0   9501   1875      0      0  23439  23439      0      -      -      0    775    777 
    0    352     61      -     97     83      0      0      0      0   9501   1950      0      0  23439      4      0      -      -      0    762    772 
    1    334     73      -     98     83      0      0      0      0   9501   1875      0      0  23439  23439      0      -      -      0    802    769 
    0    346     61      -     98     69      0      0      0      0   9501   1950      0      0  23439      4      0      -      -      0   2492   2514 
    1    327     73      -    100     22      0      0      0      0   9501   1875      0      0  23439  23439      0      -      -      0    777    772 
    0    342     61      -     98     62      0      0      0      0   9501   1950      0      0  23439      4      0      -      -      0    769    779 
    1    321     74      -     99     35      0      0      0      0   9501   1875      0      0  23439  23439      0      -      -      0   2760   2979 
# gpu    pwr  gtemp  mtemp     sm    mem    enc    dec    jpg    ofa   mclk   pclk  pviol  tviol     fb   bar1   ccpm  sbecc  dbecc    pci  rxpci  txpci 
# Idx      W      C      C      %      %      %      %      %      %    MHz    MHz      %   bool     MB     MB     MB   errs   errs   errs   MB/s   MB/s 
    0    346     61      -     98     69      0      0      0      0   9501   1950      0      0  23439      4      0      -      -      0    765    784 
    1    326     73      -    100     20      0      0      0      0   9501   1875      0      0  23439  23439      0      -      -      0    787    778 
    0    352     61      -     97     83      0      0      0      0   9501   1950      0      0  23439      4      0      -      -      0    758    791 
    1    333     74      -     98     83      0      0      0      0   9501   1875      0      0  23439  23439      0      -      -      0    794    767 
    0    351     62      -    100     22      0      0      0      0   9501   1950      0      0  23439      4      0      -      -      0   1898   2016 
    1    331     73      -     98     77      0      0      0      0   9501   1875      0      0  23439  23439      0      -      -      0   1621    777 
    0    350     61      -     98     74      0      0      0      0   9501   1950      0      0  23439      4      0      -      -      0   1978   2135 
    1    327     74      -    100     20      0      0      0      0   9501   1875      0      0  23439  23439      0      -      -      0   1719    773 
    0    348     61      -     98     82      0      0      0      0   9501   1950      0      0  23439      4      0      -      -      0    764    776 
    1    326     73      -     98     83      0      0      0      0   9501   1875      0      0  23439  23439      0      -      -      0    814    774 
    0    354     61      -     97     83      0      0      0      0   9501   1950      0      0  23439      4      0      -      -      0    746    736 
    1    334     73      -     98     83      0      0      0      0   9501   1875      0      0  23439  23439      0      -      -      0    809    761 
    0    347     62      -     97     83      0      0      0      0   9501   1950      0      0  23439      4      0      -      -      0   1891   2131 
    1    324     73      -     98     82      0      0      0      0   9501   1875      0      0  23439  23439      0      -      -      0    740    789 
    0    353     61      -     97     83      0      0      0      0   9501   1950      0      0  23439      4      0      -      -      0    750    771 
    1    329     73      -     98     82      0      0      0      0   9501   1875      0      0  23439  23439      0      -      -      0    739    695 
    0    352     61      -     97     83      0      0      0      0   9501   1950      0      0  23439      4      0      -      -      0    757    773 
    1    327     73      -     98     83      0      0      0      0   9501   1875      0      0  23439  23439      0      -      -      0    813    780 
    0    344     61      -     97     83      0      0      0      0   9501   1950      0      0  23439      4      0      -      -      0    771    777 
    1    322     74      -     98     83      0      0      0      0   9501   1875      0      0  23439  23439      0      -      -      0    800    781 
    0    348     61      -     97     83      0      0      0      0   9501   1950      0      0  23439      4      0      -      -      0    750    771 
    1    330     73      -     98     83      0      0      0      0   9501   1875      0      0  23439  23439      0      -      -      0    797    775 
    0    345     61      -     99     43      0      0      0      0   9501   1950      0      0  23439      4      0      -      -      0    757    771 
    1    326     73      -     98     83      0      0      0      0   9501   1875      0      0  23439  23439      0      -      -      0    806    782 
    0    352     61      -     97     83      0      0      0      0   9501   1950      0      0  23439      4      0      -      -      0    751    771 
    1    333     73      -     98     83      0      0      0      0   9501   1875      0      0  23439  23439      0      -      -      0    810    766 
    0    340     61      -     98     57      0      0      0      0   9501   1950      0      0  23439      4      0      -      -      0    772    778 
    1    320     74      -     99     43      0      0      0      0   9501   1875      0      0  23439  23439      0      -      -      0    816    782 
    0    362     61      -     97     82      0      0      0      0   9501   1950      0      0  23439      4      0      -      -      0    781    778 
    1    333     73      -     98     83      0      0      0      0   9501   1875      0      0  23439  23439      0      -      -      0    807    783 
    0    357     61      -     97     83      0      0      0      0   9501   1950      0      0  23439      4      0      -      -      0    749    771 
    1    334     73      -     98     83      0      0      0      0   9501   1875      0      0  23439  23439      0      -      -      0    819    775 
    0    352     61      -     97     83      0      0      0      0   9501   1950      0      0  23439      4      0      -      -      0    765    777 
    1    334     73      -     98     83      0      0      0      0   9501   1875      0      0  23439  23439      0      -      -      0    713    699 
    0    355     61      -     97     83      0      0      0      0   9501   1950      0      0  23439      4      0      -      -      0    772    771 
    1    331     74      -     98     83      0      0      0      0   9501   1875      0      0  23439  23439      0      -      -      0    791    774 
    0    337     61      -     97     75      0      0      0      0   9501   1950      0      0  23439      4      0      -      -      0    758    779 
    1    314     73      -     98     83      0      0      0      0   9501   1875      0      0  23439  23439      0      -      -      0    820    775 
    0    348     61      -     98     83      0      0      0      0   9501   1950      0      0  23439      4      0      -      -      0    760    778 
    1    330     73      -     98     82      0      0      0      0   9501   1875      0      0  23439  23439      0      -      -      0    810    767 
    0    352     61      -     97     83      0      0      0      0   9501   1950      0      0  23439      4      0      -      -      0    752    772 
    1    334     73      -     98     83      0      0      0      0   9501   1875      0      0  23439  23439      0      -      -      0    815    774 
    0    352     61      -     97     83      0      0      0      0   9501   1950      0      0  23439      4      0      -      -      0    740    770 
    1    334     73      -     98     83      0      0      0      0   9501   1875      0      0  23439  23439      0      -      -      0   1716   2134 
# gpu    pwr  gtemp  mtemp     sm    mem    enc    dec    jpg    ofa   mclk   pclk  pviol  tviol     fb   bar1   ccpm  sbecc  dbecc    pci  rxpci  txpci 
# Idx      W      C      C      %      %      %      %      %      %    MHz    MHz      %   bool     MB     MB     MB   errs   errs   errs   MB/s   MB/s 
    0    348     61      -     98     83      0      0      0      0   9501   1950      0      0  23439      4      0      -      -      0    765    765 
    1    329     74      -     98     83      0      0      0      0   9501   1875      0      0  23439  23439      0      -      -      0    818   1133 
    0    339     61      -    100     18      0      0      0      0   9501   1950      0      0  23439      4      0      -      -      0    753    776 
    1    319     73      -     98     70      0      0      0      0   9501   1875      0      0  23439  23439      0      -      -      0    743    778 
    0    349     61      -     97     83      0      0      0      0   9501   1950      0      0  23439      4      0      -      -      0    755    764 
    1    329     73      -     98     83      0      0      0      0   9501   1875      0      0  23439  23439      0      -      -      0    805    776 
    0    352     61      -     98     84      0      0      0      0   9501   1950      0      0  23439      4      0      -      -      0    759    763 
    1    333     73      -     98     83      0      0      0      0   9501   1875      0      0  23439  23439      0      -      -      0    808   1344 
    0    341     61      -     99     41      0      0      0      0   9501   1950      0      0  23439      4      0      -      -      0   1106   2135 
    1    319     73      -     98     57      0      0      0      0   9501   1875      0      0  23439  23439      0      -      -      0   1961   2101 
    0    352     61      -     97     82      0      0      0      0   9501   1950      0      0  23439      4      0      -      -      0    750    774 
    1    329     73      -     98     83      0      0      0      0   9501   1875      0      0  23439  23439      0      -      -      0    785    782 
    0    351     61      -     97     82      0      0      0      0   9501   1950      0      0  23439      4      0      -      -      0    769    773 
    1    333     73      -     98     83      0      0      0      0   9501   1875      0      0  23439  23439      0      -      -      0    797    782 
    0    346     61      -     98     60      0      0      0      0   9501   1950      0      0  23439      4      0      -      -      0    774    764 
    1    327     73      -    100     22      0      0      0      0   9501   1875      0      0  23439  23439      0      -      -      0    789    777 
    0    347     61      -    100     22      0      0      0      0   9501   1950      0      0  23439      4      0      -      -      0    755    776 
    1    327     74      -    100     22      0      0      0      0   9501   1875      0      0  23439  23439      0      -      -      0    805    774 
    0    352     61      -     98     83      0      0      0      0   9501   1950      0      0  23439      4      0      -      -      0    773    804 
    1    333     73      -     98     83      0      0      0      0   9501   1875      0      0  23439  23439      0      -      -      0    744    796 
    0    353     61      -     97     82      0      0      0      0   9501   1950      0      0  23439      4      0      -      -      0    748    688 
    1    334     73      -     98     84      0      0      0      0   9501   1875      0      0  23439  23439      0      -      -      0    808    770 
    0    353     61      -     97     83      0      0      0      0   9501   1950      0      0  23439      4      0      -      -      0    772    764 
    1    334     73      -     97     83      0      0      0      0   9501   1875      0      0  23439  23439      0      -      -      0    787    767 
    0    348     61      -     97     83      0      0      0      0   9501   1950      0      0  23439      4      0      -      -      0    683    692 
    1    327     74      -     98     83      0      0      0      0   9501   1875      0      0  23439  23439      0      -      -      0    728    781 
    0    356     61      -     98     83      0      0      0      0   9501   1950      0      0  23439      4      0      -      -      0    792    784 
    1    326     74      -     98     83      0      0      0      0   9501   1875      0      0  23439  23439      0      -      -      0    749    691 
    0    362     61      -     98     83      0      0      0      0   9501   1950      0      0  23439      4      0      -      -      0    752    765 
    1    333     73      -     98     83      0      0      0      0   9501   1875      0      0  23439  23439      0      -      -      0    791    767 
    0    344     61      -    100     18      0      0      0      0   9501   1950      0      0  23439      4      0      -      -      0   2459   2734 
    1    324     73      -    100     18      0      0      0      0   9501   1875      0      0  23439  23439      0      -      -      0   2455   2757 
    0    354     61      -     97     83      0      0      0      0   9501   1950      0      0  23439      4      0      -      -      0    760    772 
    1    326     73      -     98     83      0      0      0      0   9501   1875      0      0  23439  23439      0      -      -      0    814    780 
    0    351     61      -     99     53      0      0      0      0   9501   1950      0      0  23439      4      0      -      -      0    775    774 
    1    330     74      -     99     54      0      0      0      0   9501   1875      0      0  23439  23439      0      -      -      0    815    774 
    0    351     61      -     97     83      0      0      0      0   9501   1950      0      0  23439      4      0      -      -      0    757    772 
    1    333     73      -     98     83      0      0      0      0   9501   1875      0      0  23439  23439      0      -      -      0    801    775 
    0    348     61      -     97     83      0      0      0      0   9501   1950      0      0  23439      4      0      -      -      0    762    776 
    1    330     74      -     98     83      0      0      0      0   9501   1875      0      0  23439  23439      0      -      -      0    797    779 
    0    352     60      -     98     83      0      0      0      0   9501   1950      0      0  23439      4      0      -      -      0    749    777 
    1    333     73      -     98     83      0      0      0      0   9501   1875      0      0  23439  23439      0      -      -      0    791    789 
    0    346     60      -    100     18      0      0      0      0   9501   1950      0      0  23439      4      0      -      -      0   2248   1179 
    1    328     73      -    100     18      0      0      0      0   9501   1875      0      0  23439  23439      0      -      -      0    800    769 
# gpu    pwr  gtemp  mtemp     sm    mem    enc    dec    jpg    ofa   mclk   pclk  pviol  tviol     fb   bar1   ccpm  sbecc  dbecc    pci  rxpci  txpci 
# Idx      W      C      C      %      %      %      %      %      %    MHz    MHz      %   bool     MB     MB     MB   errs   errs   errs   MB/s   MB/s 
    0    341     60      -     98     83      0      0      0      0   9501   1950      0      0  23439      4      0      -      -      0    756    770 
    1    322     73      -     98     82      0      0      0      0   9501   1875      0      0  23439  23439      0      -      -      0    782   1915 
    0    347     61      -     98     83      0      0      0      0   9501   1950      0      0  23439      4      0      -      -      0    766    778 
    1    327     73      -     98     83      0      0      0      0   9501   1875      0      0  23439  23439      0      -      -      0    797    780 
    0    347     61      -     97     82      0      0      0      0   9501   1950      0      0  23439      4      0      -      -      0    771    771 
    1    327     74      -     98     82      0      0      0      0   9501   1875      0      0  23439  23439      0      -      -      0    791    781 
    0    351     61      -     98     69      0      0      0      0   9501   1950      0      0  23439      4      0      -      -      0    750    776 
    1    333     73      -     98     71      0      0      0      0   9501   1875      0      0  23439  23439      0      -      -      0    801    779 
    0    352     61      -     97     82      0      0      0      0   9501   1950      0      0  23439      4      0      -      -      0    766    765 
    1    333     73      -     97     82      0      0      0      0   9501   1875      0      0  23439  23439      0      -      -      0    777    773 
    0    346     61      -     99     62      0      0      0      0   9501   1950      0      0  23439      4      0      -      -      0    752    778 
    1    325     74      -     99     63      0      0      0      0   9501   1875      0      0  23439  23439      0      -      -      0   1577   2134 
    0    349     61      -     97     82      0      0      0      0   9501   1950      0      0  23439      4      0      -      -      0    753    778 
    1    326     73      -     98     82      0      0      0      0   9501   1875      0      0  23439  23439      0      -      -      0    799    774 
    0    352     61      -     97     82      0      0      0      0   9501   1950      0      0  23439      4      0      -      -      0    763    772 
    1    333     74      -     98     83      0      0      0      0   9501   1875      0      0  23439  23439      0      -      -      0    792    772 
    0    352     61      -     98     83      0      0      0      0   9501   1950      0      0  23439      4      0      -      -      0    756    770 
    1    333     73      -     98     83      0      0      0      0   9501   1875      0      0  23439  23439      0      -      -      0    810    771 
    0    343     61      -     97     82      0      0      0      0   9501   1950      0      0  23439      4      0      -      -      0    768    776 
    1    321     73      -     98     83      0      0      0      0   9501   1875      0      0  23439  23439      0      -      -      0    794    772 
    0    352     61      -     98     64      0      0      0      0   9501   1950      0      0  23439      4      0      -      -      0    764    775 
    1    323     73      -     98     64      0      0      0      0   9501   1875      0      0  23439  23439      0      -      -      0    805    782 
    0    355     61      -     98     83      0      0      0      0   9501   1950      0      0  23439      4      0      -      -      0    765    772 
    1    328     74      -     98     83      0      0      0      0   9501   1875      0      0  23439  23439      0      -      -      0    732    777 
    0    352     61      -     97     82      0      0      0      0   9501   1950      0      0  23439      4      0      -      -      0   2416   2741 
    1    333     73      -     98     83      0      0      0      0   9501   1875      0      0  23439  23439      0      -      -      0   2534   2980 
    0    345     61      -     97     83      0      0      0      0   9501   1950      0      0  23439      4      0      -      -      0    759    777 
    1    327     73      -     97     83      0      0      0      0   9501   1875      0      0  23439  23439      0      -      -      0    785    774 
    0    349     61      -     97     83      0      0      0      0   9501   1950      0      0  23439      4      0      -      -      0    776    779 
    1    330     74      -     98     82      0      0      0      0   9501   1875      0      0  23439  23439      0      -      -      0    810    775 
    0    349     61      -     97     82      0      0      0      0   9501   1950      0      0  23439      4      0      -      -      0    758    771 
    1    330     74      -     98     83      0      0      0      0   9501   1875      0      0  23439  23439      0      -      -      0    871   1180 
    0    350     61      -     97     83      0      0      0      0   9501   1950      0      0  23439      4      0      -      -      0    762    761 
    1    331     73      -     98     83      0      0      0      0   9501   1875      0      0  23439  23439      0      -      -      0    801    766 
    0    352     60      -     98     83      0      0      0      0   9501   1950      0      0  23439      4      0      -      -      0    740    764 
    1    333     73      -     98     83      0      0      0      0   9501   1875      0      0  23439  23439      0      -      -      0    807    774 
    0    351     61      -     97     82      0      0      0      0   9501   1950      0      0  23439      4      0      -      -      0   2516    686 
    1    329     74      -     98     81      0      0      0      0   9501   1875      0      0  23439  23439      0      -      -      0    733    794 
    0    349     61      -     97     83      0      0      0      0   9501   1950      0      0  23439      4      0      -      -      0    681    799 
    1    326     74      -     98     83      0      0      0      0   9501   1875      0      0  23439  23439      0      -      -      0    721   1002 
    0    343     61      -     97     82      0      0      0      0   9501   1950      0      0  23439      4      0      -      -      0    761    775 
    1    323     74      -     98     82      0      0      0      0   9501   1875      0      0  23439  23439      0      -      -      0    805    782 
    0    351     61      -     97     83      0      0      0      0   9501   1950      0      0  23439      4      0      -      -      0    764    777 
    1    333     73      -     98     83      0      0      0      0   9501   1875      0      0  23439  23439      0      -      -      0    783    775 
# gpu    pwr  gtemp  mtemp     sm    mem    enc    dec    jpg    ofa   mclk   pclk  pviol  tviol     fb   bar1   ccpm  sbecc  dbecc    pci  rxpci  txpci 
# Idx      W      C      C      %      %      %      %      %      %    MHz    MHz      %   bool     MB     MB     MB   errs   errs   errs   MB/s   MB/s 
    0    352     61      -     97     82      0      0      0      0   9501   1950      0      0  23439      4      0      -      -      0    757    771 
    1    333     73      -     98     83      0      0      0      0   9501   1875      0      0  23439  23439      0      -      -      0    800    771 
    0    352     61      -     97     83      0      0      0      0   9501   1950      0      0  23439      4      0      -      -      0   2693   2787 
    1    333     73      -     98     83      0      0      0      0   9501   1875      0      0  23439  23439      0      -      -      0   2808   2988 
    0    344     61      -     99     53      0      0      0      0   9501   1950      0      0  23439      4      0      -      -      0    750    732 
    1    322     73      -     99     55      0      0      0      0   9501   1875      0      0  23439  23439      0      -      -      0    711    730 
    0    355     61      -     99     83      0      0      0      0   9501   1950      0      0  23439      4      0      -      -      0    749    730 
    1    332     73      -     99     83      0      0      0      0   9501   1875      0      0  23439  23439      0      -      -      0    702    729 
    0    351     61      -     99     83      0      0      0      0   9501   1950      0      0  23439      4      0      -      -      0    746    734 
    1    332     73      -     99     83      0      0      0      0   9501   1875      0      0  23439  23439      0      -      -      0    701    729 
    0    349     61      -     99     83      0      0      0      0   9501   1950      0      0  23439      4      0      -      -      0    536    418 
    1    330     74      -     99     83      0      0      0      0   9501   1875      0      0  23439  23439      0      -      -      0    432    413 
    0    350     61      -     99     86      0      0      0      0   9501   1950      0      0  23439      4      0      -      -      0    502    411 
    1    330     74      -     99     86      0      0      0      0   9501   1875      0      0  23439  23439      0      -      -      0    441    234 
    0    356     61      -     99     39      0      0      0      0   9501   1950      0      0  23439      4      0      -      -      0    165    119 
    1    333     74      -    100     41      0      0      0      0   9501   1875      0      0  23439  23439      0      -      -      0    165    119 
    0    362     61      -     97     88      0      0      0      0   9501   1950      0      0  23439      4      0      -      -      0    166    121 
    1    339     74      -     98     88      0      0      0      0   9501   1875      0      0  23439  23439      0      -      -      0    154    130 
    0    359     61      -     97     88      0      0      0      0   9501   1950      0      0  23439      4      0      -      -      0    165    122 
    1    339     74      -     97     88      0      0      0      0   9501   1875      0      0  23439  23439      0      -      -      0    155    119 
    0    351     61      -    100     18      0      0      0      0   9501   1950      0      0  23439      4      0      -      -      0      0      0 
    1    330     73      -    100     18      0      0      0      0   9501   1875      0      0  23439  23439      0      -      -      0      0      0 
