# gpu    pwr  gtemp  mtemp     sm    mem    enc    dec    jpg    ofa   mclk   pclk  pviol  tviol     fb   bar1   ccpm  sbecc  dbecc    pci  rxpci  txpci
# Idx      W      C      C      %      %      %      %      %      %    MHz    MHz      %   bool     MB     MB     MB   errs   errs   errs   MB/s   MB/s
    0     15     47      -      0      0      0      0      0      0    405    210      0      0  23731      4      0      -      -      0      0      0
    1     12     54      -      0      0      0      0      0      0    405    210      0      0  23731  23731      0      -      -      0   1042   1749
    0    180     58      -     99     79      0      0      0      0   9501   1980     18      0  23731      4      0      -      -      0    935    946
    1    286     62      -     99     79      0      0      0      0   9501   1905      7      0  23731  23731      0      -      -      0    879    914
    0    349     59      -     99     79      0      0      0      0   9501   1965      0      0  23731      4      0      -      -      0    897    948
    1    321     63      -     99     79      0      0      0      0   9501   1905      0      0  23731  23731      0      -      -      0    911    914
    0    350     59      -     99     79      0      0      0      0   9501   1965      0      0  23731      4      0      -      -      0    911    941
    1    322     63      -     99     79      0      0      0      0   9501   1905      0      0  23731  23731      0      -      -      0    870    909
    0    351     59      -     99     80      0      0      0      0   9501   1965      0      0  23731      4      0      -      -      0    932    913
    1    324     64      -     99     79      0      0      0      0   9501   1905      0      0  23731  23731      0      -      -      0    866    945
    0    352     59      -     99     80      0      0      0      0   9501   1965      0      0  23731      4      0      -      -      0    879    917
    1    325     64      -     99     80      0      0      0      0   9501   1905      0      0  23731  23731      0      -      -      0    858    945
    0    349     59      -     99     79      0      0      0      0   9501   1965      0      0  23731      4      0      -      -      0    899    919
    1    323     65      -     99     79      0      0      0      0   9501   1905      0      0  23731  23731      0      -      -      0    853    921
    0    350     60      -     99     79      0      0      0      0   9501   1965      0      0  23731      4      0      -      -      0    907    894
    1    324     65      -    100     79      0      0      0      0   9501   1890      0      0  23731  23731      0      -      -      0    849    909
    0    344     60      -    100     49      0      0      0      0   9501   1965      0      0  23731      4      0      -      -      0    935    896
    1    318     66      -    100     42      0      0      0      0   9501   1890      0      0  23731  23731      0      -      -      0    856    883
    0    341     59      -     99     79      0      0      0      0   9501   1965      0      0  23731      4      0      -      -      0   3018   3275
    1    315     66      -     99     72      0      0      0      0   9501   1890      0      0  23731  23731      0      -      -      0   3023   3274
    0    342     60      -    100     19      0      0      0      0   9501   1965      0      0  23731      4      0      -      -      0    902    934
    1    316     66      -    100     63      0      0      0      0   9501   1890      0      0  23731  23731      0      -      -      0    939   2506
    0    330     60      -    100     52      0      0      0      0   9501   1965      0      0  23731      4      0      -      -      0    913    935
    1    304     66      -    100     35      0      0      0      0   9501   1890      0      0  23731  23731      0      -      -      0    861    906
    0    342     60      -    100     46      0      0      0      0   9501   1965      0      0  23731      4      0      -      -      0    934    942
    1    318     67      -     99     80      0      0      0      0   9501   1890      0      0  23731  23731      0      -      -      0    885    940
    0    342     60      -    100     52      0      0      0      0   9501   1965      0      0  23731      4      0      -      -      0    900    918
    1    318     67      -     99     74      0      0      0      0   9501   1890      0      0  23731  23731      0      -      -      0    900    905
    0    349     61      -    100     80      0      0      0      0   9501   1965      0      0  23731      4      0      -      -      0    920    938
    1    325     67      -     99     79      0      0      0      0   9501   1890      0      0  23731  23731      0      -      -      0    880    945
    0    354     61      -     99     80      0      0      0      0   9501   1965      0      0  23731      4      0      -      -      0    941    902
    1    327     68      -     99     80      0      0      0      0   9501   1890      0      0  23731  23731      0      -      -      0    870    935
    0    354     61      -     99     79      0      0      0      0   9501   1965      0      0  23731      4      0      -      -      0    936    908
    1    327     68      -     99     79      0      0      0      0   9501   1890      0      0  23731  23731      0      -      -      0   2778   3338
    0    349     61      -    100     80      0      0      0      0   9501   1965      0      0  23731      4      0      -      -      0    919    910
    1    322     68      -     99     79      0      0      0      0   9501   1890      0      0  23731  23731      0      -      -      0    900    898
    0    355     61      -    100     80      0      0      0      0   9501   1965      0      0  23731      4      0      -      -      0    908    925
    1    328     68      -     99     80      0      0      0      0   9501   1890      0      0  23731  23731      0      -      -      0    857    916
    0    355     62      -     99     79      0      0      0      0   9501   1965      0      0  23731      4      0      -      -      0    943    895
    1    327     68      -     99     79      0      0      0      0   9501   1890      0      0  23731  23731      0      -      -      0    886    888
    0    345     62      -     99     80      0      0      0      0   9501   1965      0      0  23731      4      0      -      -      0   2948   3219
    1    318     69      -     99     53      0      0      0      0   9501   1890      0      0  23731  23731      0      -      -      0   3134   1637
    0    333     62      -    100     30      0      0      0      0   9501   1965      0      0  23731      4      0      -      -      0    940    915
    1    304     69      -    100     52      0      0      0      0   9501   1890      0      0  23731  23731      0      -      -      0    873    929
# gpu    pwr  gtemp  mtemp     sm    mem    enc    dec    jpg    ofa   mclk   pclk  pviol  tviol     fb   bar1   ccpm  sbecc  dbecc    pci  rxpci  txpci
# Idx      W      C      C      %      %      %      %      %      %    MHz    MHz      %   bool     MB     MB     MB   errs   errs   errs   MB/s   MB/s
    0    349     62      -    100     60      0      0      0      0   9501   1965      0      0  23731      4      0      -      -      0    915    933
    1    317     69      -    100     41      0      0      0      0   9501   1890      0      0  23731  23731      0      -      -      0    872    929
    0    332     62      -    100     53      0      0      0      0   9501   1965      0      0  23731      4      0      -      -      0    939    920
    1    304     69      -    100     54      0      0      0      0   9501   1890      0      0  23731  23731      0      -      -      0    874    938
    0    350     63      -     99     79      0      0      0      0   9501   1965      0      0  23731      4      0      -      -      0    907    910
    1    325     69      -     99     79      0      0      0      0   9501   1890      0      0  23731  23731      0      -      -      0    900    913
    0    356     63      -     99     80      0      0      0      0   9501   1965      0      0  23731      4      0      -      -      0    901    933
    1    329     70      -     99     80      0      0      0      0   9501   1890      0      0  23731  23731      0      -      -      0    867    938
    0    357     63      -     99     79      0      0      0      0   9501   1965      0      0  23731      4      0      -      -      0    907    928
    1    329     69      -    100     79      0      0      0      0   9501   1890      0      0  23731  23731      0      -      -      0    867    930
    0    357     63      -     99     80      0      0      0      0   9501   1965      0      0  23731      4      0      -      -      0    928    900
    1    328     70      -     99     80      0      0      0      0   9501   1890      0      0  23731  23731      0      -      -      0    860    923
    0    358     63      -    100     80      0      0      0      0   9501   1950      0      0  23731      4      0      -      -      0    907    885
    1    328     70      -     99     79      0      0      0      0   9501   1890      0      0  23731  23731      0      -      -      0    872    890
    0    353     63      -     99     79      0      0      0      0   9501   1950      0      0  23731      4      0      -      -      0    876    911
    1    328     70      -     99     79      0      0      0      0   9501   1890      0      0  23731  23731      0      -      -      0    850    908
    0    343     63      -    100     80      0      0      0      0   9501   1950      0      0  23731      4      0      -      -      0    894    883
    1    317     70      -     99     80      0      0      0      0   9501   1890      0      0  23731  23731      0      -      -      0    846    915
    0    341     64      -     99     80      0      0      0      0   9501   1950      0      0  23731      4      0      -      -      0   2886   3118
    1    319     70      -     99     76      0      0      0      0   9501   1875      0      0  23731  23731      0      -      -      0   1465    929
    0    336     64      -     99     61      0      0      0      0   9501   1950      0      0  23731      4      0      -      -      0    917    907
    1    322     70      -    100     64      0      0      0      0   9501   1875      0      0  23731  23731      0      -      -      0    869   2612
    0    337     64      -     99     80      0      0      0      0   9501   1950      0      0  23731      4      0      -      -      0    942    909
    1    316     70      -    100     80      0      0      0      0   9501   1875      0      0  23731  23731      0      -      -      0    901    904
    0    354     64      -     99     79      0      0      0      0   9501   1950      0      0  23731      4      0      -      -      0    938    903
    1    331     71      -     99     79      0      0      0      0   9501   1875      0      0  23731  23731      0      -      -      0    858    883
    0    345     64      -     99     79      0      0      0      0   9501   1950      0      0  23731      4      0      -      -      0    910   1678
    1    322     70      -     99     79      0      0      0      0   9501   1875      0      0  23731  23731      0      -      -      0   3273   2874
    0    342     64      -     99     79      0      0      0      0   9501   1950      0      0  23731      4      0      -      -      0    916    942
    1    320     71      -     99     79      0      0      0      0   9501   1875      0      0  23731  23731      0      -      -      0    888    912
    0    354     64      -     99     79      0      0      0      0   9501   1950      0      0  23731      4      0      -      -      0    935    915
    1    332     71      -     99     79      0      0      0      0   9501   1875      0      0  23731  23731      0      -      -      0    893    906
    0    355     64      -     99     79      0      0      0      0   9501   1950      0      0  23731      4      0      -      -      0    913    927
    1    332     71      -     99     79      0      0      0      0   9501   1875      0      0  23731  23731      0      -      -      0    883    890
    0    355     64      -     99     79      0      0      0      0   9501   1950      0      0  23731      4      0      -      -      0    928    902
    1    332     71      -     99     79      0      0      0      0   9501   1875      0      0  23731  23731      0      -      -      0    862    911
    0    355     64      -     99     79      0      0      0      0   9501   1950      0      0  23731      4      0      -      -      0    901    916
    1    332     71      -     99     79      0      0      0      0   9501   1875      0      0  23731  23731      0      -      -      0    866    883
    0    354     64      -     99     79      0      0      0      0   9501   1950      0      0  23731      4      0      -      -      0    926    881
    1    332     71      -    100     79      0      0      0      0   9501   1875      0      0  23731  23731      0      -      -      0    865    891
    0    355     63      -     99     79      0      0      0      0   9501   1950      0      0  23731      4      0      -      -      0   2820   3243
    1    332     71      -     99     80      0      0      0      0   9501   1875      0      0  23731  23731      0      -      -      0   3286   3470
    0    340     63      -    100     57      0      0      0      0   9501   1950      0      0  23731      4      0      -      -      0    918   3296
    1    316     71      -    100     43      0      0      0      0   9501   1875      0      0  23731  23731      0      -      -      0   2969   3339
# gpu    pwr  gtemp  mtemp     sm    mem    enc    dec    jpg    ofa   mclk   pclk  pviol  tviol     fb   bar1   ccpm  sbecc  dbecc    pci  rxpci  txpci
# Idx      W      C      C      %      %      %      %      %      %    MHz    MHz      %   bool     MB     MB     MB   errs   errs   errs   MB/s   MB/s
    0    330     63      -     99     79      0      0      0      0   9501   1950      0      0  23731      4      0      -      -      0    907    905
    1    311     71      -     99     80      0      0      0      0   9501   1875      0      0  23731  23731      0      -      -      0    890   2132
    0    341     63      -    100     21      0      0      0      0   9501   1950      0      0  23731      4      0      -      -      0    901    933
    1    319     71      -    100     59      0      0      0      0   9501   1875      0      0  23731  23731      0      -      -      0    893    913
    0    347     63      -     99     79      0      0      0      0   9501   1950      0      0  23731      4      0      -      -      0    948    917
    1    329     71      -     99     80      0      0      0      0   9501   1875      0      0  23731  23731      0      -      -      0    873    921
    0    354     63      -     99     79      0      0      0      0   9501   1950      0      0  23731      4      0      -      -      0    922    921
    1    333     71      -     99     79      0      0      0      0   9501   1875      0      0  23731  23731      0      -      -      0    888    898
    0    354     63      -     99     79      0      0      0      0   9501   1950      0      0  23731      4      0      -      -      0   3234   3301
    1    332     71      -     99     80      0      0      0      0   9501   1875      0      0  23731  23731      0      -      -      0   3230   3366
    0    332     63      -    100     35      0      0      0      0   9501   1950      0      0  23731      4      0      -      -      0    959    953
    1    312     71      -    100     39      0      0      0      0   9501   1875      0      0  23731  23731      0      -      -      0    874    930
    0    354     63      -    100     80      0      0      0      0   9501   1950      0      0  23731      4      0      -      -      0    914    934
    1    333     71      -     99     80      0      0      0      0   9501   1875      0      0  23731  23731      0      -      -      0    860    929
    0    354     63      -     99     79      0      0      0      0   9501   1950      0      0  23731      4      0      -      -      0    921    901
    1    332     72      -     99     79      0      0      0      0   9501   1875      0      0  23731  23731      0      -      -      0    892    905
    0    354     63      -     99     80      0      0      0      0   9501   1950      0      0  23731      4      0      -      -      0    934    901
    1    331     71      -     99     80      0      0      0      0   9501   1875      0      0  23731  23731      0      -      -      0    883    897
    0    348     63      -     99     79      0      0      0      0   9501   1950      0      0  23731      4      0      -      -      0    944    902
    1    324     71      -     99     80      0      0      0      0   9501   1875      0      0  23731  23731      0      -      -      0    879    898
    0    345     62      -     99     60      0      0      0      0   9501   1950      0      0  23731      4      0      -      -      0    916    926
    1    322     72      -    100     65      0      0      0      0   9501   1875      0      0  23731  23731      0      -      -      0    857    930
    0    342     62      -    100     56      0      0      0      0   9501   1950      0      0  23731      4      0      -      -      0    927    903
    1    321     72      -     99     70      0      0      0      0   9501   1875      0      0  23731  23731      0      -      -      0    885    884
    0    342     62      -    100     54      0      0      0      0   9501   1950      0      0  23731      4      0      -      -      0    929    902
    1    321     72      -     99     63      0      0      0      0   9501   1875      0      0  23731  23731      0      -      -      0    860    923
    0    349     63      -    100     79      0      0      0      0   9501   1950      0      0  23731      4      0      -      -      0   1699    932
    1    330     72      -     99     79      0      0      0      0   9501   1875      0      0  23731  23731      0      -      -      0    874    934
    0    341     63      -    100     31      0      0      0      0   9501   1950      0      0  23731      4      0      -      -      0    914    926
    1    317     71      -    100     44      0      0      0      0   9501   1875      0      0  23731  23731      0      -      -      0    874    930
    0    354     63      -     99     79      0      0      0      0   9501   1950      0      0  23731      4      0      -      -      0    879    926
    1    333     72      -     99     80      0      0      0      0   9501   1875      0      0  23731  23731      0      -      -      0    853    929
    0    342     63      -     99     61      0      0      0      0   9501   1950      0      0  23731      4      0      -      -      0    903    943
    1    323     72      -    100     17      0      0      0      0   9501   1875      0      0  23731  23731      0      -      -      0    860    934
    0    354     63      -     99     80      0      0      0      0   9501   1950      0      0  23731      4      0      -      -      0    923    902
    1    333     72      -     99     79      0      0      0      0   9501   1875      0      0  23731  23731      0      -      -      0    902    894
    0    353     63      -     99     79      0      0      0      0   9501   1950      0      0  23731      4      0      -      -      0    897    925
    1    333     72      -     99     80      0      0      0      0   9501   1875      0      0  23731  23731      0      -      -      0    857    945
    0    354     62      -    100     80      0      0      0      0   9501   1950      0      0  23731      4      0      -      -      0    914    887
    1    334     72      -     99     80      0      0      0      0   9501   1875      0      0  23731  23731      0      -      -      0    843    916
    0    343     62      -     99     79      0      0      0      0   9501   1950      0      0  23731      4      0      -      -      0    977    892
    1    323     72      -     99     79      0      0      0      0   9501   1875      0      0  23731  23731      0      -      -      0    853    916
    0    346     62      -     99     79      0      0      0      0   9501   1950      0      0  23731      4      0      -      -      0    918    887
    1    326     72      -     99     79      0      0      0      0   9501   1875      0      0  23731  23731      0      -      -      0    872    889
# gpu    pwr  gtemp  mtemp     sm    mem    enc    dec    jpg    ofa   mclk   pclk  pviol  tviol     fb   bar1   ccpm  sbecc  dbecc    pci  rxpci  txpci
# Idx      W      C      C      %      %      %      %      %      %    MHz    MHz      %   bool     MB     MB     MB   errs   errs   errs   MB/s   MB/s
    0    344     62      -     99     79      0      0      0      0   9501   1950      0      0  23731      4      0      -      -      0   2533   2708
    1    323     72      -    100     52      0      0      0      0   9501   1875      0      0  23731  23731      0      -      -      0   2302    905
    0    345     62      -    100     79      0      0      0      0   9501   1950      0      0  23731      4      0      -      -      0    895    925
    1    325     72      -     99     79      0      0      0      0   9501   1875      0      0  23731  23731      0      -      -      0    854    923
    0    353     62      -     99     79      0      0      0      0   9501   1950      0      0  23731      4      0      -      -      0   3077   3302
    1    334     72      -     99     79      0      0      0      0   9501   1875      0      0  23731  23731      0      -      -      0    850    902
    0    343     62      -     99     79      0      0      0      0   9501   1950      0      0  23731      4      0      -      -      0    941    892
    1    323     72      -     99     79      0      0      0      0   9501   1875      0      0  23731  23731      0      -      -      0    889    882
    0    354     62      -     99     80      0      0      0      0   9501   1950      0      0  23731      4      0      -      -      0   2943   3365
    1    330     72      -     99     80      0      0      0      0   9501   1875      0      0  23731  23731      0      -      -      0    834    901
    0    339     62      -     99     79      0      0      0      0   9501   1950      0      0  23731      4      0      -      -      0    940    895
    1    320     72      -     99     80      0      0      0      0   9501   1875      0      0  23731  23731      0      -      -      0    875    880
    0    352     62      -     99     79      0      0      0      0   9501   1950      0      0  23731      4      0      -      -      0    943    903
    1    327     72      -     99     79      0      0      0      0   9501   1875      0      0  23731  23731      0      -      -      0    858    921
    0    335     62      -     99     79      0      0      0      0   9501   1950      0      0  23731      4      0      -      -      0    882    927
    1    317     72      -     99     80      0      0      0      0   9501   1875      0      0  23731  23731      0      -      -      0    862    923
    0    353     62      -     99     79      0      0      0      0   9501   1950      0      0  23731      4      0      -      -      0    920    880
    1    334     72      -     99     80      0      0      0      0   9501   1875      0      0  23731  23731      0      -      -      0    954   1218
    0    335     62      -    100     54      0      0      0      0   9501   1950      0      0  23731      4      0      -      -      0    938    916
    1    322     72      -     99     72      0      0      0      0   9501   1875      0      0  23731  23731      0      -      -      0    887    910
    0    344     62      -    100     63      0      0      0      0   9501   1950      0      0  23731      4      0      -      -      0    930    903
    1    328     72      -    100     80      0      0      0      0   9501   1875      0      0  23731  23731      0      -      -      0    886    898
    0    351     62      -     99     79      0      0      0      0   9501   1950      0      0  23731      4      0      -      -      0   2230   2313
    1    333     72      -    100     62      0      0      0      0   9501   1875      0      0  23731  23731      0      -      -      0    872    929
    0    335     62      -    100     17      0      0      0      0   9501   1950      0      0  23731      4      0      -      -      0    908    942
    1    316     72      -    100     64      0      0      0      0   9501   1875      0      0  23731  23731      0      -      -      0    867    930
    0    345     62      -     99     80      0      0      0      0   9501   1950      0      0  23731      4      0      -      -      0    924    910
    1    331     72      -     99     80      0      0      0      0   9501   1875      0      0  23731  23731      0      -      -      0    888    896
    0    353     62      -     99     79      0      0      0      0   9501   1950      0      0  23731      4      0      -      -      0    924    926
    1    334     72      -     99     79      0      0      0      0   9501   1875      0      0  23731  23731      0      -      -      0    860    923
    0    354     62      -     99     79      0      0      0      0   9501   1950      0      0  23731      4      0      -      -      0    876    897
    1    334     73      -     99     79      0      0      0      0   9501   1875      0      0  23731  23731      0      -      -      0    881    898
    0    353     62      -     99     79      0      0      0      0   9501   1950      0      0  23731      4      0      -      -      0   2520   2741
    1    334     72      -     99     79      0      0      0      0   9501   1875      0      0  23731  23731      0      -      -      0   2440    898
    0    343     62      -     99     80      0      0      0      0   9501   1950      0      0  23731      4      0      -      -      0    908    916
    1    323     72      -     99     80      0      0      0      0   9501   1875      0      0  23731  23731      0      -      -      0    854    923
    0    341     62      -     99     79      0      0      0      0   9501   1950      0      0  23731      4      0      -      -      0    898    922
    1    321     72      -     99     79      0      0      0      0   9501   1875      0      0  23731  23731      0      -      -      0   2460   3125
    0    343     62      -     99     79      0      0      0      0   9501   1950      0      0  23731      4      0      -      -      0   3088   3388
    1    322     72      -    100     37      0      0      0      0   9501   1875      0      0  23731  23731      0      -      -      0   3130   1934
    0    343     62      -    100     80      0      0      0      0   9501   1950      0      0  23731      4      0      -      -      0    902    927
    1    324     73      -     99     79      0      0      0      0   9501   1875      0      0  23731  23731      0      -      -      0    862    923
    0    352     62      -     99     79      0      0      0      0   9501   1950      0      0  23731      4      0      -      -      0    924    892
    1    333     73      -     99     79      0      0      0      0   9501   1875      0      0  23731  23731      0      -      -      0    882    898
# gpu    pwr  gtemp  mtemp     sm    mem    enc    dec    jpg    ofa   mclk   pclk  pviol  tviol     fb   bar1   ccpm  sbecc  dbecc    pci  rxpci  txpci
# Idx      W      C      C      %      %      %      %      %      %    MHz    MHz      %   bool     MB     MB     MB   errs   errs   errs   MB/s   MB/s
    0    353     62      -     99     79      0      0      0      0   9501   1950      0      0  23731      4      0      -      -      0    896    887
    1    334     73      -     99     80      0      0      0      0   9501   1875      0      0  23731  23731      0      -      -      0    853    922
    0    344     62      -    100     41      0      0      0      0   9501   1950      0      0  23731      4      0      -      -      0    924    909
    1    325     73      -     99     77      0      0      0      0   9501   1875      0      0  23731  23731      0      -      -      0    860    930
    0    343     62      -    100     20      0      0      0      0   9501   1950      0      0  23731      4      0      -      -      0    958    903
    1    328     73      -    100     63      0      0      0      0   9501   1875      0      0  23731  23731      0      -      -      0   2900   3159
    0    346     62      -     99     76      0      0      0      0   9501   1950      0      0  23731      4      0      -      -      0    909    926
    1    328     73      -     99     80      0      0      0      0   9501   1875      0      0  23731  23731      0      -      -      0    891    898
    0    352     62      -     99     80      0      0      0      0   9501   1950      0      0  23731      4      0      -      -      0    945    901
    1    334     73      -     99     79      0      0      0      0   9501   1875      0      0  23731  23731      0      -      -      0    858    930
    0    353     62      -     99     80      0      0      0      0   9501   1950      0      0  23731      4      0      -      -      0   2900   3198
    1    335     73      -     99     79      0      0      0      0   9501   1875      0      0  23731  23731      0      -      -      0   1086    883
    0    334     62      -    100     61      0      0      0      0   9501   1950      0      0  23731      4      0      -      -      0    924    902
    1    315     73      -    100     48      0      0      0      0   9501   1875      0      0  23731  23731      0      -      -      0    885    903
    0    340     62      -     99     79      0      0      0      0   9501   1950      0      0  23731      4      0      -      -      0    950    902
    1    324     73      -     99     79      0      0      0      0   9501   1875      0      0  23731  23731      0      -      -      0    888    913
    0    335     62      -     99     58      0      0      0      0   9501   1950      0      0  23731      4      0      -      -      0    931    908
    1    314     73      -    100     44      0      0      0      0   9501   1875      0      0  23731  23731      0      -      -      0    874    938
    0    347     62      -     99     80      0      0      0      0   9501   1950      0      0  23731      4      0      -      -      0    910    942
    1    331     73      -     99     80      0      0      0      0   9501   1875      0      0  23731  23731      0      -      -      0    893    913
    0    353     62      -     99     79      0      0      0      0   9501   1950      0      0  23731      4      0      -      -      0    904    927
    1    335     73      -     99     79      0      0      0      0   9501   1875      0      0  23731  23731      0      -      -      0    860    923
    0    353     62      -    100     80      0      0      0      0   9501   1950      0      0  23731      4      0      -      -      0    901    881
    1    334     72      -     99     80      0      0      0      0   9501   1875      0      0  23731  23731      0      -      -      0    860    923
    0    342     62      -     99     79      0      0      0      0   9501   1950      0      0  23731      4      0      -      -      0    899    939
    1    324     73      -     99     80      0      0      0      0   9501   1875      0      0  23731  23731      0      -      -      0    863    930
    0    347     62      -     99     79      0      0      0      0   9501   1950      0      0  23731      4      0      -      -      0    940    904
    1    329     72      -     99     79      0      0      0      0   9501   1875      0      0  23731  23731      0      -      -      0    856    884
    0    341     61      -     99     49      0      0      0      0   9501   1950      0      0  23731      4      0      -      -      0    930    909
    1    325     73      -    100     44      0      0      0      0   9501   1875      0      0  23731  23731      0      -      -      0    860    922
    0    347     61      -     99     79      0      0      0      0   9501   1950      0      0  23731      4      0      -      -      0    959    934
    1    328     72      -     99     79      0      0      0      0   9501   1875      0      0  23731  23731      0      -      -      0    864    919
    0    345     62      -     99     79      0      0      0      0   9501   1950      0      0  23731      4      0      -      -      0   2300    918
    1    329     73      -    100     79      0      0      0      0   9501   1875      0      0  23731  23731      0      -      -      0    920    948
    0    342     61      -    100     54      0      0      0      0   9501   1950      0      0  23731      4      0      -      -      0    934    909
    1    324     73      -     99     79      0      0      0      0   9501   1875      0      0  23731  23731      0      -      -      0    886    895
    0    352     61      -     99     79      0      0      0      0   9501   1950      0      0  23731      4      0      -      -      0    902    918
    1    335     73      -     99     80      0      0      0      0   9501   1875      0      0  23731  23731      0      -      -      0    855    922
    0    343     61      -    100     44      0      0      0      0   9501   1950      0      0  23731      4      0      -      -      0    879    894
    1    324     73      -     99     74      0      0      0      0   9501   1875      0      0  23731  23731      0      -      -      0    880    898
    0    349     61      -     99     80      0      0      0      0   9501   1950      0      0  23731      4      0      -      -      0    935    894
    1    334     73      -    100     80      0      0      0      0   9501   1875      0      0  23731  23731      0      -      -      0    849    883
    0    346     61      -    100     62      0      0      0      0   9501   1950      0      0  23731      4      0      -      -      0    915    921
    1    326     73      -    100     59      0      0      0      0   9501   1875      0      0  23731  23731      0      -      -      0    885    898
# gpu    pwr  gtemp  mtemp     sm    mem    enc    dec    jpg    ofa   mclk   pclk  pviol  tviol     fb   bar1   ccpm  sbecc  dbecc    pci  rxpci  txpci
# Idx      W      C      C      %      %      %      %      %      %    MHz    MHz      %   bool     MB     MB     MB   errs   errs   errs   MB/s   MB/s
    0    350     61      -     99     80      0      0      0      0   9501   1950      0      0  23731      4      0      -      -      0    890    915
    1    333     73      -     99     80      0      0      0      0   9501   1875      0      0  23731  23731      0      -      -      0    876    891
    0    352     61      -     99     79      0      0      0      0   9501   1950      0      0  23731      4      0      -      -      0    944    895
    1    334     73      -     99     79      0      0      0      0   9501   1875      0      0  23731  23731      0      -      -      0    848    916
    0    344     61      -    100     20      0      0      0      0   9501   1950      0      0  23731      4      0      -      -      0    880    920
    1    326     73      -     99     61      0      0      0      0   9501   1875      0      0  23731  23731      0      -      -      0    876    891
    0    344     61      -    100     19      0      0      0      0   9501   1950      0      0  23731      4      0      -      -      0    963    896
    1    326     73      -    100     32      0      0      0      0   9501   1875      0      0  23731  23731      0      -      -      0    851    915
    0    354     61      -     99     80      0      0      0      0   9501   1950      0      0  23731      4      0      -      -      0    923    893
    1    335     73      -     99     80      0      0      0      0   9501   1875      0      0  23731  23731      0      -      -      0    850    891
    0    339     61      -     99     69      0      0      0      0   9501   1950      0      0  23731      4      0      -      -      0    924    911
    1    319     73      -    100     17      0      0      0      0   9501   1875      0      0  23731  23731      0      -      -      0    860    921
    0    344     61      -     99     79      0      0      0      0   9501   1950      0      0  23731      4      0      -      -      0   2787   3500
    1    329     73      -     99     80      0      0      0      0   9501   1875      0      0  23731  23731      0      -      -      0   2928   3470
    0    323     61      -    100     69      0      0      0      0   9501   1950      0      0  23731      4      0      -      -      0    917    941
    1    306     73      -     99     79      0      0      0      0   9501   1875      0      0  23731  23731      0      -      -      0    867    938
    0    352     61      -     99     80      0      0      0      0   9501   1950      0      0  23731      4      0      -      -      0    893    935
    1    335     73      -     99     79      0      0      0      0   9501   1875      0      0  23731  23731      0      -      -      0    854    929
    0    352     61      -     99     79      0      0      0      0   9501   1950      0      0  23731      4      0      -      -      0   1224   2403
    1    335     73      -     99     79      0      0      0      0   9501   1875      0      0  23731  23731      0      -      -      0   2225   2467
    0    333     61      -     99     80      0      0      0      0   9501   1950      0      0  23731      4      0      -      -      0    947    912
    1    315     73      -     99     79      0      0      0      0   9501   1875      0      0  23731  23731      0      -      -      0    899    904
    0    352     61      -     99     79      0      0      0      0   9501   1950      0      0  23731      4      0      -      -      0    894    921
    1    335     73      -     99     79      0      0      0      0   9501   1875      0      0  23731  23731      0      -      -      0    862    923
    0    353     61      -     99     80      0      0      0      0   9501   1950      0      0  23731      4      0      -      -      0    917    894
    1    335     73      -     99     80      0      0      0      0   9501   1875      0      0  23731  23731      0      -      -      0    890    891
    0    353     61      -     99     80      0      0      0      0   9501   1950      0      0  23731      4      0      -      -      0    924    900
    1    336     73      -     99     80      0      0      0      0   9501   1875      0      0  23731  23731      0      -      -      0    861    916
    0    354     61      -     99     80      0      0      0      0   9501   1950      0      0  23731      4      0      -      -      0    887    895
    1    336     73      -     99     79      0      0      0      0   9501   1875      0      0  23731  23731      0      -      -      0    971   1084
    0    341     61      -    100     49      0      0      0      0   9501   1950      0      0  23731      4      0      -      -      0    925    902
    1    324     73      -    100     20      0      0      0      0   9501   1875      0      0  23731  23731      0      -      -      0    881    889
    0    352     61      -     99     80      0      0      0      0   9501   1950      0      0  23731      4      0      -      -      0    900    927
    1    334     73      -     99     79      0      0      0      0   9501   1875      0      0  23731  23731      0      -      -      0    851    923
    0    333     61      -    100     70      0      0      0      0   9501   1950      0      0  23731      4      0      -      -      0   1332    883
    1    313     73      -    100     20      0      0      0      0   9501   1875      0      0  23731  23731      0      -      -      0    906   2001
    0    335     61      -     99     79      0      0      0      0   9501   1950      0      0  23731      4      0      -      -      0    899    933
    1    318     73      -     99     80      0      0      0      0   9501   1875      0      0  23731  23731      0      -      -      0    890    904
    0    353     61      -     99     79      0      0      0      0   9501   1950      0      0  23731      4      0      -      -      0    907    921
    1    335     73      -     99     79      0      0      0      0   9501   1875      0      0  23731  23731      0      -      -      0    864    916
    0    341     61      -    100     50      0      0      0      0   9501   1950      0      0  23731      4      0      -      -      0    902    934
    1    321     73      -    100     44      0      0      0      0   9501   1875      0      0  23731  23731      0      -      -      0    894    906
    0    347     61      -     99     79      0      0      0      0   9501   1950      0      0  23731      4      0      -      -      0    935    916
    1    332     73      -     99     79      0      0      0      0   9501   1875      0      0  23731  23731      0      -      -      0    890    902
# gpu    pwr  gtemp  mtemp     sm    mem    enc    dec    jpg    ofa   mclk   pclk  pviol  tviol     fb   bar1   ccpm  sbecc  dbecc    pci  rxpci  txpci
# Idx      W      C      C      %      %      %      %      %      %    MHz    MHz      %   bool     MB     MB     MB   errs   errs   errs   MB/s   MB/s
    0    347     61      -     99     80      0      0      0      0   9501   1950      0      0  23731      4      0      -      -      0    951    903
    1    329     73      -     99     80      0      0      0      0   9501   1875      0      0  23731  23731      0      -      -      0    868    924
    0    352     61      -    100     79      0      0      0      0   9501   1950      0      0  23731      4      0      -      -      0    899    926
    1    335     73      -     99     79      0      0      0      0   9501   1875      0      0  23731  23731      0      -      -      0    890    898
    0    353     61      -     99     80      0      0      0      0   9501   1950      0      0  23731      4      0      -      -      0   2958   3200
    1    335     73      -     99     79      0      0      0      0   9501   1875      0      0  23731  23731      0      -      -      0   3019   3265
    0    343     61      -     99     61      0      0      0      0   9501   1950      0      0  23731      4      0      -      -      0    899    942
    1    325     73      -    100     47      0      0      0      0   9501   1875      0      0  23731  23731      0      -      -      0    883    898
    0    346     61      -    100     80      0      0      0      0   9501   1950      0      0  23731      4      0      -      -      0   1104   3371
    1    328     73      -     99     77      0      0      0      0   9501   1875      0      0  23731  23731      0      -      -      0   2932   3323
    0    344     61      -    100     74      0      0      0      0   9501   1950      0      0  23731      4      0      -      -      0    915    933
    1    327     73      -    100     20      0      0      0      0   9501   1875      0      0  23731  23731      0      -      -      0    856    948
    0    342     61      -     99     80      0      0      0      0   9501   1950      0      0  23731      4      0      -      -      0    921    910
    1    325     73      -     99     79      0      0      0      0   9501   1875      0      0  23731  23731      0      -      -      0    901    906
    0    352     61      -     99     79      0      0      0      0   9501   1950      0      0  23731      4      0      -      -      0    891    934
    1    335     73      -     99     79      0      0      0      0   9501   1875      0      0  23731  23731      0      -      -      0    859    938
    0    342     61      -     99     79      0      0      0      0   9501   1950      0      0  23731      4      0      -      -      0    892    900
    1    325     73      -     99     79      0      0      0      0   9501   1875      0      0  23731  23731      0      -      -      0   3096   3362
    0    337     61      -     99     79      0      0      0      0   9501   1950      0      0  23731      4      0      -      -      0    927    916
    1    320     73      -     99     79      0      0      0      0   9501   1875      0      0  23731  23731      0      -      -      0    867    938
    0    352     61      -     99     80      0      0      0      0   9501   1950      0      0  23731      4      0      -      -      0    919    934
    1    335     73      -     99     80      0      0      0      0   9501   1875      0      0  23731  23731      0      -      -      0    894    910
    0    352     61      -    100     79      0      0      0      0   9501   1950      0      0  23731      4      0      -      -      0    912    927
    1    335     73      -     99     79      0      0      0      0   9501   1875      0      0  23731  23731      0      -      -      0    851    891
    0    353     61      -     99     79      0      0      0      0   9501   1950      0      0  23731      4      0      -      -      0    918    901
    1    335     73      -     99     79      0      0      0      0   9501   1875      0      0  23731  23731      0      -      -      0    889    899
    0    347     60      -     99     80      0      0      0      0   9501   1950      0      0  23731      4      0      -      -      0    929    901
    1    329     73      -     99     80      0      0      0      0   9501   1875      0      0  23731  23731      0      -      -      0    886    890
    0    343     61      -     99     79      0      0      0      0   9501   1950      0      0  23731      4      0      -      -      0    906    911
    1    326     73      -    100     79      0      0      0      0   9501   1875      0      0  23731  23731      0      -      -      0    846    907
    0    345     60      -     99     80      0      0      0      0   9501   1950      0      0  23731      4      0      -      -      0   2939   1395
    1    328     73      -     99     79      0      0      0      0   9501   1875      0      0  23731  23731      0      -      -      0    846   1511
    0    330     61      -     99     79      0      0      0      0   9501   1950      0      0  23731      4      0      -      -      0    941    916
    1    315     73      -    100     49      0      0      0      0   9501   1875      0      0  23731  23731      0      -      -      0    881    931
    0    349     61      -     99     80      0      0      0      0   9501   1950      0      0  23731      4      0      -      -      0    927    912
    1    331     73      -    100     79      0      0      0      0   9501   1875      0      0  23731  23731      0      -      -      0    899    913
    0    353     61      -     99     80      0      0      0      0   9501   1950      0      0  23731      4      0      -      -      0    946    901
    1    335     73      -     99     80      0      0      0      0   9501   1875      0      0  23731  23731      0      -      -      0    870    937
    0    353     61      -     99     79      0      0      0      0   9501   1950      0      0  23731      4      0      -      -      0   3042   3340
    1    336     73      -     99     79      0      0      0      0   9501   1875      0      0  23731  23731      0      -      -      0   1579    915
    0    342     61      -     99     79      0      0      0      0   9501   1950      0      0  23731      4      0      -      -      0    904    935
    1    325     73      -     99     79      0      0      0      0   9501   1875      0      0  23731  23731      0      -      -      0    855    930
    0    352     61      -     99     79      0      0      0      0   9501   1950      0      0  23731      4      0      -      -      0    929    901
    1    335     73      -     99     79      0      0      0      0   9501   1875      0      0  23731  23731      0      -      -      0    861    938
# gpu    pwr  gtemp  mtemp     sm    mem    enc    dec    jpg    ofa   mclk   pclk  pviol  tviol     fb   bar1   ccpm  sbecc  dbecc    pci  rxpci  txpci
# Idx      W      C      C      %      %      %      %      %      %    MHz    MHz      %   bool     MB     MB     MB   errs   errs   errs   MB/s   MB/s
    0    349     61      -     99     79      0      0      0      0   9501   1950      0      0  23731      4      0      -      -      0    911    904
    1    332     73      -     99     79      0      0      0      0   9501   1875      0      0  23731  23731      0      -      -      0    886    898
    0    352     61      -     99     79      0      0      0      0   9501   1950      0      0  23731      4      0      -      -      0    913   2431
    1    336     73      -     99     79      0      0      0      0   9501   1875      0      0  23731  23731      0      -      -      0   3150   3362
    0    341     61      -    100     36      0      0      0      0   9501   1950      0      0  23731      4      0      -      -      0    918    910
    1    324     73      -    100     36      0      0      0      0   9501   1875      0      0  23731  23731      0      -      -      0    882    898
    0    345     61      -     99     80      0      0      0      0   9501   1950      0      0  23731      4      0      -      -      0    904   2014
    1    329     73      -     99     80      0      0      0      0   9501   1875      0      0  23731  23731      0      -      -      0   2338   2525
    0    343     61      -    100     36      0      0      0      0   9501   1950      0      0  23731      4      0      -      -      0   3058   3312
    1    326     73      -    100     36      0      0      0      0   9501   1875      0      0  23731  23731      0      -      -      0   2563    886
    0    336     61      -     99     80      0      0      0      0   9501   1950      0      0  23731      4      0      -      -      0    908    902
    1    319     73      -     99     80      0      0      0      0   9501   1875      0      0  23731  23731      0      -      -      0    889    897
    0    350     61      -    100     32      0      0      0      0   9501   1950      0      0  23731      4      0      -      -      0    895   2628
    1    333     73      -    100     32      0      0      0      0   9501   1875      0      0  23731  23731      0      -      -      0   2480   2637
    0    344     61      -     99     79      0      0      0      0   9501   1950      0      0  23731      4      0      -      -      0    942    910
    1    327     73      -     99     79      0      0      0      0   9501   1875      0      0  23731  23731      0      -      -      0    867   1178
    0    342     61      -     99     79      0      0      0      0   9501   1950      0      0  23731      4      0      -      -      0    900    910
    1    325     73      -     99     79      0      0      0      0   9501   1875      0      0  23731  23731      0      -      -      0    886    896
    0    352     61      -     99     79      0      0      0      0   9501   1950      0      0  23731      4      0      -      -      0    903    927
    1    335     73      -     99     79      0      0      0      0   9501   1875      0      0  23731  23731      0      -      -      0    860    916
    0    352     61      -     99     79      0      0      0      0   9501   1950      0      0  23731      4      0      -      -      0    934   1995
    1    336     73      -     99     79      0      0      0      0   9501   1875      0      0  23731  23731      0      -      -      0   3085   3405
    0    342     61      -     99     79      0      0      0      0   9501   1950      0      0  23731      4      0      -      -      0    935    895
    1    325     73      -     99     79      0      0      0      0   9501   1875      0      0  23731  23731      0      -      -      0    861    930
    0    341     61      -     99     79      0      0      0      0   9501   1950      0      0  23731      4      0      -      -      0    944    909
    1    324     73      -     99     79      0      0      0      0   9501   1875      0      0  23731  23731      0      -      -      0    881    898
    0    353     61      -     99     79      0      0      0      0   9501   1950      0      0  23731      4      0      -      -      0    957    895
    1    336     73      -     99     80      0      0      0      0   9501   1875      0      0  23731  23731      0      -      -      0    853    907
    0    352     61      -     99     79      0      0      0      0   9501   1950      0      0  23731      4      0      -      -      0    877    890
    1    335     73      -     99     79      0      0      0      0   9501   1875      0      0  23731  23731      0      -      -      0    891    898
    0    343     60      -     99     54      0      0      0      0   9501   1950      0      0  23731      4      0      -      -      0    904    928
    1    329     73      -    100     80      0      0      0      0   9501   1875      0      0  23731  23731      0      -      -      0    897    898
    0    337     61      -    100     44      0      0      0      0   9501   1950      0      0  23731      4      0      -      -      0   3251   3141
    1    321     73      -    100     44      0      0      0      0   9501   1875      0      0  23731  23731      0      -      -      0   3263   3139
    0    341     61      -    100     80      0      0      0      0   9501   1950      0      0  23731      4      0      -      -      0    886    933
    1    324     73      -     99     80      0      0      0      0   9501   1875      0      0  23731  23731      0      -      -      0    883    898
    0    352     61      -     99     79      0      0      0      0   9501   1950      0      0  23731      4      0      -      -      0    933   2443
    1    335     73      -     99     79      0      0      0      0   9501   1875      0      0  23731  23731      0      -      -      0   3020   3266
    0    347     61      -     99     79      0      0      0      0   9501   1950      0      0  23731      4      0      -      -      0    913    925
    1    330     73      -     99     79      0      0      0      0   9501   1875      0      0  23731  23731      0      -      -      0    853    923
    0    352     61      -     99     79      0      0      0      0   9501   1950      0      0  23731      4      0      -      -      0    949    895
    1    335     73      -     99     79      0      0      0      0   9501   1875      0      0  23731  23731      0      -      -      0    889    906
    0    346     61      -    100     18      0      0      0      0   9501   1950      0      0  23731      4      0      -      -      0    905    894
    1    329     73      -    100     18      0      0      0      0   9501   1875      0      0  23731  23731      0      -      -      0    880    905
# gpu    pwr  gtemp  mtemp     sm    mem    enc    dec    jpg    ofa   mclk   pclk  pviol  tviol     fb   bar1   ccpm  sbecc  dbecc    pci  rxpci  txpci
# Idx      W      C      C      %      %      %      %      %      %    MHz    MHz      %   bool     MB     MB     MB   errs   errs   errs   MB/s   MB/s
    0    352     61      -     99     80      0      0      0      0   9501   1950      0      0  23731      4      0      -      -      0    937    896
    1    336     73      -     99     80      0      0      0      0   9501   1875      0      0  23731  23731      0      -      -      0    855    923
    0    353     61      -    100     80      0      0      0      0   9501   1950      0      0  23731      4      0      -      -      0    902    917
    1    336     73      -    100     80      0      0      0      0   9501   1875      0      0  23731  23731      0      -      -      0   2790   3528
    0    336     61      -    100     14      0      0      0      0   9501   1950      0      0  23731      4      0      -      -      0    934    902
    1    319     73      -    100     14      0      0      0      0   9501   1875      0      0  23731  23731      0      -      -      0    890    891
    0    352     61      -     99     80      0      0      0      0   9501   1950      0      0  23731      4      0      -      -      0   2855   3086
    1    335     73      -     99     80      0      0      0      0   9501   1875      0      0  23731  23731      0      -      -      0   2852   3084
    0    341     61      -     99     79      0      0      0      0   9501   1950      0      0  23731      4      0      -      -      0    896    926
    1    325     73      -     99     79      0      0      0      0   9501   1875      0      0  23731  23731      0      -      -      0    886    898
    0    352     61      -    100     80      0      0      0      0   9501   1950      0      0  23731      4      0      -      -      0    936    900
    1    335     73      -    100     80      0      0      0      0   9501   1875      0      0  23731  23731      0      -      -      0    857    923
    0    349     61      -    100     20      0      0      0      0   9501   1950      0      0  23731      4      0      -      -      0    940    900
    1    331     73      -    100     20      0      0      0      0   9501   1875      0      0  23731  23731      0      -      -      0    915    884
    0    335     61      -     99     79      0      0      0      0   9501   1950      0      0  23731      4      0      -      -      0    909    926
    1    318     73      -     99     79      0      0      0      0   9501   1875      0      0  23731  23731      0      -      -      0    860    953
    0    352     61      -     99     79      0      0      0      0   9501   1950      0      0  23731      4      0      -      -      0    939    901
    1    335     73      -     99     79      0      0      0      0   9501   1875      0      0  23731  23731      0      -      -      0    907    898
    0    353     61      -     99     80      0      0      0      0   9501   1950      0      0  23731      4      0      -      -      0    897    928
    1    336     73      -     99     80      0      0      0      0   9501   1875      0      0  23731  23731      0      -      -      0    854    923
    0    331     60      -    100     57      0      0      0      0   9501   1950      0      0  23731      4      0      -      -      0    904    900
    1    314     73      -    100     57      0      0      0      0   9501   1875      0      0  23731  23731      0      -      -      0    884    891
    0    343     61      -     99     79      0      0      0      0   9501   1950      0      0  23731      4      0      -      -      0    888    918
    1    326     73      -     99     79      0      0      0      0   9501   1875      0      0  23731  23731      0      -      -      0    861    923
    0    346     61      -     99     79      0      0      0      0   9501   1950      0      0  23731      4      0      -      -      0    934    902
    1    329     73      -     99     79      0      0      0      0   9501   1875      0      0  23731  23731      0      -      -      0    878    897
    0    343     61      -     99     80      0      0      0      0   9501   1950      0      0  23731      4      0      -      -      0    893    933
    1    326     73      -     99     80      0      0      0      0   9501   1875      0      0  23731  23731      0      -      -      0    858    921
    0    344     61      -    100     43      0      0      0      0   9501   1950      0      0  23731      4      0      -      -      0    890    928
    1    332     73      -     99     79      0      0      0      0   9501   1875      0      0  23731  23731      0      -      -      0    874    953
    0    348     61      -    100     80      0      0      0      0   9501   1950      0      0  23731      4      0      -      -      0    953    902
    1    331     73      -    100     80      0      0      0      0   9501   1875      0      0  23731  23731      0      -      -      0    893    890
    0    353     61      -     99     80      0      0      0      0   9501   1950      0      0  23731      4      0      -      -      0    900    872
    1    336     73      -     99     80      0      0      0      0   9501   1875      0      0  23731  23731      0      -      -      0    858    916
    0    352     61      -     99     79      0      0      0      0   9501   1950      0      0  23731      4      0      -      -      0    923    889
    1    335     73      -     99     79      0      0      0      0   9501   1875      0      0  23731  23731      0      -      -      0    877    883
    0    353     61      -     99     79      0      0      0      0   9501   1950      0      0  23731      4      0      -      -      0    921    902
    1    336     73      -     99     79      0      0      0      0   9501   1875      0      0  23731  23731      0      -      -      0    901    898
    0    341     61      -    100     20      0      0      0      0   9501   1950      0      0  23731      4      0      -      -      0    940    896
    1    324     73      -    100     20      0      0      0      0   9501   1875      0      0  23731  23731      0      -      -      0    884   1829
    0    338     60      -     99     80      0      0      0      0   9501   1950      0      0  23731      4      0      -      -      0    933    894
    1    321     73      -     99     80      0      0      0      0   9501   1875      0      0  23731  23731      0      -      -      0   2102   2412
    0    330     61      -     99     79      0      0      0      0   9501   1950      0      0  23731      4      0      -      -      0    899    941
    1    314     73      -     99     79      0      0      0      0   9501   1875      0      0  23731  23731      0      -      -      0    891    907
# gpu    pwr  gtemp  mtemp     sm    mem    enc    dec    jpg    ofa   mclk   pclk  pviol  tviol     fb   bar1   ccpm  sbecc  dbecc    pci  rxpci  txpci
# Idx      W      C      C      %      %      %      %      %      %    MHz    MHz      %   bool     MB     MB     MB   errs   errs   errs   MB/s   MB/s
    0    349     61      -     99     79      0      0      0      0   9501   1950      0      0  23731      4      0      -      -      0    887    928
    1    333     73      -     99     79      0      0      0      0   9501   1875      0      0  23731  23731      0      -      -      0    886    898
    0    343     61      -     99     79      0      0      0      0   9501   1950      0      0  23731      4      0      -      -      0    927    908
    1    326     73      -     99     80      0      0      0      0   9501   1875      0      0  23731  23731      0      -      -      0    861    930
    0    349     61      -     99     79      0      0      0      0   9501   1950      0      0  23731      4      0      -      -      0    898    965
    1    333     73      -     99     79      0      0      0      0   9501   1875      0      0  23731  23731      0      -      -      0    889    898
    0    344     61      -    100     52      0      0      0      0   9501   1950      0      0  23731      4      0      -      -      0    920    920
    1    327     73      -    100     52      0      0      0      0   9501   1875      0      0  23731  23731      0      -      -      0    878    898
    0    350     61      -     99     80      0      0      0      0   9501   1950      0      0  23731      4      0      -      -      0    939    899
    1    333     73      -     99     79      0      0      0      0   9501   1875      0      0  23731  23731      0      -      -      0    860    910
    0    350     61      -    100     20      0      0      0      0   9501   1950      0      0  23731      4      0      -      -      0    900    925
    1    333     73      -    100     20      0      0      0      0   9501   1875      0      0  23731  23731      0      -      -      0    857    923
    0    340     61      -     99     79      0      0      0      0   9501   1950      0      0  23731      4      0      -      -      0    948    903
    1    323     73      -     99     79      0      0      0      0   9501   1875      0      0  23731  23731      0      -      -      0    889    898
    0    352     61      -     99     79      0      0      0      0   9501   1950      0      0  23731      4      0      -      -      0   1413   3363
    1    335     73      -     99     79      0      0      0      0   9501   1875      0      0  23731  23731      0      -      -      0   3218   3483
    0    330     61      -     99     80      0      0      0      0   9501   1950      0      0  23731      4      0      -      -      0    933    933
    1    314     73      -     99     80      0      0      0      0   9501   1875      0      0  23731  23731      0      -      -      0    900    920
    0    353     61      -     99     79      0      0      0      0   9501   1950      0      0  23731      4      0      -      -      0    914    900
    1    336     73      -     99     79      0      0      0      0   9501   1875      0      0  23731  23731      0      -      -      0    889    897
    0    352     61      -     99     79      0      0      0      0   9501   1950      0      0  23731      4      0      -      -      0   3027   3239
    1    335     73      -     99     79      0      0      0      0   9501   1875      0      0  23731  23731      0      -      -      0   2819    891
    0    341     61      -    100     48      0      0      0      0   9501   1950      0      0  23731      4      0      -      -      0    935    902
    1    325     73      -    100     48      0      0      0      0   9501   1875      0      0  23731  23731      0      -      -      0    887    898
    0    352     61      -     99     79      0      0      0      0   9501   1950      0      0  23731      4      0      -      -      0    902    925
    1    336     73      -     99     79      0      0      0      0   9501   1875      0      0  23731  23731      0      -      -      0    856    929
    0    338     61      -     99     79      0      0      0      0   9501   1950      0      0  23731      4      0      -      -      0    938    903
    1    326     73      -     99     80      0      0      0      0   9501   1875      0      0  23731  23731      0      -      -      0    867    922
    0    346     61      -     99     79      0      0      0      0   9501   1950      0      0  23731      4      0      -      -      0    909    928
    1    329     73      -     99     79      0      0      0      0   9501   1875      0      0  23731  23731      0      -      -      0    863    923
    0    346     61      -     99     79      0      0      0      0   9501   1950      0      0  23731      4      0      -      -      0    931    909
    1    329     73      -     99     79      0      0      0      0   9501   1875      0      0  23731  23731      0      -      -      0    879    898
    0    352     61      -     99     79      0      0      0      0   9501   1950      0      0  23731      4      0      -      -      0    949    894
    1    335     73      -     99     79      0      0      0      0   9501   1875      0      0  23731  23731      0      -      -      0    860    916
    0    353     61      -     99     80      0      0      0      0   9501   1950      0      0  23731      4      0      -      -      0    936    901
    1    336     73      -     99     80      0      0      0      0   9501   1875      0      0  23731  23731      0      -      -      0    886    898
    0    336     61      -     99     79      0      0      0      0   9501   1950      0      0  23731      4      0      -      -      0    961    901
    1    319     73      -     99     79      0      0      0      0   9501   1875      0      0  23731  23731      0      -      -      0    855    949
    0    342     61      -    100     53      0      0      0      0   9501   1950      0      0  23731      4      0      -      -      0    908    927
    1    325     73      -    100     53      0      0      0      0   9501   1875      0      0  23731  23731      0      -      -      0    872    894
    0    345     61      -     99     66      0      0      0      0   9501   1950      0      0  23731      4      0      -      -      0    909    927
    1    329     73      -     99     66      0      0      0      0   9501   1875      0      0  23731  23731      0      -      -      0    863    929
    0    352     61      -     99     79      0      0      0      0   9501   1950      0      0  23731      4      0      -      -      0   3016   3328
    1    335     73      -     99     79      0      0      0      0   9501   1875      0      0  23731  23731      0      -      -      0   2981   1315
# gpu    pwr  gtemp  mtemp     sm    mem    enc    dec    jpg    ofa   mclk   pclk  pviol  tviol     fb   bar1   ccpm  sbecc  dbecc    pci  rxpci  txpci
# Idx      W      C      C      %      %      %      %      %      %    MHz    MHz      %   bool     MB     MB     MB   errs   errs   errs   MB/s   MB/s
    0    342     61      -     99     75      0      0      0      0   9501   1950      0      0  23731      4      0      -      -      0    909    904
    1    326     73      -     99     75      0      0      0      0   9501   1875      0      0  23731  23731      0      -      -      0    886    897
    0    352     61      -     99     79      0      0      0      0   9501   1950      0      0  23731      4      0      -      -      0   3172   1789
    1    335     73      -     99     79      0      0      0      0   9501   1875      0      0  23731  23731      0      -      -      0    853    915
    0    344     61      -    100     79      0      0      0      0   9501   1950      0      0  23731      4      0      -      -      0    919    902
    1    332     73      -     99     79      0      0      0      0   9501   1875      0      0  23731  23731      0      -      -      0    856    884
    0    345     61      -     99     64      0      0      0      0   9501   1950      0      0  23731      4      0      -      -      0    900    928
    1    324     73      -     99     64      0      0      0      0   9501   1875      0      0  23731  23731      0      -      -      0    860    915
    0    347     61      -     99     80      0      0      0      0   9501   1950      0      0  23731      4      0      -      -      0    877    886
    1    332     73      -     99     80      0      0      0      0   9501   1875      0      0  23731  23731      0      -      -      0    879    890
    0    351     60      -     99     62      0      0      0      0   9501   1950      0      0  23731      4      0      -      -      0    906    935
    1    330     73      -     99     62      0      0      0      0   9501   1875      0      0  23731  23731      0      -      -      0    886    906
    0    343     61      -     99     80      0      0      0      0   9501   1950      0      0  23731      4      0      -      -      0   3049   3270
    1    325     73      -     99     80      0      0      0      0   9501   1875      0      0  23731  23731      0      -      -      0   3057   3307
    0    333     61      -     99     65      0      0      0      0   9501   1950      0      0  23731      4      0      -      -      0    945    914
    1    318     73      -     99     65      0      0      0      0   9501   1875      0      0  23731  23731      0      -      -      0    866    924
    0    347     61      -     99     80      0      0      0      0   9501   1950      0      0  23731      4      0      -      -      0    942    910
    1    329     73      -    100     80      0      0      0      0   9501   1875      0      0  23731  23731      0      -      -      0    864    935
    0    349     61      -     99     80      0      0      0      0   9501   1950      0      0  23731      4      0      -      -      0    944    903
    1    334     73      -     99     79      0      0      0      0   9501   1875      0      0  23731  23731      0      -      -      0    867    926
    0    351     61      -     99     79      0      0      0      0   9501   1950      0      0  23731      4      0      -      -      0    917    926
    1    335     73      -     99     79      0      0      0      0   9501   1875      0      0  23731  23731      0      -      -      0    887    898
    0    353     61      -     99     79      0      0      0      0   9501   1950      0      0  23731      4      0      -      -      0   3182   3438
    1    336     73      -     99     79      0      0      0      0   9501   1875      0      0  23731  23731      0      -      -      0   2913   3113
    0    341     61      -    100     44      0      0      0      0   9501   1950      0      0  23731      4      0      -      -      0   2480   2654
    1    324     73      -    100     44      0      0      0      0   9501   1875      0      0  23731  23731      0      -      -      0   1583    931
    0    332     61      -     99     80      0      0      0      0   9501   1950      0      0  23731      4      0      -      -      0    929    908
    1    318     73      -     99     80      0      0      0      0   9501   1875      0      0  23731  23731      0      -      -      0    858    923
    0    352     61      -     99     79      0      0      0      0   9501   1950      0      0  23731      4      0      -      -      0    908    928
    1    335     73      -     99     79      0      0      0      0   9501   1875      0      0  23731  23731      0      -      -      0    884    895
    0    353     61      -     99     80      0      0      0      0   9501   1950      0      0  23731      4      0      -      -      0    940    894
    1    336     73      -     99     80      0      0      0      0   9501   1875      0      0  23731  23731      0      -      -      0    886    898
    0    353     61      -     99     79      0      0      0      0   9501   1950      0      0  23731      4      0      -      -      0    917    899
    1    337     73      -     99     80      0      0      0      0   9501   1875      0      0  23731  23731      0      -      -      0    899    898
    0    354     61      -     99     80      0      0      0      0   9501   1950      0      0  23731      4      0      -      -      0    917   1816
    1    337     73      -     99     80      0      0      0      0   9501   1875      0      0  23731  23731      0      -      -      0   2558   2652
    0    345     61      -     99     79      0      0      0      0   9501   1950      0      0  23731      4      0      -      -      0   3116   2191
    1    328     73      -     99     79      0      0      0      0   9501   1875      0      0  23731  23731      0      -      -      0   3052   3390
    0    336     61      -     99     68      0      0      0      0   9501   1950      0      0  23731      4      0      -      -      0    942    898
    1    320     73      -     99     80      0      0      0      0   9501   1875      0      0  23731  23731      0      -      -      0    853    917
    0    342     60      -     99     79      0      0      0      0   9501   1950      0      0  23731      4      0      -      -      0   2539   2430
    1    320     73      -     99     80      0      0      0      0   9501   1875      0      0  23731  23731      0      -      -      0    889    903
    0    338     61      -    100     80      0      0      0      0   9501   1950      0      0  23731      4      0      -      -      0    924    914
    1    323     73      -     99     79      0      0      0      0   9501   1875      0      0  23731  23731      0      -      -      0    875    936
# gpu    pwr  gtemp  mtemp     sm    mem    enc    dec    jpg    ofa   mclk   pclk  pviol  tviol     fb   bar1   ccpm  sbecc  dbecc    pci  rxpci  txpci
# Idx      W      C      C      %      %      %      %      %      %    MHz    MHz      %   bool     MB     MB     MB   errs   errs   errs   MB/s   MB/s
    0    352     61      -     99     80      0      0      0      0   9501   1950      0      0  23731      4      0      -      -      0    901    927
    1    336     73      -     99     79      0      0      0      0   9501   1875      0      0  23731  23731      0      -      -      0    893    891
    0    350     60      -    100     38      0      0      0      0   9501   1950      0      0  23731      4      0      -      -      0   2686    897
    1    330     73      -    100     17      0      0      0      0   9501   1875      0      0  23731  23731      0      -      -      0    880    891
    0    336     61      -    100     50      0      0      0      0   9501   1950      0      0  23731      4      0      -      -      0   2952   3373
    1    321     73      -    100     75      0      0      0      0   9501   1875      0      0  23731  23731      0      -      -      0   3134   3188
    0    344     61      -     99     80      0      0      0      0   9501   1950      0      0  23731      4      0      -      -      0    903    941
    1    329     73      -     99     80      0      0      0      0   9501   1875      0      0  23731  23731      0      -      -      0    868    938
    0    352     61      -     99     79      0      0      0      0   9501   1950      0      0  23731      4      0      -      -      0    927    904
    1    336     73      -     99     79      0      0      0      0   9501   1875      0      0  23731  23731      0      -      -      0    860    920
    0    352     61      -     99     80      0      0      0      0   9501   1950      0      0  23731      4      0      -      -      0    885    917
    1    336     73      -     99     79      0      0      0      0   9501   1875      0      0  23731  23731      0      -      -      0    850    890
    0    354     61      -     99     80      0      0      0      0   9501   1950      0      0  23731      4      0      -      -      0    917    901
    1    336     73      -     99     80      0      0      0      0   9501   1875      0      0  23731  23731      0      -      -      0    880    889
    0    353     61      -    100     80      0      0      0      0   9501   1950      0      0  23731      4      0      -      -      0   2083    925
    1    332     73      -     99     80      0      0      0      0   9501   1875      0      0  23731  23731      0      -      -      0    846   2354
    0    342     61      -    100     79      0      0      0      0   9501   1950      0      0  23731      4      0      -      -      0    932    887
    1    325     73      -     99     79      0      0      0      0   9501   1875      0      0  23731  23731      0      -      -      0    853    883
    0    343     61      -    100     41      0      0      0      0   9501   1950      0      0  23731      4      0      -      -      0    955    888
    1    326     73      -    100     18      0      0      0      0   9501   1875      0      0  23731  23731      0      -      -      0    846    919
    0    352     61      -     99     79      0      0      0      0   9501   1950      0      0  23731      4      0      -      -      0    897    925
    1    335     73      -     99     79      0      0      0      0   9501   1875      0      0  23731  23731      0      -      -      0    853    915
    0    335     61      -     99     80      0      0      0      0   9501   1950      0      0  23731      4      0      -      -      0    947    906
    1    318     73      -    100     44      0      0      0      0   9501   1875      0      0  23731  23731      0      -      -      0    867    939
    0    346     61      -    100     17      0      0      0      0   9501   1950      0      0  23731      4      0      -      -      0    920    936
    1    328     73      -    100     52      0      0      0      0   9501   1875      0      0  23731  23731      0      -      -      0    874    938
    0    346     61      -     99     79      0      0      0      0   9501   1950      0      0  23731      4      0      -      -      0    902    935
    1    333     73      -     99     79      0      0      0      0   9501   1875      0      0  23731  23731      0      -      -      0    854    930
    0    352     61      -     99     79      0      0      0      0   9501   1950      0      0  23731      4      0      -      -      0    916    906
    1    335     73      -     99     80      0      0      0      0   9501   1875      0      0  23731  23731      0      -      -      0    887    896
    0    351     61      -    100     47      0      0      0      0   9501   1950      0      0  23731      4      0      -      -      0    901    894
    1    332     73      -    100     20      0      0      0      0   9501   1875      0      0  23731  23731      0      -      -      0    882    890
    0    343     61      -     99     79      0      0      0      0   9501   1950      0      0  23731      4      0      -      -      0    918    902
    1    328     73      -     99     80      0      0      0      0   9501   1875      0      0  23731  23731      0      -      -      0    853    923
    0    337     61      -    100     15      0      0      0      0   9501   1950      0      0  23731      4      0      -      -      0    894    916
    1    318     73      -     99     60      0      0      0      0   9501   1875      0      0  23731  23731      0      -      -      0    863    927
    0    348     61      -     99     79      0      0      0      0   9501   1950      0      0  23731      4      0      -      -      0    915    933
    1    332     73      -     99     79      0      0      0      0   9501   1875      0      0  23731  23731      0      -      -      0    855    923
    0    349     61      -     99     63      0      0      0      0   9501   1950      0      0  23731      4      0      -      -      0    920    900
    1    332     73      -    100     26      0      0      0      0   9501   1875      0      0  23731  23731      0      -      -      0    879    898
    0    346     61      -     99     79      0      0      0      0   9501   1950      0      0  23731      4      0      -      -      0    894    932
    1    329     73      -     99     80      0      0      0      0   9501   1875      0      0  23731  23731      0      -      -      0    883    905
    0    352     61      -     99     79      0      0      0      0   9501   1950      0      0  23731      4      0      -      -      0    932    901
    1    336     73      -     99     79      0      0      0      0   9501   1875      0      0  23731  23731      0      -      -      0    860    876
# gpu    pwr  gtemp  mtemp     sm    mem    enc    dec    jpg    ofa   mclk   pclk  pviol  tviol     fb   bar1   ccpm  sbecc  dbecc    pci  rxpci  txpci
# Idx      W      C      C      %      %      %      %      %      %    MHz    MHz      %   bool     MB     MB     MB   errs   errs   errs   MB/s   MB/s
    0    346     61      -    100     28      0      0      0      0   9501   1950      0      0  23731      4      0      -      -      0   2462   1471
    1    327     73      -    100     54      0      0      0      0   9501   1875      0      0  23731  23731      0      -      -      0    860    923
    0    347     61      -    100     80      0      0      0      0   9501   1950      0      0  23731      4      0      -      -      0    894    925
    1    333     73      -     99     80      0      0      0      0   9501   1875      0      0  23731  23731      0      -      -      0    927   3280
    0    337     61      -     99     79      0      0      0      0   9501   1950      0      0  23731      4      0      -      -      0    928    902
    1    321     73      -     99     80      0      0      0      0   9501   1875      0      0  23731  23731      0      -      -      0    885    889
    0    343     61      -     99     79      0      0      0      0   9501   1950      0      0  23731      4      0      -      -      0    903    941
    1    322     73      -    100     31      0      0      0      0   9501   1875      0      0  23731  23731      0      -      -      0    898    904
    0    345     61      -     99     79      0      0      0      0   9501   1950      0      0  23731      4      0      -      -      0    887    928
    1    328     73      -     99     79      0      0      0      0   9501   1875      0      0  23731  23731      0      -      -      0    892    898
    0    346     60      -    100     80      0      0      0      0   9501   1950      0      0  23731      4      0      -      -      0    927   1197
    1    335     73      -     99     80      0      0      0      0   9501   1875      0      0  23731  23731      0      -      -      0    907    898
    0    346     61      -     99     79      0      0      0      0   9501   1950      0      0  23731      4      0      -      -      0    897    926
    1    334     73      -     99     79      0      0      0      0   9501   1875      0      0  23731  23731      0      -      -      0    857    923
    0    353     61      -     99     80      0      0      0      0   9501   1950      0      0  23731      4      0      -      -      0   2878   3175
    1    336     74      -     99     80      0      0      0      0   9501   1875      0      0  23731  23731      0      -      -      0   1427    883
    0    342     61      -    100     51      0      0      0      0   9501   1950      0      0  23731      4      0      -      -      0    922    927
    1    326     73      -     99     79      0      0      0      0   9501   1875      0      0  23731  23731      0      -      -      0    857    923
    0    350     61      -     99     79      0      0      0      0   9501   1950      0      0  23731      4      0      -      -      0    899    950
    1    330     73      -     99     79      0      0      0      0   9501   1875      0      0  23731  23731      0      -      -      0    886    898
    0    342     61      -     99     79      0      0      0      0   9501   1950      0      0  23731      4      0      -      -      0   2241   1456
    1    328     73      -     99     80      0      0      0      0   9501   1875      0      0  23731  23731      0      -      -      0    863    931
    0    347     61      -     99     79      0      0      0      0   9501   1950      0      0  23731      4      0      -      -      0    894    927
    1    332     73      -     99     80      0      0      0      0   9501   1875      0      0  23731  23731      0      -      -      0    876    897
    0    353     61      -     99     80      0      0      0      0   9501   1950      0      0  23731      4      0      -      -      0    959    901
    1    336     73      -     99     80      0      0      0      0   9501   1875      0      0  23731  23731      0      -      -      0    887    890
    0    353     61      -    100     80      0      0      0      0   9501   1950      0      0  23731      4      0      -      -      0   3083   2970
    1    337     73      -     99     80      0      0      0      0   9501   1875      0      0  23731  23731      0      -      -      0   3085   3218
    0    330     61      -    100     46      0      0      0      0   9501   1950      0      0  23731      4      0      -      -      0    942    909
    1    310     73      -    100     20      0      0      0      0   9501   1875      0      0  23731  23731      0      -      -      0    870    932
    0    333     61      -     99     79      0      0      0      0   9501   1950      0      0  23731      4      0      -      -      0    904    948
    1    318     73      -     99     80      0      0      0      0   9501   1875      0      0  23731  23731      0      -      -      0    868    938
    0    341     61      -    100     26      0      0      0      0   9501   1950      0      0  23731      4      0      -      -      0    938    908
    1    325     73      -    100     47      0      0      0      0   9501   1875      0      0  23731  23731      0      -      -      0    869    936
    0    353     61      -     99     80      0      0      0      0   9501   1950      0      0  23731      4      0      -      -      0    900    927
    1    336     73      -     99     79      0      0      0      0   9501   1875      0      0  23731  23731      0      -      -      0    860    930
    0    352     61      -     99     79      0      0      0      0   9501   1950      0      0  23731      4      0      -      -      0    929    909
    1    335     73      -     99     79      0      0      0      0   9501   1875      0      0  23731  23731      0      -      -      0    885    897
    0    345     61      -     99     79      0      0      0      0   9501   1950      0      0  23731      4      0      -      -      0    904    928
    1    328     73      -     99     80      0      0      0      0   9501   1875      0      0  23731  23731      0      -      -      0    888    898
    0    353     61      -     99     80      0      0      0      0   9501   1950      0      0  23731      4      0      -      -      0   1414   3139
    1    336     73      -     99     80      0      0      0      0   9501   1875      0      0  23731  23731      0      -      -      0   3211   3474
    0    345     61      -    100     80      0      0      0      0   9501   1950      0      0  23731      4      0      -      -      0    881    885
    1    328     73      -     99     79      0      0      0      0   9501   1875      0      0  23731  23731      0      -      -      0    857    930
# gpu    pwr  gtemp  mtemp     sm    mem    enc    dec    jpg    ofa   mclk   pclk  pviol  tviol     fb   bar1   ccpm  sbecc  dbecc    pci  rxpci  txpci
# Idx      W      C      C      %      %      %      %      %      %    MHz    MHz      %   bool     MB     MB     MB   errs   errs   errs   MB/s   MB/s
    0    353     61      -     99     80      0      0      0      0   9501   1950      0      0  23731      4      0      -      -      0    895    920
    1    336     73      -     99     80      0      0      0      0   9501   1875      0      0  23731  23731      0      -      -      0    850    915
    0    343     61      -    100     44      0      0      0      0   9501   1950      0      0  23731      4      0      -      -      0    940    894
    1    326     73      -     99     80      0      0      0      0   9501   1875      0      0  23731  23731      0      -      -      0    913    891
    0    335     60      -    100     42      0      0      0      0   9501   1950      0      0  23731      4      0      -      -      0    912    962
    1    321     73      -     99     73      0      0      0      0   9501   1875      0      0  23731  23731      0      -      -      0    889    898
    0    338     61      -     99     79      0      0      0      0   9501   1950      0      0  23731      4      0      -      -      0   3026   3322
    1    324     73      -     99     79      0      0      0      0   9501   1875      0      0  23731  23731      0      -      -      0   2869   3427
    0    347     61      -     99     79      0      0      0      0   9501   1950      0      0  23731      4      0      -      -      0   3095   3345
    1    330     73      -     99     79      0      0      0      0   9501   1875      0      0  23731  23731      0      -      -      0   2924   3073
    0    336     61      -    100     80      0      0      0      0   9501   1950      0      0  23731      4      0      -      -      0    897    934
    1    319     73      -     99     80      0      0      0      0   9501   1875      0      0  23731  23731      0      -      -      0    874    945
    0    351     61      -     99     79      0      0      0      0   9501   1950      0      0  23731      4      0      -      -      0    942    916
    1    335     73      -     99     80      0      0      0      0   9501   1875      0      0  23731  23731      0      -      -      0    893    911
    0    352     61      -     99     79      0      0      0      0   9501   1950      0      0  23731      4      0      -      -      0    905    925
    1    336     73      -     99     79      0      0      0      0   9501   1875      0      0  23731  23731      0      -      -      0    861    923
    0    353     61      -     99     79      0      0      0      0   9501   1950      0      0  23731      4      0      -      -      0    899   2111
    1    336     73      -     99     80      0      0      0      0   9501   1875      0      0  23731  23731      0      -      -      0   2542   2738
    0    344     61      -     99     65      0      0      0      0   9501   1950      0      0  23731      4      0      -      -      0    930    901
    1    327     73      -    100     57      0      0      0      0   9501   1875      0      0  23731  23731      0      -      -      0    893    906
    0    353     61      -     99     79      0      0      0      0   9501   1950      0      0  23731      4      0      -      -      0    950    894
    1    336     73      -     99     79      0      0      0      0   9501   1875      0      0  23731  23731      0      -      -      0    846    891
    0    352     61      -     99     79      0      0      0      0   9501   1950      0      0  23731      4      0      -      -      0    899    917
    1    336     74      -     99     79      0      0      0      0   9501   1875      0      0  23731  23731      0      -      -      0    835    884
    0    353     61      -     99     80      0      0      0      0   9501   1950      0      0  23731      4      0      -      -      0    924    881
    1    336     74      -     99     80      0      0      0      0   9501   1875      0      0  23731  23731      0      -      -      0    873    883
    0    354     61      -     99     80      0      0      0      0   9501   1950      0      0  23731      4      0      -      -      0   2955   3465
    1    337     73      -    100     80      0      0      0      0   9501   1875      0      0  23731  23731      0      -      -      0   2978   1209
    0    342     61      -    100     22      0      0      0      0   9501   1950      0      0  23731      4      0      -      -      0    885   1233
    1    321     73      -    100     61      0      0      0      0   9501   1875      0      0  23731  23731      0      -      -      0    847    923
    0    337     61      -    100     21      0      0      0      0   9501   1950      0      0  23731      4      0      -      -      0   1582    941
    1    321     73      -    100     41      0      0      0      0   9501   1875      0      0  23731  23731      0      -      -      0    893    905
    0    340     61      -     99     80      0      0      0      0   9501   1950      0      0  23731      4      0      -      -      0   3115   3339
    1    325     73      -     99     80      0      0      0      0   9501   1875      0      0  23731  23731      0      -      -      0   3112   3366
    0    336     61      -    100     37      0      0      0      0   9501   1950      0      0  23731      4      0      -      -      0   1783    934
    1    323     73      -     99     79      0      0      0      0   9501   1875      0      0  23731  23731      0      -      -      0    861    899
    0    345     61      -     99     79      0      0      0      0   9501   1950      0      0  23731      4      0      -      -      0    945    916
    1    328     73      -     99     79      0      0      0      0   9501   1875      0      0  23731  23731      0      -      -      0    862    930
    0    352     61      -     99     79      0      0      0      0   9501   1950      0      0  23731      4      0      -      -      0    913    934
    1    335     73      -    100     79      0      0      0      0   9501   1875      0      0  23731  23731      0      -      -      0    871    938
    0    352     61      -     99     79      0      0      0      0   9501   1950      0      0  23731      4      0      -      -      0    899    919
    1    336     73      -     99     80      0      0      0      0   9501   1875      0      0  23731  23731      0      -      -      0    857    929
    0    353     61      -     99     80      0      0      0      0   9501   1950      0      0  23731      4      0      -      -      0    930    893
    1    336     73      -     99     79      0      0      0      0   9501   1875      0      0  23731  23731      0      -      -      0    878    895
# gpu    pwr  gtemp  mtemp     sm    mem    enc    dec    jpg    ofa   mclk   pclk  pviol  tviol     fb   bar1   ccpm  sbecc  dbecc    pci  rxpci  txpci
# Idx      W      C      C      %      %      %      %      %      %    MHz    MHz      %   bool     MB     MB     MB   errs   errs   errs   MB/s   MB/s
    0    352     61      -     99     79      0      0      0      0   9501   1950      0      0  23731      4      0      -      -      0    896    920
    1    335     73      -     99     79      0      0      0      0   9501   1875      0      0  23731  23731      0      -      -      0    846    908
    0    352     61      -     99     79      0      0      0      0   9501   1950      0      0  23731      4      0      -      -      0    933    893
    1    335     73      -     99     79      0      0      0      0   9501   1875      0      0  23731  23731      0      -      -      0    879    883
    0    353     61      -    100     80      0      0      0      0   9501   1950      0      0  23731      4      0      -      -      0    907    885
    1    336     73      -     99     80      0      0      0      0   9501   1875      0      0  23731  23731      0      -      -      0    850    882
    0    331     61      -    100     45      0      0      0      0   9501   1950      0      0  23731      4      0      -      -      0    898    925
    1    325     73      -    100     17      0      0      0      0   9501   1875      0      0  23731  23731      0      -      -      0    867    930
    0    338     61      -     99     66      0      0      0      0   9501   1950      0      0  23731      4      0      -      -      0    916    908
    1    317     73      -    100     17      0      0      0      0   9501   1875      0      0  23731  23731      0      -      -      0    861    938
    0    346     61      -     99     79      0      0      0      0   9501   1950      0      0  23731      4      0      -      -      0    926   1712
    1    330     73      -     99     80      0      0      0      0   9501   1875      0      0  23731  23731      0      -      -      0   2640   2827
    0    335     61      -     99     79      0      0      0      0   9501   1950      0      0  23731      4      0      -      -      0    903    901
    1    318     73      -     99     69      0      0      0      0   9501   1875      0      0  23731  23731      0      -      -      0    892    902
    0    352     61      -     99     79      0      0      0      0   9501   1950      0      0  23731      4      0      -      -      0    945    907
    1    336     73      -     99     79      0      0      0      0   9501   1875      0      0  23731  23731      0      -      -      0    860    933
    0    352     61      -     99     80      0      0      0      0   9501   1950      0      0  23731      4      0      -      -      0    906    957
    1    335     73      -     99     80      0      0      0      0   9501   1875      0      0  23731  23731      0      -      -      0    888    906
    0    347     60      -    100     15      0      0      0      0   9501   1950      0      0  23731      4      0      -      -      0    902    886
    1    325     73      -    100     15      0      0      0      0   9501   1875      0      0  23731  23731      0      -      -      0    889    897
    0    341     61      -     99     79      0      0      0      0   9501   1950      0      0  23731      4      0      -      -      0    895    926
    1    330     73      -     99     79      0      0      0      0   9501   1875      0      0  23731  23731      0      -      -      0    876    898
    0    352     61      -     99     79      0      0      0      0   9501   1950      0      0  23731      4      0      -      -      0    892    919
    1    336     73      -     99     79      0      0      0      0   9501   1875      0      0  23731  23731      0      -      -      0    842    923
    0    351     61      -     99     79      0      0      0      0   9501   1950      0      0  23731      4      0      -      -      0    928    887
    1    335     73      -     99     79      0      0      0      0   9501   1875      0      0  23731  23731      0      -      -      0    853    883
    0    353     61      -    100     80      0      0      0      0   9501   1950      0      0  23731      4      0      -      -      0    891    920
    1    336     73      -     99     80      0      0      0      0   9501   1875      0      0  23731  23731      0      -      -      0    840    876
    0    343     61      -     99     65      0      0      0      0   9501   1950      0      0  23731      4      0      -      -      0    893    913
    1    318     73      -    100     49      0      0      0      0   9501   1875      0      0  23731  23731      0      -      -      0   1803   2736
    0    342     61      -     99     79      0      0      0      0   9501   1950      0      0  23731      4      0      -      -      0    886    927
    1    322     73      -     99     79      0      0      0      0   9501   1875      0      0  23731  23731      0      -      -      0    848    922
    0    339     60      -    100     80      0      0      0      0   9501   1950      0      0  23731      4      0      -      -      0    918    901
    1    324     73      -     99     79      0      0      0      0   9501   1875      0      0  23731  23731      0      -      -      0    887    898
    0    339     61      -     99     79      0      0      0      0   9501   1950      0      0  23731      4      0      -      -      0    912    934
    1    323     73      -    100     46      0      0      0      0   9501   1875      0      0  23731  23731      0      -      -      0    867    957
    0    344     61      -     99     80      0      0      0      0   9501   1950      0      0  23731      4      0      -      -      0    943    910
    1    327     73      -    100     80      0      0      0      0   9501   1875      0      0  23731  23731      0      -      -      0    886    905
    0    336     61      -     99     79      0      0      0      0   9501   1950      0      0  23731      4      0      -      -      0    925    934
    1    321     73      -     99     79      0      0      0      0   9501   1875      0      0  23731  23731      0      -      -      0    867    930
    0    352     61      -     99     80      0      0      0      0   9501   1950      0      0  23731      4      0      -      -      0    921    920
    1    336     73      -     99     79      0      0      0      0   9501   1875      0      0  23731  23731      0      -      -      0    858    924
    0    344     61      -     99     80      0      0      0      0   9501   1950      0      0  23731      4      0      -      -      0    947    905
    1    329     73      -     99     80      0      0      0      0   9501   1875      0      0  23731  23731      0      -      -      0    882    905
# gpu    pwr  gtemp  mtemp     sm    mem    enc    dec    jpg    ofa   mclk   pclk  pviol  tviol     fb   bar1   ccpm  sbecc  dbecc    pci  rxpci  txpci
# Idx      W      C      C      %      %      %      %      %      %    MHz    MHz      %   bool     MB     MB     MB   errs   errs   errs   MB/s   MB/s
    0    352     61      -     99     79      0      0      0      0   9501   1950      0      0  23731      4      0      -      -      0    909    931
    1    336     73      -     99     79      0      0      0      0   9501   1875      0      0  23731  23731      0      -      -      0    857    906
    0    352     61      -    100     80      0      0      0      0   9501   1950      0      0  23731      4      0      -      -      0    939    895
    1    336     73      -     99     80      0      0      0      0   9501   1875      0      0  23731  23731      0      -      -      0    904    884
    0    342     61      -     99     79      0      0      0      0   9501   1950      0      0  23731      4      0      -      -      0    886    926
    1    336     73      -     99     79      0      0      0      0   9501   1875      0      0  23731  23731      0      -      -      0    876    897
    0    350     61      -     99     80      0      0      0      0   9501   1950      0      0  23731      4      0      -      -      0    904    914
    1    336     73      -     99     80      0      0      0      0   9501   1875      0      0  23731  23731      0      -      -      0    846    938
    0    352     61      -     99     79      0      0      0      0   9501   1950      0      0  23731      4      0      -      -      0    932    892
    1    336     73      -     99     79      0      0      0      0   9501   1875      0      0  23731  23731      0      -      -      0    877    883
    0    350     61      -     99     80      0      0      0      0   9501   1950      0      0  23731      4      0      -      -      0   2731   3524
    1    329     73      -     99     80      0      0      0      0   9501   1875      0      0  23731  23731      0      -      -      0   3001   3161
    0    341     61      -    100     21      0      0      0      0   9501   1950      0      0  23731      4      0      -      -      0   2777   3398
    1    317     73      -    100     51      0      0      0      0   9501   1875      0      0  23731  23731      0      -      -      0   3118   3373
    0    331     61      -    100     24      0      0      0      0   9501   1950      0      0  23731      4      0      -      -      0    942    917
    1    313     73      -    100     28      0      0      0      0   9501   1875      0      0  23731  23731      0      -      -      0    867    938
    0    351     61      -     99     79      0      0      0      0   9501   1950      0      0  23731      4      0      -      -      0    915    935
    1    335     73      -     99     80      0      0      0      0   9501   1875      0      0  23731  23731      0      -      -      0    891    905
    0    351     61      -     99     80      0      0      0      0   9501   1950      0      0  23731      4      0      -      -      0    937    909
    1    336     73      -     99     80      0      0      0      0   9501   1875      0      0  23731  23731      0      -      -      0    860    920
    0    352     61      -     99     79      0      0      0      0   9501   1950      0      0  23731      4      0      -      -      0   3018   3185
    1    336     73      -     99     79      0      0      0      0   9501   1875      0      0  23731  23731      0      -      -      0   3266   3184
    0    344     60      -     99     79      0      0      0      0   9501   1950      0      0  23731      4      0      -      -      0    941    909
    1    327     73      -     99     79      0      0      0      0   9501   1875      0      0  23731  23731      0      -      -      0    886    898
    0    350     60      -     99     79      0      0      0      0   9501   1950      0      0  23731      4      0      -      -      0    887    921
    1    335     73      -     99     79      0      0      0      0   9501   1875      0      0  23731  23731      0      -      -      0    876    890
    0    346     60      -     99     79      0      0      0      0   9501   1950      0      0  23731      4      0      -      -      0    879    930
    1    328     73      -     99     79      0      0      0      0   9501   1875      0      0  23731  23731      0      -      -      0    878    898
    0    341     61      -     99     79      0      0      0      0   9501   1950      0      0  23731      4      0      -      -      0    927    910
    1    327     73      -    100     80      0      0      0      0   9501   1875      0      0  23731  23731      0      -      -      0   2502   3368
    0    342     61      -    100     64      0      0      0      0   9501   1950      0      0  23731      4      0      -      -      0    922   2318
    1    326     73      -    100     53      0      0      0      0   9501   1875      0      0  23731  23731      0      -      -      0   2933   3196
    0    342     61      -    100     20      0      0      0      0   9501   1950      0      0  23731      4      0      -      -      0    928    900
    1    324     73      -    100     60      0      0      0      0   9501   1875      0      0  23731  23731      0      -      -      0    860    922
    0    352     61      -     99     79      0      0      0      0   9501   1950      0      0  23731      4      0      -      -      0   2226   2403
    1    336     73      -     99     79      0      0      0      0   9501   1875      0      0  23731  23731      0      -      -      0   2331   1808
    0    338     61      -    100     80      0      0      0      0   9501   1950      0      0  23731      4      0      -      -      0    932    912
    1    324     73      -    100     38      0      0      0      0   9501   1875      0      0  23731  23731      0      -      -      0   3396   3506
    0    343     61      -     99     79      0      0      0      0   9501   1950      0      0  23731      4      0      -      -      0    922    917
    1    326     73      -     99     79      0      0      0      0   9501   1875      0      0  23731  23731      0      -      -      0    893    913
    0    353     61      -     99     79      0      0      0      0   9501   1950      0      0  23731      4      0      -      -      0    934    902
    1    336     73      -     99     79      0      0      0      0   9501   1875      0      0  23731  23731      0      -      -      0    886    891
    0    352     61      -     99     79      0      0      0      0   9501   1950      0      0  23731      4      0      -      -      0    916   2652
    1    336     73      -     99     79      0      0      0      0   9501   1875      0      0  23731  23731      0      -      -      0   2801   3311
# gpu    pwr  gtemp  mtemp     sm    mem    enc    dec    jpg    ofa   mclk   pclk  pviol  tviol     fb   bar1   ccpm  sbecc  dbecc    pci  rxpci  txpci
# Idx      W      C      C      %      %      %      %      %      %    MHz    MHz      %   bool     MB     MB     MB   errs   errs   errs   MB/s   MB/s
    0    342     61      -     99     79      0      0      0      0   9501   1950      0      0  23731      4      0      -      -      0    931    908
    1    326     73      -     99     79      0      0      0      0   9501   1875      0      0  23731  23731      0      -      -      0    889    891
    0    355     61      -     99     79      0      0      0      0   9501   1950      0      0  23731      4      0      -      -      0    961    905
    1    336     73      -     99     79      0      0      0      0   9501   1875      0      0  23731  23731      0      -      -      0    885    906
    0    350     61      -     99     79      0      0      0      0   9501   1950      0      0  23731      4      0      -      -      0    905    937
    1    335     73      -     99     79      0      0      0      0   9501   1875      0      0  23731  23731      0      -      -      0    861    916
    0    353     61      -     99     79      0      0      0      0   9501   1950      0      0  23731      4      0      -      -      0   2682   3444
    1    335     73      -     99     79      0      0      0      0   9501   1875      0      0  23731  23731      0      -      -      0   3158   3453
    0    344     61      -    100     53      0      0      0      0   9501   1950      0      0  23731      4      0      -      -      0   1764   2403
    1    319     73      -    100     46      0      0      0      0   9501   1875      0      0  23731  23731      0      -      -      0   2228   2429
    0    332     61      -    100     39      0      0      0      0   9501   1950      0      0  23731      4      0      -      -      0    964    896
    1    310     73      -    100     17      0      0      0      0   9501   1875      0      0  23731  23731      0      -      -      0    867    938
    0    352     61      -     99     80      0      0      0      0   9501   1950      0      0  23731      4      0      -      -      0    926    950
    1    333     73      -     99     80      0      0      0      0   9501   1875      0      0  23731  23731      0      -      -      0    893    913
    0    353     61      -     99     80      0      0      0      0   9501   1950      0      0  23731      4      0      -      -      0    922    906
    1    336     73      -     99     79      0      0      0      0   9501   1875      0      0  23731  23731      0      -      -      0    889    905
    0    352     61      -     99     79      0      0      0      0   9501   1950      0      0  23731      4      0      -      -      0    883    950
    1    335     73      -     99     79      0      0      0      0   9501   1875      0      0  23731  23731      0      -      -      0    885    897
    0    352     61      -     99     80      0      0      0      0   9501   1950      0      0  23731      4      0      -      -      0    956    887
    1    336     73      -     99     79      0      0      0      0   9501   1875      0      0  23731  23731      0      -      -      0    906    891
    0    352     61      -     99     79      0      0      0      0   9501   1950      0      0  23731      4      0      -      -      0    911    912
    1    336     73      -    100     79      0      0      0      0   9501   1875      0      0  23731  23731      0      -      -      0    838   2674
    0    342     61      -     99     79      0      0      0      0   9501   1950      0      0  23731      4      0      -      -      0    883   1397
    1    326     73      -     99     80      0      0      0      0   9501   1875      0      0  23731  23731      0      -      -      0   2530   2857
    0    340     61      -     99     79      0      0      0      0   9501   1950      0      0  23731      4      0      -      -      0    947    911
    1    325     73      -     99     79      0      0      0      0   9501   1875      0      0  23731  23731      0      -      -      0    886    898
    0    353     61      -     99     79      0      0      0      0   9501   1950      0      0  23731      4      0      -      -      0    911    887
    1    336     73      -     99     79      0      0      0      0   9501   1875      0      0  23731  23731      0      -      -      0    849    922
    0    340     61      -     99     80      0      0      0      0   9501   1950      0      0  23731      4      0      -      -      0    943    908
    1    319     73      -     99     71      0      0      0      0   9501   1875      0      0  23731  23731      0      -      -      0    863    932
    0    347     61      -     99     79      0      0      0      0   9501   1950      0      0  23731      4      0      -      -      0    900    928
    1    332     73      -     99     79      0      0      0      0   9501   1875      0      0  23731  23731      0      -      -      0    847    884
    0    348     61      -     99     79      0      0      0      0   9501   1950      0      0  23731      4      0      -      -      0    941    915
    1    329     73      -     99     79      0      0      0      0   9501   1875      0      0  23731  23731      0      -      -      0    905    898
    0    353     61      -     99     79      0      0      0      0   9501   1950      0      0  23731      4      0      -      -      0    916    934
    1    327     73      -    100     80      0      0      0      0   9501   1875      0      0  23731  23731      0      -      -      0    856    923
    0    353     61      -     99     79      0      0      0      0   9501   1950      0      0  23731      4      0      -      -      0    899    950
    1    336     73      -     99     79      0      0      0      0   9501   1875      0      0  23731  23731      0      -      -      0    877    897
    0    353     61      -    100     80      0      0      0      0   9501   1950      0      0  23731      4      0      -      -      0    914    910
    1    336     73      -     99     80      0      0      0      0   9501   1875      0      0  23731  23731      0      -      -      0    861    934
    0    340     61      -    100     50      0      0      0      0   9501   1950      0      0  23731      4      0      -      -      0    958    896
    1    321     73      -     99     79      0      0      0      0   9501   1875      0      0  23731  23731      0      -      -      0    853    923
    0    356     61      -     99     80      0      0      0      0   9501   1950      0      0  23731      4      0      -      -      0    904    911
    1    336     73      -     99     80      0      0      0      0   9501   1875      0      0  23731  23731      0      -      -      0    849    923
# gpu    pwr  gtemp  mtemp     sm    mem    enc    dec    jpg    ofa   mclk   pclk  pviol  tviol     fb   bar1   ccpm  sbecc  dbecc    pci  rxpci  txpci
# Idx      W      C      C      %      %      %      %      %      %    MHz    MHz      %   bool     MB     MB     MB   errs   errs   errs   MB/s   MB/s
    0    345     61      -    100     44      0      0      0      0   9501   1950      0      0  23731      4      0      -      -      0    943    887
    1    326     73      -     99     79      0      0      0      0   9501   1875      0      0  23731  23731      0      -      -      0    852    949
    0    352     61      -     99     79      0      0      0      0   9501   1950      0      0  23731      4      0      -      -      0    932    899
    1    336     73      -     99     79      0      0      0      0   9501   1875      0      0  23731  23731      0      -      -      0    878    883
    0    350     60      -     99     79      0      0      0      0   9501   1950      0      0  23731      4      0      -      -      0    901    928
    1    329     72      -     99     79      0      0      0      0   9501   1875      0      0  23731  23731      0      -      -      0    860    916
    0    331     60      -    100     80      0      0      0      0   9501   1950      0      0  23731      4      0      -      -      0   3416   3235
    1    313     73      -    100     22      0      0      0      0   9501   1875      0      0  23731  23731      0      -      -      0   2990   3515
    0    341     61      -    100     17      0      0      0      0   9501   1950      0      0  23731      4      0      -      -      0    891    934
    1    320     73      -    100     42      0      0      0      0   9501   1875      0      0  23731  23731      0      -      -      0    888    905
    0    352     61      -     99     80      0      0      0      0   9501   1950      0      0  23731      4      0      -      -      0    900    935
    1    336     73      -     99     80      0      0      0      0   9501   1875      0      0  23731  23731      0      -      -      0    867    921
    0    342     60      -    100     63      0      0      0      0   9501   1950      0      0  23731      4      0      -      -      0    916    927
    1    325     73      -    100     47      0      0      0      0   9501   1875      0      0  23731  23731      0      -      -      0    879   1824
    0    339     60      -     99     80      0      0      0      0   9501   1950      0      0  23731      4      0      -      -      0    916    934
    1    324     73      -     99     79      0      0      0      0   9501   1875      0      0  23731  23731      0      -      -      0    870    938
    0    352     61      -     99     79      0      0      0      0   9501   1950      0      0  23731      4      0      -      -      0    899    919
    1    336     73      -     99     80      0      0      0      0   9501   1875      0      0  23731  23731      0      -      -      0    864    922
    0    345     61      -     99     76      0      0      0      0   9501   1950      0      0  23731      4      0      -      -      0    897    934
    1    328     73      -     99     79      0      0      0      0   9501   1875      0      0  23731  23731      0      -      -      0    850    891
    0    341     61      -    100     57      0      0      0      0   9501   1950      0      0  23731      4      0      -      -      0    910    900
    1    325     73      -     99     80      0      0      0      0   9501   1875      0      0  23731  23731      0      -      -      0    867    922
    0    352     61      -     99     79      0      0      0      0   9501   1950      0      0  23731      4      0      -      -      0    894    926
    1    336     73      -     99     79      0      0      0      0   9501   1875      0      0  23731  23731      0      -      -      0    887    893
    0    343     60      -     99     79      0      0      0      0   9501   1950      0      0  23731      4      0      -      -      0    889    903
    1    326     73      -     99     80      0      0      0      0   9501   1875      0      0  23731  23731      0      -      -      0    888    890
    0    353     61      -     99     79      0      0      0      0   9501   1950      0      0  23731      4      0      -      -      0    939    894
    1    336     73      -     99     79      0      0      0      0   9501   1875      0      0  23731  23731      0      -      -      0    857    885
    0    337     61      -    100     21      0      0      0      0   9501   1950      0      0  23731      4      0      -      -      0    877   1758
    1    319     73      -    100     41      0      0      0      0   9501   1875      0      0  23731  23731      0      -      -      0   2825   3384
    0    338     61      -    100     50      0      0      0      0   9501   1950      0      0  23731      4      0      -      -      0    927    908
    1    318     73      -    100     17      0      0      0      0   9501   1875      0      0  23731  23731      0      -      -      0    886    913
    0    352     61      -     99     79      0      0      0      0   9501   1950      0      0  23731      4      0      -      -      0    895    924
    1    336     73      -     99     80      0      0      0      0   9501   1875      0      0  23731  23731      0      -      -      0    849    898
    0    353     61      -     99     79      0      0      0      0   9501   1950      0      0  23731      4      0      -      -      0    935    894
    1    336     73      -    100     80      0      0      0      0   9501   1875      0      0  23731  23731      0      -      -      0    890    898
    0    340     61      -    100     46      0      0      0      0   9501   1950      0      0  23731      4      0      -      -      0    901    918
    1    321     73      -    100     45      0      0      0      0   9501   1875      0      0  23731  23731      0      -      -      0    863    924
    0    351     61      -     99     79      0      0      0      0   9501   1950      0      0  23731      4      0      -      -      0   3046   3403
    1    333     73      -     99     79      0      0      0      0   9501   1875      0      0  23731  23731      0      -      -      0   1144    889
    0    346     61      -     99     79      0      0      0      0   9501   1950      0      0  23731      4      0      -      -      0    939    908
    1    329     73      -     99     79      0      0      0      0   9501   1875      0      0  23731  23731      0      -      -      0    893    898
    0    353     61      -     99     79      0      0      0      0   9501   1950      0      0  23731      4      0      -      -      0   3204   3569
    1    335     73      -     99     79      0      0      0      0   9501   1875      0      0  23731  23731      0      -      -      0   3033   3395
# gpu    pwr  gtemp  mtemp     sm    mem    enc    dec    jpg    ofa   mclk   pclk  pviol  tviol     fb   bar1   ccpm  sbecc  dbecc    pci  rxpci  txpci
# Idx      W      C      C      %      %      %      %      %      %    MHz    MHz      %   bool     MB     MB     MB   errs   errs   errs   MB/s   MB/s
    0    349     61      -     99     79      0      0      0      0   9501   1950      0      0  23731      4      0      -      -      0    914    925
    1    327     73      -     99     79      0      0      0      0   9501   1875      0      0  23731  23731      0      -      -      0    862    930
    0    349     61      -    100     47      0      0      0      0   9501   1950      0      0  23731      4      0      -      -      0    957    887
    1    325     73      -    100     47      0      0      0      0   9501   1875      0      0  23731  23731      0      -      -      0    854    924
    0    342     61      -     99     79      0      0      0      0   9501   1950      0      0  23731      4      0      -      -      0    952    887
    1    325     73      -     99     79      0      0      0      0   9501   1875      0      0  23731  23731      0      -      -      0    867    923
    0    341     61      -     99     79      0      0      0      0   9501   1950      0      0  23731      4      0      -      -      0    945    902
    1    325     73      -     99     79      0      0      0      0   9501   1875      0      0  23731  23731      0      -      -      0    860    923
    0    351     61      -     99     79      0      0      0      0   9501   1950      0      0  23731      4      0      -      -      0   3123   3382
    1    335     73      -     99     79      0      0      0      0   9501   1875      0      0  23731  23731      0      -      -      0   2813   3001
    0    334     60      -    100     50      0      0      0      0   9501   1950      0      0  23731      4      0      -      -      0    915    942
    1    317     73      -    100     50      0      0      0      0   9501   1875      0      0  23731  23731      0      -      -      0    900    913
    0    349     60      -     99     79      0      0      0      0   9501   1950      0      0  23731      4      0      -      -      0    905    927
    1    333     73      -     99     79      0      0      0      0   9501   1875      0      0  23731  23731      0      -      -      0    888   1959
    0    339     61      -     99     79      0      0      0      0   9501   1950      0      0  23731      4      0      -      -      0    891    950
    1    324     73      -     99     79      0      0      0      0   9501   1875      0      0  23731  23731      0      -      -      0    891    906
    0    351     61      -     99     79      0      0      0      0   9501   1950      0      0  23731      4      0      -      -      0    901    927
    1    336     73      -     99     79      0      0      0      0   9501   1875      0      0  23731  23731      0      -      -      0    860    921
    0    352     61      -     99     80      0      0      0      0   9501   1950      0      0  23731      4      0      -      -      0    899    934
    1    336     73      -     99     80      0      0      0      0   9501   1875      0      0  23731  23731      0      -      -      0    861    922
    0    356     61      -     99     79      0      0      0      0   9501   1950      0      0  23731      4      0      -      -      0    908    902
    1    336     73      -     99     80      0      0      0      0   9501   1875      0      0  23731  23731      0      -      -      0    879    898
    0    344     61      -    100     17      0      0      0      0   9501   1950      0      0  23731      4      0      -      -      0    934    902
    1    326     73      -    100     17      0      0      0      0   9501   1875      0      0  23731  23731      0      -      -      0    855    922
    0    350     61      -     99     79      0      0      0      0   9501   1950      0      0  23731      4      0      -      -      0    940    901
    1    330     73      -     99     79      0      0      0      0   9501   1875      0      0  23731  23731      0      -      -      0    853    923
    0    338     60      -     99     80      0      0      0      0   9501   1950      0      0  23731      4      0      -      -      0    880    927
    1    322     73      -     99     80      0      0      0      0   9501   1875      0      0  23731  23731      0      -      -      0    861    930
    0    342     60      -     99     79      0      0      0      0   9501   1950      0      0  23731      4      0      -      -      0    914    941
    1    326     73      -     99     79      0      0      0      0   9501   1875      0      0  23731  23731      0      -      -      0    864    906
    0    352     61      -     99     80      0      0      0      0   9501   1950      0      0  23731      4      0      -      -      0    953    910
    1    326     73      -     99     77      0      0      0      0   9501   1875      0      0  23731  23731      0      -      -      0    875    922
    0    347     61      -    100     24      0      0      0      0   9501   1950      0      0  23731      4      0      -      -      0    926   2738
    1    332     73      -    100     25      0      0      0      0   9501   1875      0      0  23731  23731      0      -      -      0   2533   2739
    0    337     61      -    100     46      0      0      0      0   9501   1950      0      0  23731      4      0      -      -      0    929    909
    1    320     73      -    100     45      0      0      0      0   9501   1875      0      0  23731  23731      0      -      -      0    900    906
    0    350     61      -     99     79      0      0      0      0   9501   1950      0      0  23731      4      0      -      -      0    945    904
    1    334     73      -     99     79      0      0      0      0   9501   1875      0      0  23731  23731      0      -      -      0    861    922
    0    353     61      -     99     79      0      0      0      0   9501   1950      0      0  23731      4      0      -      -      0    911    926
    1    336     73      -     99     79      0      0      0      0   9501   1875      0      0  23731  23731      0      -      -      0    885    893
    0    352     61      -    100     30      0      0      0      0   9501   1950      0      0  23731      4      0      -      -      0    964    902
    1    333     73      -    100     31      0      0      0      0   9501   1875      0      0  23731  23731      0      -      -      0    882    906
    0    358     61      -     99     79      0      0      0      0   9501   1950      0      0  23731      4      0      -      -      0    955    901
    1    336     73      -     99     79      0      0      0      0   9501   1875      0      0  23731  23731      0      -      -      0    861    934
# gpu    pwr  gtemp  mtemp     sm    mem    enc    dec    jpg    ofa   mclk   pclk  pviol  tviol     fb   bar1   ccpm  sbecc  dbecc    pci  rxpci  txpci
# Idx      W      C      C      %      %      %      %      %      %    MHz    MHz      %   bool     MB     MB     MB   errs   errs   errs   MB/s   MB/s
    0    346     61      -    100     17      0      0      0      0   9501   1950      0      0  23731      4      0      -      -      0    885    897
    1    329     73      -    100     17      0      0      0      0   9501   1875      0      0  23731  23731      0      -      -      0    890    898
    0    347     61      -     99     79      0      0      0      0   9501   1950      0      0  23731      4      0      -      -      0    881    926
    1    326     73      -     99     79      0      0      0      0   9501   1875      0      0  23731  23731      0      -      -      0    878    904
    0    344     61      -    100     17      0      0      0      0   9501   1950      0      0  23731      4      0      -      -      0    889    887
    1    328     73      -    100     18      0      0      0      0   9501   1875      0      0  23731  23731      0      -      -      0    850    918
    0    344     60      -     99     79      0      0      0      0   9501   1950      0      0  23731      4      0      -      -      0    924    880
    1    328     73      -     99     79      0      0      0      0   9501   1875      0      0  23731  23731      0      -      -      0    858    922
    0    352     60      -     99     79      0      0      0      0   9501   1950      0      0  23731      4      0      -      -      0    894    927
    1    336     73      -     99     79      0      0      0      0   9501   1875      0      0  23731  23731      0      -      -      0    879    904
    0    340     60      -    100     21      0      0      0      0   9501   1950      0      0  23731      4      0      -      -      0    918    937
    1    324     72      -    100     22      0      0      0      0   9501   1875      0      0  23731  23731      0      -      -      0    885    899
    0    341     60      -    100     79      0      0      0      0   9501   1950      0      0  23731      4      0      -      -      0    883    918
    1    325     73      -    100     79      0      0      0      0   9501   1875      0      0  23731  23731      0      -      -      0    857   2653
    0    343     60      -     99     79      0      0      0      0   9501   1950      0      0  23731      4      0      -      -      0    962    912
    1    327     73      -     99     79      0      0      0      0   9501   1875      0      0  23731  23731      0      -      -      0    907    898
    0    340     60      -     99     80      0      0      0      0   9501   1950      0      0  23731      4      0      -      -      0    907    940
    1    325     73      -     99     80      0      0      0      0   9501   1875      0      0  23731  23731      0      -      -      0    880    912
    0    352     60      -     99     79      0      0      0      0   9501   1950      0      0  23731      4      0      -      -      0    934    933
    1    336     73      -     99     79      0      0      0      0   9501   1875      0      0  23731  23731      0      -      -      0    854    923
    0    349     61      -     99     79      0      0      0      0   9501   1950      0      0  23731      4      0      -      -      0    898    944
    1    334     73      -     99     79      0      0      0      0   9501   1875      0      0  23731  23731      0      -      -      0    878    891
    0    338     61      -     99     79      0      0      0      0   9501   1950      0      0  23731      4      0      -      -      0    907    924
    1    319     73      -     99     79      0      0      0      0   9501   1875      0      0  23731  23731      0      -      -      0    868    927
    0    340     61      -     99     79      0      0      0      0   9501   1950      0      0  23731      4      0      -      -      0    929    917
    1    320     73      -     99     79      0      0      0      0   9501   1875      0      0  23731  23731      0      -      -      0    894    905
    0    353     61      -     99     80      0      0      0      0   9501   1950      0      0  23731      4      0      -      -      0    942    902
    1    336     73      -     99     80      0      0      0      0   9501   1875      0      0  23731  23731      0      -      -      0    860    923
    0    353     61      -     99     79      0      0      0      0   9501   1950      0      0  23731      4      0      -      -      0    930    901
    1    336     73      -     99     79      0      0      0      0   9501   1875      0      0  23731  23731      0      -      -      0    889    898
    0    346     61      -     99     79      0      0      0      0   9501   1950      0      0  23731      4      0      -      -      0    923    907
    1    328     73      -     99     79      0      0      0      0   9501   1875      0      0  23731  23731      0      -      -      0    890    905
    0    346     60      -    100     22      0      0      0      0   9501   1950      0      0  23731      4      0      -      -      0    904    927
    1    329     73      -    100     21      0      0      0      0   9501   1875      0      0  23731  23731      0      -      -      0    889    905
    0    349     61      -     99     79      0      0      0      0   9501   1950      0      0  23731      4      0      -      -      0    936    901
    1    331     73      -     99     80      0      0      0      0   9501   1875      0      0  23731  23731      0      -      -      0    860    929
    0    351     61      -    100     45      0      0      0      0   9501   1950      0      0  23731      4      0      -      -      0    932    900
    1    334     73      -    100     45      0      0      0      0   9501   1875      0      0  23731  23731      0      -      -      0    867    935
    0    344     61      -     99     80      0      0      0      0   9501   1950      0      0  23731      4      0      -      -      0   2233   1588
    1    327     73      -     99     79      0      0      0      0   9501   1875      0      0  23731  23731      0      -      -      0    860    938
    0    344     61      -    100     26      0      0      0      0   9501   1950      0      0  23731      4      0      -      -      0    902    926
    1    325     73      -    100     26      0      0      0      0   9501   1875      0      0  23731  23731      0      -      -      0    850    891
    0    353     61      -     99     79      0      0      0      0   9501   1950      0      0  23731      4      0      -      -      0    951    902
    1    336     73      -     99     79      0      0      0      0   9501   1875      0      0  23731  23731      0      -      -      0    885    893
# gpu    pwr  gtemp  mtemp     sm    mem    enc    dec    jpg    ofa   mclk   pclk  pviol  tviol     fb   bar1   ccpm  sbecc  dbecc    pci  rxpci  txpci
# Idx      W      C      C      %      %      %      %      %      %    MHz    MHz      %   bool     MB     MB     MB   errs   errs   errs   MB/s   MB/s
    0    352     61      -     99     79      0      0      0      0   9501   1950      0      0  23731      4      0      -      -      0   2956   3207
    1    336     73      -     99     80      0      0      0      0   9501   1875      0      0  23731  23731      0      -      -      0   3188   3493
    0    341     61      -    100     57      0      0      0      0   9501   1950      0      0  23731      4      0      -      -      0    892    928
    1    323     73      -    100     57      0      0      0      0   9501   1875      0      0  23731  23731      0      -      -      0    862    949
    0    347     61      -     99     79      0      0      0      0   9501   1950      0      0  23731      4      0      -      -      0    886    927
    1    326     72      -     99     79      0      0      0      0   9501   1875      0      0  23731  23731      0      -      -      0    885    905
    0    351     61      -     99     79      0      0      0      0   9501   1950      0      0  23731      4      0      -      -      0    936    901
    1    335     73      -     99     80      0      0      0      0   9501   1875      0      0  23731  23731      0      -      -      0    853    930
    0    338     60      -     99     61      0      0      0      0   9501   1950      0      0  23731      4      0      -      -      0    902    931
    1    321     73      -    100     61      0      0      0      0   9501   1875      0      0  23731  23731      0      -      -      0    885    898
    0    350     61      -     99     79      0      0      0      0   9501   1950      0      0  23731      4      0      -      -      0    930    902
    1    333     73      -     99     79      0      0      0      0   9501   1875      0      0  23731  23731      0      -      -      0    860    916
    0    351     60      -    100     39      0      0      0      0   9501   1950      0      0  23731      4      0      -      -      0    929    901
    1    334     73      -    100     40      0      0      0      0   9501   1875      0      0  23731  23731      0      -      -      0    860    923
    0    344     61      -     99     79      0      0      0      0   9501   1950      0      0  23731      4      0      -      -      0   3051   3281
    1    327     73      -     99     79      0      0      0      0   9501   1875      0      0  23731  23731      0      -      -      0   2936   2648
    0    344     61      -     99     79      0      0      0      0   9501   1950      0      0  23731      4      0      -      -      0    887    877
    1    325     73      -     99     79      0      0      0      0   9501   1875      0      0  23731  23731      0      -      -      0    862    923
    0    333     61      -    100     17      0      0      0      0   9501   1950      0      0  23731      4      0      -      -      0    923    915
    1    315     73      -    100     17      0      0      0      0   9501   1875      0      0  23731  23731      0      -      -      0    900    906
    0    351     61      -     99     80      0      0      0      0   9501   1950      0      0  23731      4      0      -      -      0    912    910
    1    333     73      -     99     80      0      0      0      0   9501   1875      0      0  23731  23731      0      -      -      0    883    904
    0    352     61      -     99     80      0      0      0      0   9501   1950      0      0  23731      4      0      -      -      0    900    938
    1    335     73      -     99     80      0      0      0      0   9501   1875      0      0  23731  23731      0      -      -      0    861    930
    0    353     61      -     99     80      0      0      0      0   9501   1950      0      0  23731      4      0      -      -      0    883    926
    1    336     73      -     99     80      0      0      0      0   9501   1875      0      0  23731  23731      0      -      -      0    862    881
    0    355     61      -     99     80      0      0      0      0   9501   1950      0      0  23731      4      0      -      -      0   3019   3351
    1    336     73      -    100     80      0      0      0      0   9501   1875      0      0  23731  23731      0      -      -      0   2960   3304
    0    351     61      -     99     79      0      0      0      0   9501   1950      0      0  23731      4      0      -      -      0    929    889
    1    326     73      -     99     79      0      0      0      0   9501   1875      0      0  23731  23731      0      -      -      0    876    883
    0    347     61      -     99     79      0      0      0      0   9501   1950      0      0  23731      4      0      -      -      0   2828   3437
    1    322     73      -     99     79      0      0      0      0   9501   1875      0      0  23731  23731      0      -      -      0    854    900
    0    332     60      -    100     60      0      0      0      0   9501   1950      0      0  23731      4      0      -      -      0    907    927
    1    313     73      -    100     60      0      0      0      0   9501   1875      0      0  23731  23731      0      -      -      0    857    930
    0    348     61      -     99     79      0      0      0      0   9501   1950      0      0  23731      4      0      -      -      0    970    902
    1    329     73      -     99     79      0      0      0      0   9501   1875      0      0  23731  23731      0      -      -      0    868    938
    0    340     60      -     99     79      0      0      0      0   9501   1950      0      0  23731      4      0      -      -      0    935    908
    1    324     73      -     99     79      0      0      0      0   9501   1875      0      0  23731  23731      0      -      -      0    885    905
    0    352     60      -     99     79      0      0      0      0   9501   1950      0      0  23731      4      0      -      -      0   3163   3425
    1    335     72      -     99     79      0      0      0      0   9501   1875      0      0  23731  23731      0      -      -      0   2942   1735
    0    335     60      -     99     79      0      0      0      0   9501   1950      0      0  23731      4      0      -      -      0    946    909
    1    319     73      -     99     79      0      0      0      0   9501   1875      0      0  23731  23731      0      -      -      0    893    913
    0    348     60      -     99     79      0      0      0      0   9501   1950      0      0  23731      4      0      -      -      0    906    927
    1    335     73      -     99     79      0      0      0      0   9501   1875      0      0  23731  23731      0      -      -      0    853    922
# gpu    pwr  gtemp  mtemp     sm    mem    enc    dec    jpg    ofa   mclk   pclk  pviol  tviol     fb   bar1   ccpm  sbecc  dbecc    pci  rxpci  txpci
# Idx      W      C      C      %      %      %      %      %      %    MHz    MHz      %   bool     MB     MB     MB   errs   errs   errs   MB/s   MB/s
    0    351     60      -     99     79      0      0      0      0   9501   1950      0      0  23731      4      0      -      -      0   2461   2674
    1    335     73      -     99     79      0      0      0      0   9501   1875      0      0  23731  23731      0      -      -      0    909    905
    0    343     61      -    100     71      0      0      0      0   9501   1950      0      0  23731      4      0      -      -      0    915    927
    1    326     73      -     99     70      0      0      0      0   9501   1875      0      0  23731  23731      0      -      -      0    856    888
    0    352     61      -     99     79      0      0      0      0   9501   1950      0      0  23731      4      0      -      -      0    923    891
    1    336     73      -     99     79      0      0      0      0   9501   1875      0      0  23731  23731      0      -      -      0    877    891
    0    352     61      -    100     79      0      0      0      0   9501   1950      0      0  23731      4      0      -      -      0    929    911
    1    336     73      -    100     79      0      0      0      0   9501   1875      0      0  23731  23731      0      -      -      0    849    909
    0    348     61      -    100     18      0      0      0      0   9501   1950      0      0  23731      4      0      -      -      0   2556   3262
    1    329     73      -    100     17      0      0      0      0   9501   1875      0      0  23731  23731      0      -      -      0   3014   2901
    0    338     61      -     99     80      0      0      0      0   9501   1950      0      0  23731      4      0      -      -      0    886    875
    1    323     73      -     99     80      0      0      0      0   9501   1875      0      0  23731  23731      0      -      -      0    851    916
    0    347     61      -     99     60      0      0      0      0   9501   1950      0      0  23731      4      0      -      -      0    894    886
    1    324     73      -    100     45      0      0      0      0   9501   1875      0      0  23731  23731      0      -      -      0    859    923
    0    347     61      -    100     28      0      0      0      0   9501   1950      0      0  23731      4      0      -      -      0    901    935
    1    326     73      -    100     38      0      0      0      0   9501   1875      0      0  23731  23731      0      -      -      0    865    914
    0    346     61      -     99     79      0      0      0      0   9501   1950      0      0  23731      4      0      -      -      0    946    908
    1    327     73      -     99     80      0      0      0      0   9501   1875      0      0  23731  23731      0      -      -      0    886    898
    0    347     61      -     99     79      0      0      0      0   9501   1950      0      0  23731      4      0      -      -      0    897    926
    1    332     73      -     99     80      0      0      0      0   9501   1875      0      0  23731  23731      0      -      -      0    861    919
    0    352     61      -     99     80      0      0      0      0   9501   1950      0      0  23731      4      0      -      -      0    964    901
    1    333     73      -     99     80      0      0      0      0   9501   1875      0      0  23731  23731      0      -      -      0    863    923
    0    344     61      -     99     80      0      0      0      0   9501   1950      0      0  23731      4      0      -      -      0    889    927
    1    326     73      -     99     79      0      0      0      0   9501   1875      0      0  23731  23731      0      -      -      0    879    890
    0    349     61      -     99     80      0      0      0      0   9501   1950      0      0  23731      4      0      -      -      0    919    910
    1    330     73      -     99     80      0      0      0      0   9501   1875      0      0  23731  23731      0      -      -      0    889    892
    0    357     61      -     99     79      0      0      0      0   9501   1950      0      0  23731      4      0      -      -      0    903    882
    1    337     73      -     99     80      0      0      0      0   9501   1875      0      0  23731  23731      0      -      -      0    858    916
    0    345     60      -    100     14      0      0      0      0   9501   1950      0      0  23731      4      0      -      -      0    928    892
    1    321     72      -    100     57      0      0      0      0   9501   1875      0      0  23731  23731      0      -      -      0    886    898
    0    345     61      -    100     42      0      0      0      0   9501   1950      0      0  23731      4      0      -      -      0   2673   3445
    1    326     73      -    100     45      0      0      0      0   9501   1875      0      0  23731  23731      0      -      -      0   2980   1951
    0    340     61      -     99     79      0      0      0      0   9501   1950      0      0  23731      4      0      -      -      0    936   2407
    1    323     73      -     99     79      0      0      0      0   9501   1875      0      0  23731  23731      0      -      -      0   2952   3467
    0    343     60      -    100     25      0      0      0      0   9501   1950      0      0  23731      4      0      -      -      0    933    911
    1    322     72      -    100     27      0      0      0      0   9501   1875      0      0  23731  23731      0      -      -      0    902    905
    0    352     60      -     99     80      0      0      0      0   9501   1950      0      0  23731      4      0      -      -      0    928    941
    1    336     73      -     99     80      0      0      0      0   9501   1875      0      0  23731  23731      0      -      -      0    868    938
    0    351     60      -     99     79      0      0      0      0   9501   1950      0      0  23731      4      0      -      -      0    938    902
    1    335     73      -     99     79      0      0      0      0   9501   1875      0      0  23731  23731      0      -      -      0    880    901
    0    352     60      -    100     80      0      0      0      0   9501   1950      0      0  23731      4      0      -      -      0    949    906
    1    335     73      -     99     79      0      0      0      0   9501   1875      0      0  23731  23731      0      -      -      0    897    902
    0    345     60      -     99     79      0      0      0      0   9501   1950      0      0  23731      4      0      -      -      0    970    885
    1    328     73      -     99     79      0      0      0      0   9501   1875      0      0  23731  23731      0      -      -      0    860    923
# gpu    pwr  gtemp  mtemp     sm    mem    enc    dec    jpg    ofa   mclk   pclk  pviol  tviol     fb   bar1   ccpm  sbecc  dbecc    pci  rxpci  txpci
# Idx      W      C      C      %      %      %      %      %      %    MHz    MHz      %   bool     MB     MB     MB   errs   errs   errs   MB/s   MB/s
    0    353     61      -     99     80      0      0      0      0   9501   1950      0      0  23731      4      0      -      -      0   2646   2887
    1    336     73      -     99     79      0      0      0      0   9501   1875      0      0  23731  23731      0      -      -      0   3102   2879
    0    330     60      -    100     38      0      0      0      0   9501   1950      0      0  23731      4      0      -      -      0    919    926
    1    321     73      -    100     15      0      0      0      0   9501   1875      0      0  23731  23731      0      -      -      0    882    897
    0    341     61      -    100     51      0      0      0      0   9501   1950      0      0  23731      4      0      -      -      0    912    925
    1    325     73      -     99     79      0      0      0      0   9501   1875      0      0  23731  23731      0      -      -      0    890    905
    0    349     61      -     99     79      0      0      0      0   9501   1950      0      0  23731      4      0      -      -      0    923    895
    1    335     73      -     99     79      0      0      0      0   9501   1875      0      0  23731  23731      0      -      -      0    860    923
    0    343     61      -    100     46      0      0      0      0   9501   1950      0      0  23731      4      0      -      -      0    928    901
    1    326     72      -     99     78      0      0      0      0   9501   1875      0      0  23731  23731      0      -      -      0    888    897
    0    341     61      -     99     69      0      0      0      0   9501   1950      0      0  23731      4      0      -      -      0   2982   3432
    1    325     73      -     99     79      0      0      0      0   9501   1875      0      0  23731  23731      0      -      -      0   3143   3222
    0    347     61      -     99     80      0      0      0      0   9501   1950      0      0  23731      4      0      -      -      0    894    927
    1    329     73      -     99     79      0      0      0      0   9501   1875      0      0  23731  23731      0      -      -      0    851    952
    0    352     61      -     99     79      0      0      0      0   9501   1950      0      0  23731      4      0      -      -      0    945    909
    1    335     73      -    100     80      0      0      0      0   9501   1875      0      0  23731  23731      0      -      -      0    863    876
    0    354     61      -     99     80      0      0      0      0   9501   1950      0      0  23731      4      0      -      -      0    907    934
    1    336     73      -     99     79      0      0      0      0   9501   1875      0      0  23731  23731      0      -      -      0    857    923
    0    354     61      -     99     80      0      0      0      0   9501   1950      0      0  23731      4      0      -      -      0    904    929
    1    337     73      -     99     80      0      0      0      0   9501   1875      0      0  23731  23731      0      -      -      0    869    886
    0    353     61      -     99     80      0      0      0      0   9501   1950      0      0  23731      4      0      -      -      0   2976   3445
    1    329     72      -     99     80      0      0      0      0   9501   1875      0      0  23731  23731      0      -      -      0   3144   3289
    0    333     61      -    100     14      0      0      0      0   9501   1950      0      0  23731      4      0      -      -      0    866    938
    1    311     72      -    100     14      0      0      0      0   9501   1875      0      0  23731  23731      0      -      -      0    885    891
    0    354     61      -     99     79      0      0      0      0   9501   1950      0      0  23731      4      0      -      -      0    951    901
    1    336     73      -     99     80      0      0      0      0   9501   1875      0      0  23731  23731      0      -      -      0    889    897
    0    353     61      -    100     74      0      0      0      0   9501   1950      0      0  23731      4      0      -      -      0    893   1029
    1    332     72      -    100     17      0      0      0      0   9501   1875      0      0  23731  23731      0      -      -      0   1047    915
    0    335     61      -    100     33      0      0      0      0   9501   1950      0      0  23731      4      0      -      -      0    906    900
    1    314     73      -    100     49      0      0      0      0   9501   1875      0      0  23731  23731      0      -      -      0    889    905
    0    347     61      -     99     79      0      0      0      0   9501   1950      0      0  23731      4      0      -      -      0    893    919
    1    331     73      -     99     79      0      0      0      0   9501   1875      0      0  23731  23731      0      -      -      0    860    922
    0    342     61      -    100     46      0      0      0      0   9501   1950      0      0  23731      4      0      -      -      0    928    902
    1    325     73      -     99     79      0      0      0      0   9501   1875      0      0  23731  23731      0      -      -      0    867    876
    0    346     61      -     99     80      0      0      0      0   9501   1950      0      0  23731      4      0      -      -      0   3026   3130
    1    326     73      -    100     60      0      0      0      0   9501   1875      0      0  23731  23731      0      -      -      0   3016   3193
    0    343     61      -     99     79      0      0      0      0   9501   1950      0      0  23731      4      0      -      -      0    903    951
    1    327     73      -     99     80      0      0      0      0   9501   1875      0      0  23731  23731      0      -      -      0    886    913
    0    354     61      -     99     80      0      0      0      0   9501   1950      0      0  23731      4      0      -      -      0    925    894
    1    336     73      -     99     80      0      0      0      0   9501   1875      0      0  23731  23731      0      -      -      0   1014   2736
    0    342     61      -    100     79      0      0      0      0   9501   1950      0      0  23731      4      0      -      -      0    894    896
    1    325     73      -     99     79      0      0      0      0   9501   1875      0      0  23731  23731      0      -      -      0    889    905
    0    352     61      -    100     79      0      0      0      0   9501   1950      0      0  23731      4      0      -      -      0    940    910
    1    335     73      -     99     79      0      0      0      0   9501   1875      0      0  23731  23731      0      -      -      0    860    916
# gpu    pwr  gtemp  mtemp     sm    mem    enc    dec    jpg    ofa   mclk   pclk  pviol  tviol     fb   bar1   ccpm  sbecc  dbecc    pci  rxpci  txpci
# Idx      W      C      C      %      %      %      %      %      %    MHz    MHz      %   bool     MB     MB     MB   errs   errs   errs   MB/s   MB/s
    0    343     61      -     99     79      0      0      0      0   9501   1950      0      0  23731      4      0      -      -      0    915    896
    1    326     73      -     99     80      0      0      0      0   9501   1875      0      0  23731  23731      0      -      -      0    897    899
    0    353     61      -    100     61      0      0      0      0   9501   1950      0      0  23731      4      0      -      -      0    895    919
    1    325     73      -    100     49      0      0      0      0   9501   1875      0      0  23731  23731      0      -      -      0    876    898
    0    346     61      -    100     50      0      0      0      0   9501   1950      0      0  23731      4      0      -      -      0    913    925
    1    323     73      -     99     79      0      0      0      0   9501   1875      0      0  23731  23731      0      -      -      0    887    906
    0    352     62      -     99     79      0      0      0      0   9501   1950      0      0  23731      4      0      -      -      0    917    901
    1    335     73      -     99     79      0      0      0      0   9501   1875      0      0  23731  23731      0      -      -      0    857    923
    0    353     61      -     99     80      0      0      0      0   9501   1950      0      0  23731      4      0      -      -      0    907    925
    1    336     73      -     99     80      0      0      0      0   9501   1875      0      0  23731  23731      0      -      -      0    858    920
    0    353     61      -     99     80      0      0      0      0   9501   1950      0      0  23731      4      0      -      -      0   2880   3473
    1    336     73      -     99     80      0      0      0      0   9501   1875      0      0  23731  23731      0      -      -      0   2874   3441
    0    346     61      -     99     79      0      0      0      0   9501   1950      0      0  23731      4      0      -      -      0    880    892
    1    322     73      -     99     79      0      0      0      0   9501   1875      0      0  23731  23731      0      -      -      0    886    893
    0    360     61      -     99     80      0      0      0      0   9501   1950      0      0  23731      4      0      -      -      0   3058   3142
    1    335     73      -     99     79      0      0      0      0   9501   1875      0      0  23731  23731      0      -      -      0   3081   1538
    0    343     61      -    100     62      0      0      0      0   9501   1950      0      0  23731      4      0      -      -      0   2812   3152
    1    326     73      -    100     79      0      0      0      0   9501   1875      0      0  23731  23731      0      -      -      0   2901   2172
    0    341     61      -    100     61      0      0      0      0   9501   1950      0      0  23731      4      0      -      -      0    927    918
    1    325     73      -    100     54      0      0      0      0   9501   1875      0      0  23731  23731      0      -      -      0    860    929
    0    343     61      -     99     79      0      0      0      0   9501   1950      0      0  23731      4      0      -      -      0    943    894
    1    326     73      -     99     79      0      0      0      0   9501   1875      0      0  23731  23731      0      -      -      0    890    905
    0    344     61      -    100     79      0      0      0      0   9501   1950      0      0  23731      4      0      -      -      0    937    901
    1    328     73      -     99     79      0      0      0      0   9501   1875      0      0  23731  23731      0      -      -      0    897    884
    0    352     61      -     99     79      0      0      0      0   9501   1950      0      0  23731      4      0      -      -      0    890    919
    1    335     73      -     99     80      0      0      0      0   9501   1875      0      0  23731  23731      0      -      -      0    866    897
    0    349     61      -    100     23      0      0      0      0   9501   1950      0      0  23731      4      0      -      -      0    943    892
    1    329     73      -    100     28      0      0      0      0   9501   1875      0      0  23731  23731      0      -      -      0    856    884
    0    343     61      -     99     79      0      0      0      0   9501   1950      0      0  23731      4      0      -      -      0    908    919
    1    328     73      -     99     80      0      0      0      0   9501   1875      0      0  23731  23731      0      -      -      0    853    915
    0    355     61      -     99     79      0      0      0      0   9501   1950      0      0  23731      4      0      -      -      0    931    895
    1    335     73      -     99     79      0      0      0      0   9501   1875      0      0  23731  23731      0      -      -      0    883    883
    0    347     61      -     99     62      0      0      0      0   9501   1950      0      0  23731      4      0      -      -      0    886    927
    1    326     73      -    100     52      0      0      0      0   9501   1875      0      0  23731  23731      0      -      -      0    857    923
    0    347     61      -    100     77      0      0      0      0   9501   1950      0      0  23731      4      0      -      -      0   2847   3076
    1    328     73      -     99     80      0      0      0      0   9501   1875      0      0  23731  23731      0      -      -      0   2076    916
    0    335     61      -     99     75      0      0      0      0   9501   1950      0      0  23731      4      0      -      -      0   2524    910
    1    305     72      -    100     18      0      0      0      0   9501   1875      0      0  23731  23731      0      -      -      0    900    914
    0    338     61      -     99     79      0      0      0      0   9501   1950      0      0  23731      4      0      -      -      0    950    915
    1    325     73      -     99     79      0      0      0      0   9501   1875      0      0  23731  23731      0      -      -      0    863    927
    0    352     61      -     99     80      0      0      0      0   9501   1950      0      0  23731      4      0      -      -      0    933    913
    1    335     73      -     99     80      0      0      0      0   9501   1875      0      0  23731  23731      0      -      -      0    893    920
    0    338     61      -     99     80      0      0      0      0   9501   1950      0      0  23731      4      0      -      -      0   1649    893
    1    321     73      -    100     58      0      0      0      0   9501   1875      0      0  23731  23731      0      -      -      0    879   1716
# gpu    pwr  gtemp  mtemp     sm    mem    enc    dec    jpg    ofa   mclk   pclk  pviol  tviol     fb   bar1   ccpm  sbecc  dbecc    pci  rxpci  txpci
# Idx      W      C      C      %      %      %      %      %      %    MHz    MHz      %   bool     MB     MB     MB   errs   errs   errs   MB/s   MB/s
    0    345     61      -     99     79      0      0      0      0   9501   1950      0      0  23731      4      0      -      -      0    895    932
    1    330     73      -     99     79      0      0      0      0   9501   1875      0      0  23731  23731      0      -      -      0    898    905
    0    352     61      -     99     80      0      0      0      0   9501   1950      0      0  23731      4      0      -      -      0    942    908
    1    336     73      -     99     80      0      0      0      0   9501   1875      0      0  23731  23731      0      -      -      0    853    909
    0    352     61      -     99     79      0      0      0      0   9501   1950      0      0  23731      4      0      -      -      0    910    923
    1    335     73      -     99     79      0      0      0      0   9501   1875      0      0  23731  23731      0      -      -      0    876    897
    0    352     61      -     99     80      0      0      0      0   9501   1950      0      0  23731      4      0      -      -      0    938    896
    1    335     73      -     99     79      0      0      0      0   9501   1875      0      0  23731  23731      0      -      -      0    874    882
    0    353     61      -     99     79      0      0      0      0   9501   1950      0      0  23731      4      0      -      -      0    898    921
    1    335     73      -     99     79      0      0      0      0   9501   1875      0      0  23731  23731      0      -      -      0    847    908
    0    347     61      -     99     79      0      0      0      0   9501   1950      0      0  23731      4      0      -      -      0    932    886
    1    325     73      -     99     79      0      0      0      0   9501   1875      0      0  23731  23731      0      -      -      0    872    883
    0    351     61      -    100     79      0      0      0      0   9501   1950      0      0  23731      4      0      -      -      0    939    886
    1    327     73      -    100     28      0      0      0      0   9501   1875      0      0  23731  23731      0      -      -      0    878    890
    0    344     61      -     99     79      0      0      0      0   9501   1950      0      0  23731      4      0      -      -      0    901    950
    1    320     72      -     99     70      0      0      0      0   9501   1875      0      0  23731  23731      0      -      -      0    889    891
    0    340     61      -     99     79      0      0      0      0   9501   1950      0      0  23731      4      0      -      -      0    945    901
    1    319     73      -     99     80      0      0      0      0   9501   1875      0      0  23731  23731      0      -      -      0    889    896
    0    346     61      -     99     79      0      0      0      0   9501   1950      0      0  23731      4      0      -      -      0    925    927
    1    332     73      -     99     79      0      0      0      0   9501   1875      0      0  23731  23731      0      -      -      0    860    923
    0    353     61      -     99     80      0      0      0      0   9501   1950      0      0  23731      4      0      -      -      0    879    887
    1    336     73      -     99     80      0      0      0      0   9501   1875      0      0  23731  23731      0      -      -      0    882    896
    0    341     61      -     99     76      0      0      0      0   9501   1950      0      0  23731      4      0      -      -      0    906    937
    1    323     73      -     99     79      0      0      0      0   9501   1875      0      0  23731  23731      0      -      -      0   2107   3391
    0    346     61      -     99     79      0      0      0      0   9501   1950      0      0  23731      4      0      -      -      0    932    908
    1    326     73      -     99     79      0      0      0      0   9501   1875      0      0  23731  23731      0      -      -      0    863    876
    0    354     61      -     99     80      0      0      0      0   9501   1950      0      0  23731      4      0      -      -      0    904    935
    1    335     73      -     99     80      0      0      0      0   9501   1875      0      0  23731  23731      0      -      -      0    879    898
    0    339     60      -    100     59      0      0      0      0   9501   1950      0      0  23731      4      0      -      -      0    905    919
    1    321     73      -    100     63      0      0      0      0   9501   1875      0      0  23731  23731      0      -      -      0    863    921
    0    344     61      -     99     80      0      0      0      0   9501   1950      0      0  23731      4      0      -      -      0    902    919
    1    326     73      -    100     22      0      0      0      0   9501   1875      0      0  23731  23731      0      -      -      0    877    898
    0    352     61      -    100     80      0      0      0      0   9501   1950      0      0  23731      4      0      -      -      0    928    893
    1    336     73      -     99     80      0      0      0      0   9501   1875      0      0  23731  23731      0      -      -      0    861    922
    0    354     61      -     99     80      0      0      0      0   9501   1950      0      0  23731      4      0      -      -      0    926    894
    1    336     73      -     99     80      0      0      0      0   9501   1875      0      0  23731  23731      0      -      -      0    848    869
    0    347     61      -    100     26      0      0      0      0   9501   1950      0      0  23731      4      0      -      -      0    923    893
    1    327     73      -    100     28      0      0      0      0   9501   1875      0      0  23731  23731      0      -      -      0    856    884
    0    359     62      -     99     80      0      0      0      0   9501   1950      0      0  23731      4      0      -      -      0    905    887
    1    330     73      -     99     80      0      0      0      0   9501   1875      0      0  23731  23731      0      -      -      0    860    923
    0    363     62      -     99     80      0      0      0      0   9501   1950      0      0  23731      4      0      -      -      0   1648   2403
    1    336     73      -     99     80      0      0      0      0   9501   1875      0      0  23731  23731      0      -      -      0   2304   2404
    0    340     61      -    100     30      0      0      0      0   9501   1950      0      0  23731      4      0      -      -      0    910    940
    1    316     72      -    100     47      0      0      0      0   9501   1875      0      0  23731  23731      0      -      -      0    884    912
# gpu    pwr  gtemp  mtemp     sm    mem    enc    dec    jpg    ofa   mclk   pclk  pviol  tviol     fb   bar1   ccpm  sbecc  dbecc    pci  rxpci  txpci
# Idx      W      C      C      %      %      %      %      %      %    MHz    MHz      %   bool     MB     MB     MB   errs   errs   errs   MB/s   MB/s
    0    347     61      -     99     80      0      0      0      0   9501   1950      0      0  23731      4      0      -      -      0    937    910
    1    332     73      -     99     79      0      0      0      0   9501   1875      0      0  23731  23731      0      -      -      0    893    898
    0    351     61      -     99     79      0      0      0      0   9501   1950      0      0  23731      4      0      -      -      0    888    927
    1    335     73      -     99     79      0      0      0      0   9501   1875      0      0  23731  23731      0      -      -      0    860    923
    0    345     60      -    100     46      0      0      0      0   9501   1950      0      0  23731      4      0      -      -      0    906    932
    1    327     73      -     99     79      0      0      0      0   9501   1875      0      0  23731  23731      0      -      -      0    863    918
    0    349     60      -     99     79      0      0      0      0   9501   1950      0      0  23731      4      0      -      -      0    930    909
    1    335     73      -     99     80      0      0      0      0   9501   1875      0      0  23731  23731      0      -      -      0    887    898
    0    352     60      -     99     80      0      0      0      0   9501   1950      0      0  23731      4      0      -      -      0   3016   3328
    1    335     73      -     99     80      0      0      0      0   9501   1875      0      0  23731  23731      0      -      -      0   3254   3416
    0    347     60      -    100     79      0      0      0      0   9501   1950      0      0  23731      4      0      -      -      0   2942   3634
    1    326     73      -     99     79      0      0      0      0   9501   1875      0      0  23731  23731      0      -      -      0   3212   3626
    0    348     61      -     99     74      0      0      0      0   9501   1950      0      0  23731      4      0      -      -      0    908    925
    1    325     73      -     99     79      0      0      0      0   9501   1875      0      0  23731  23731      0      -      -      0    853    923
    0    352     61      -     99     79      0      0      0      0   9501   1950      0      0  23731      4      0      -      -      0    895    912
    1    336     73      -     99     79      0      0      0      0   9501   1875      0      0  23731  23731      0      -      -      0    859   3039
    0    341     61      -    100     75      0      0      0      0   9501   1950      0      0  23731      4      0      -      -      0   2185   2856
    1    325     73      -    100     18      0      0      0      0   9501   1875      0      0  23731  23731      0      -      -      0   2647   1330
    0    347     61      -     99     68      0      0      0      0   9501   1950      0      0  23731      4      0      -      -      0   3117   2996
    1    328     73      -    100     17      0      0      0      0   9501   1875      0      0  23731  23731      0      -      -      0    853    918
    0    342     61      -     99     79      0      0      0      0   9501   1950      0      0  23731      4      0      -      -      0    927    885
    1    325     73      -     99     79      0      0      0      0   9501   1875      0      0  23731  23731      0      -      -      0    890    891
    0    347     61      -    100     20      0      0      0      0   9501   1950      0      0  23731      4      0      -      -      0   2399   1570
    1    328     73      -    100     29      0      0      0      0   9501   1875      0      0  23731  23731      0      -      -      0   2426   2675
    0    328     61      -     99     79      0      0      0      0   9501   1950      0      0  23731      4      0      -      -      0    935    913
    1    313     73      -     99     79      0      0      0      0   9501   1875      0      0  23731  23731      0      -      -      0    871    936
    0    353     61      -     99     80      0      0      0      0   9501   1950      0      0  23731      4      0      -      -      0    892    926
    1    335     73      -     99     79      0      0      0      0   9501   1875      0      0  23731  23731      0      -      -      0    881    898
    0    344     61      -     99     80      0      0      0      0   9501   1950      0      0  23731      4      0      -      -      0    908    942
    1    333     73      -    100     55      0      0      0      0   9501   1875      0      0  23731  23731      0      -      -      0    867    930
    0    353     61      -     99     80      0      0      0      0   9501   1950      0      0  23731      4      0      -      -      0    893    887
    1    335     73      -     99     79      0      0      0      0   9501   1875      0      0  23731  23731      0      -      -      0    859    923
    0    353     61      -     99     79      0      0      0      0   9501   1950      0      0  23731      4      0      -      -      0    899    890
    1    335     73      -     99     79      0      0      0      0   9501   1875      0      0  23731  23731      0      -      -      0    884    898
    0    353     61      -     99     80      0      0      0      0   9501   1950      0      0  23731      4      0      -      -      0    883    927
    1    331     73      -     99     80      0      0      0      0   9501   1875      0      0  23731  23731      0      -      -      0    883    898
    0    350     61      -     99     80      0      0      0      0   9501   1950      0      0  23731      4      0      -      -      0    937    896
    1    328     73      -     99     80      0      0      0      0   9501   1875      0      0  23731  23731      0      -      -      0    883    891
    0    354     61      -     99     80      0      0      0      0   9501   1950      0      0  23731      4      0      -      -      0    926    921
    1    326     73      -     99     79      0      0      0      0   9501   1875      0      0  23731  23731      0      -      -      0    853    930
    0    343     61      -     99     80      0      0      0      0   9501   1950      0      0  23731      4      0      -      -      0    934    900
    1    326     73      -     99     80      0      0      0      0   9501   1875      0      0  23731  23731      0      -      -      0    867    929
    0    353     61      -     99     79      0      0      0      0   9501   1950      0      0  23731      4      0      -      -      0    926    908
    1    336     73      -     99     79      0      0      0      0   9501   1875      0      0  23731  23731      0      -      -      0    883    898
# gpu    pwr  gtemp  mtemp     sm    mem    enc    dec    jpg    ofa   mclk   pclk  pviol  tviol     fb   bar1   ccpm  sbecc  dbecc    pci  rxpci  txpci
# Idx      W      C      C      %      %      %      %      %      %    MHz    MHz      %   bool     MB     MB     MB   errs   errs   errs   MB/s   MB/s
    0    346     61      -    100     17      0      0      0      0   9501   1950      0      0  23731      4      0      -      -      0    912    927
    1    328     73      -    100     64      0      0      0      0   9501   1875      0      0  23731  23731      0      -      -      0    853    922
    0    344     61      -     99     80      0      0      0      0   9501   1950      0      0  23731      4      0      -      -      0    925    899
    1    332     73      -     99     80      0      0      0      0   9501   1875      0      0  23731  23731      0      -      -      0    886    891
    0    353     61      -     99     79      0      0      0      0   9501   1950      0      0  23731      4      0      -      -      0    930    908
    1    333     73      -    100     21      0      0      0      0   9501   1875      0      0  23731  23731      0      -      -      0    880    890
    0    356     61      -     99     79      0      0      0      0   9501   1950      0      0  23731      4      0      -      -      0    939    892
    1    335     73      -     99     79      0      0      0      0   9501   1875      0      0  23731  23731      0      -      -      0    879    884
    0    354     61      -    100     79      0      0      0      0   9501   1950      0      0  23731      4      0      -      -      0    938    888
    1    335     73      -     99     80      0      0      0      0   9501   1875      0      0  23731  23731      0      -      -      0    879    883
    0    338     61      -    100     16      0      0      0      0   9501   1950      0      0  23731      4      0      -      -      0    926    895
    1    321     73      -    100     15      0      0      0      0   9501   1875      0      0  23731  23731      0      -      -      0    880    891
    0    360     61      -     99     79      0      0      0      0   9501   1950      0      0  23731      4      0      -      -      0    887    911
    1    335     73      -     99     79      0      0      0      0   9501   1875      0      0  23731  23731      0      -      -      0    844    916
    0    356     61      -     99     80      0      0      0      0   9501   1950      0      0  23731      4      0      -      -      0   2432   2653
    1    336     73      -     99     80      0      0      0      0   9501   1875      0      0  23731  23731      0      -      -      0   1758    914
    0    340     61      -     99     80      0      0      0      0   9501   1950      0      0  23731      4      0      -      -      0    883    926
    1    320     73      -     99     80      0      0      0      0   9501   1875      0      0  23731  23731      0      -      -      0    860   1458
    0    345     60      -    100     34      0      0      0      0   9501   1950      0      0  23731      4      0      -      -      0    924    907
    1    318     73      -    100     31      0      0      0      0   9501   1875      0      0  23731  23731      0      -      -      0    893    898
    0    343     61      -     99     79      0      0      0      0   9501   1950      0      0  23731      4      0      -      -      0    915    917
    1    331     73      -     99     79      0      0      0      0   9501   1875      0      0  23731  23731      0      -      -      0    860    915
    0    335     60      -    100     17      0      0      0      0   9501   1950      0      0  23731      4      0      -      -      0    914    934
    1    317     73      -    100     56      0      0      0      0   9501   1875      0      0  23731  23731      0      -      -      0    867    930
    0    342     61      -     99     79      0      0      0      0   9501   1950      0      0  23731      4      0      -      -      0    933    916
    1    330     73      -     99     80      0      0      0      0   9501   1875      0      0  23731  23731      0      -      -      0    886    905
    0    351     61      -     99     79      0      0      0      0   9501   1950      0      0  23731      4      0      -      -      0    883    927
    1    335     73      -     99     79      0      0      0      0   9501   1875      0      0  23731  23731      0      -      -      0    860    930
    0    352     61      -     99     79      0      0      0      0   9501   1950      0      0  23731      4      0      -      -      0    925    901
    1    336     73      -     99     79      0      0      0      0   9501   1875      0      0  23731  23731      0      -      -      0    858    931
    0    345     60      -     99     80      0      0      0      0   9501   1950      0      0  23731      4      0      -      -      0    906    919
    1    323     72      -     99     79      0      0      0      0   9501   1875      0      0  23731  23731      0      -      -      0    861    954
    0    342     61      -     99     79      0      0      0      0   9501   1950      0      0  23731      4      0      -      -      0    958    902
    1    325     73      -     99     79      0      0      0      0   9501   1875      0      0  23731  23731      0      -      -      0    889    903
    0    342     61      -     99     79      0      0      0      0   9501   1950      0      0  23731      4      0      -      -      0    875    929
    1    323     73      -     99     79      0      0      0      0   9501   1875      0      0  23731  23731      0      -      -      0    867    923
    0    341     61      -     99     79      0      0      0      0   9501   1950      0      0  23731      4      0      -      -      0    931    927
    1    324     73      -     99     79      0      0      0      0   9501   1875      0      0  23731  23731      0      -      -      0    858    945
    0    343     61      -     99     79      0      0      0      0   9501   1950      0      0  23731      4      0      -      -      0    908    910
    1    325     73      -     99     79      0      0      0      0   9501   1875      0      0  23731  23731      0      -      -      0    861    923
    0    352     61      -     99     79      0      0      0      0   9501   1950      0      0  23731      4      0      -      -      0    893    927
    1    335     73      -     99     80      0      0      0      0   9501   1875      0      0  23731  23731      0      -      -      0    885    890
    0    354     61      -     99     80      0      0      0      0   9501   1950      0      0  23731      4      0      -      -      0   2462    991
    1    335     73      -     99     67      0      0      0      0   9501   1875      0      0  23731  23731      0      -      -      0    873    898
# gpu    pwr  gtemp  mtemp     sm    mem    enc    dec    jpg    ofa   mclk   pclk  pviol  tviol     fb   bar1   ccpm  sbecc  dbecc    pci  rxpci  txpci
# Idx      W      C      C      %      %      %      %      %      %    MHz    MHz      %   bool     MB     MB     MB   errs   errs   errs   MB/s   MB/s
    0    342     61      -    100     17      0      0      0      0   9501   1950      0      0  23731      4      0      -      -      0    959    952
    1    320     73      -    100     54      0      0      0      0   9501   1875      0      0  23731  23731      0      -      -      0    867    937
    0    338     61      -     99     80      0      0      0      0   9501   1950      0      0  23731      4      0      -      -      0    903    943
    1    321     73      -     99     80      0      0      0      0   9501   1875      0      0  23731  23731      0      -      -      0    897    902
    0    352     61      -     99     79      0      0      0      0   9501   1950      0      0  23731      4      0      -      -      0    947    901
    1    335     73      -     99     79      0      0      0      0   9501   1875      0      0  23731  23731      0      -      -      0    853    923
    0    353     61      -     99     79      0      0      0      0   9501   1950      0      0  23731      4      0      -      -      0    904    926
    1    336     73      -     99     79      0      0      0      0   9501   1875      0      0  23731  23731      0      -      -      0    837    890
    0    354     61      -     99     80      0      0      0      0   9501   1950      0      0  23731      4      0      -      -      0    956    894
    1    336     73      -     99     80      0      0      0      0   9501   1875      0      0  23731  23731      0      -      -      0    883    887
    0    357     61      -     99     79      0      0      0      0   9501   1950      0      0  23731      4      0      -      -      0    935    895
    1    335     73      -     99     80      0      0      0      0   9501   1875      0      0  23731  23731      0      -      -      0   3155   3300
    0    347     61      -     99     70      0      0      0      0   9501   1950      0      0  23731      4      0      -      -      0    929    902
    1    315     73      -    100     21      0      0      0      0   9501   1875      0      0  23731  23731      0      -      -      0    892    895
    0    339     61      -     99     79      0      0      0      0   9501   1950      0      0  23731      4      0      -      -      0    966    922
    1    318     73      -    100     80      0      0      0      0   9501   1875      0      0  23731  23731      0      -      -      0    874    930
    0    352     61      -     99     80      0      0      0      0   9501   1950      0      0  23731      4      0      -      -      0    907    965
    1    336     73      -    100     80      0      0      0      0   9501   1875      0      0  23731  23731      0      -      -      0    893    913
    0    352     61      -     99     79      0      0      0      0   9501   1950      0      0  23731      4      0      -      -      0    916    927
    1    335     73      -     99     79      0      0      0      0   9501   1875      0      0  23731  23731      0      -      -      0    862    916
    0    341     60      -    100     38      0      0      0      0   9501   1950      0      0  23731      4      0      -      -      0    903    927
    1    324     73      -     99     79      0      0      0      0   9501   1875      0      0  23731  23731      0      -      -      0    858    930
    0    347     61      -     99     79      0      0      0      0   9501   1950      0      0  23731      4      0      -      -      0    940    901
    1    335     73      -     99     79      0      0      0      0   9501   1875      0      0  23731  23731      0      -      -      0    880    898
    0    346     61      -    100     50      0      0      0      0   9501   1950      0      0  23731      4      0      -      -      0    941    906
    1    327     73      -    100     73      0      0      0      0   9501   1875      0      0  23731  23731      0      -      -      0    865    915
    0    342     61      -    100     38      0      0      0      0   9501   1950      0      0  23731      4      0      -      -      0    927    901
    1    325     73      -    100     18      0      0      0      0   9501   1875      0      0  23731  23731      0      -      -      0    887    898
    0    353     61      -    100     80      0      0      0      0   9501   1950      0      0  23731      4      0      -      -      0   2843   2645
    1    335     73      -     99     79      0      0      0      0   9501   1875      0      0  23731  23731      0      -      -      0    842    918
    0    332     61      -    100     46      0      0      0      0   9501   1950      0      0  23731      4      0      -      -      0    903    937
    1    315     73      -     99     80      0      0      0      0   9501   1875      0      0  23731  23731      0      -      -      0    855    924
    0    351     61      -     99     79      0      0      0      0   9501   1950      0      0  23731      4      0      -      -      0    934    896
    1    335     73      -     99     79      0      0      0      0   9501   1875      0      0  23731  23731      0      -      -      0    887    897
    0    353     61      -     99     80      0      0      0      0   9501   1950      0      0  23731      4      0      -      -      0    958    888
    1    336     73      -     99     79      0      0      0      0   9501   1875      0      0  23731  23731      0      -      -      0    854    935
    0    338     61      -     99     79      0      0      0      0   9501   1950      0      0  23731      4      0      -      -      0    916    902
    1    324     73      -     99     79      0      0      0      0   9501   1875      0      0  23731  23731      0      -      -      0    861    930
    0    348     61      -     99     80      0      0      0      0   9501   1950      0      0  23731      4      0      -      -      0    910    901
    1    330     73      -     99     80      0      0      0      0   9501   1875      0      0  23731  23731      0      -      -      0    886    897
    0    352     61      -     99     79      0      0      0      0   9501   1950      0      0  23731      4      0      -      -      0    889    930
    1    335     73      -     99     79      0      0      0      0   9501   1875      0      0  23731  23731      0      -      -      0    861    923
    0    353     61      -     99     80      0      0      0      0   9501   1950      0      0  23731      4      0      -      -      0    937    901
    1    336     73      -     99     80      0      0      0      0   9501   1875      0      0  23731  23731      0      -      -      0    875    891
# gpu    pwr  gtemp  mtemp     sm    mem    enc    dec    jpg    ofa   mclk   pclk  pviol  tviol     fb   bar1   ccpm  sbecc  dbecc    pci  rxpci  txpci
# Idx      W      C      C      %      %      %      %      %      %    MHz    MHz      %   bool     MB     MB     MB   errs   errs   errs   MB/s   MB/s
    0    354     61      -     99     80      0      0      0      0   9501   1950      0      0  23731      4      0      -      -      0    937    911
    1    336     73      -     99     80      0      0      0      0   9501   1875      0      0  23731  23731      0      -      -      0    893    898
    0    350     61      -    100     23      0      0      0      0   9501   1950      0      0  23731      4      0      -      -      0    951    899
    1    326     73      -    100     63      0      0      0      0   9501   1875      0      0  23731  23731      0      -      -      0    884    893
    0    360     61      -     99     79      0      0      0      0   9501   1950      0      0  23731      4      0      -      -      0    867    918
    1    333     73      -     99     80      0      0      0      0   9501   1875      0      0  23731  23731      0      -      -      0    860    930
    0    345     61      -     99     79      0      0      0      0   9501   1950      0      0  23731      4      0      -      -      0    893    926
    1    328     73      -     99     79      0      0      0      0   9501   1875      0      0  23731  23731      0      -      -      0    879    898
    0    353     61      -     99     80      0      0      0      0   9501   1950      0      0  23731      4      0      -      -      0    920    900
    1    336     73      -     99     80      0      0      0      0   9501   1875      0      0  23731  23731      0      -      -      0    880    897
    0    342     60      -     99     80      0      0      0      0   9501   1950      0      0  23731      4      0      -      -      0    903    921
    1    325     73      -     99     80      0      0      0      0   9501   1875      0      0  23731  23731      0      -      -      0    854    923
    0    358     60      -     99     79      0      0      0      0   9501   1950      0      0  23731      4      0      -      -      0    945    897
    1    336     73      -     99     79      0      0      0      0   9501   1875      0      0  23731  23731      0      -      -      0    842    890
    0    358     61      -     99     79      0      0      0      0   9501   1950      0      0  23731      4      0      -      -      0   3035   3354
    1    336     73      -     99     80      0      0      0      0   9501   1875      0      0  23731  23731      0      -      -      0   3013   3259
    0    347     61      -    100     80      0      0      0      0   9501   1950      0      0  23731      4      0      -      -      0   3132   3562
    1    320     73      -    100     80      0      0      0      0   9501   1875      0      0  23731  23731      0      -      -      0   2994    882
    0    338     60      -    100     14      0      0      0      0   9501   1950      0      0  23731      4      0      -      -      0    888   1257
    1    318     73      -     99     59      0      0      0      0   9501   1875      0      0  23731  23731      0      -      -      0   2222   2404
    0    328     60      -     99     79      0      0      0      0   9501   1950      0      0  23731      4      0      -      -      0    943    913
    1    311     73      -     99     79      0      0      0      0   9501   1875      0      0  23731  23731      0      -      -      0    867    929
    0    350     60      -     99     79      0      0      0      0   9501   1950      0      0  23731      4      0      -      -      0    921    941
    1    334     73      -     99     79      0      0      0      0   9501   1875      0      0  23731  23731      0      -      -      0    894    912
    0    353     60      -     99     80      0      0      0      0   9501   1950      0      0  23731      4      0      -      -      0    956    909
    1    336     73      -     99     80      0      0      0      0   9501   1875      0      0  23731  23731      0      -      -      0    863    940
    0    351     60      -     99     79      0      0      0      0   9501   1950      0      0  23731      4      0      -      -      0    894    926
    1    335     73      -     99     79      0      0      0      0   9501   1875      0      0  23731  23731      0      -      -      0    874    906
    0    351     60      -     99     80      0      0      0      0   9501   1950      0      0  23731      4      0      -      -      0    905    892
    1    336     73      -     99     79      0      0      0      0   9501   1875      0      0  23731  23731      0      -      -      0    880    890
    0    341     60      -     99     79      0      0      0      0   9501   1950      0      0  23731      4      0      -      -      0    918    909
    1    325     73      -     99     79      0      0      0      0   9501   1875      0      0  23731  23731      0      -      -      0    889    905
    0    339     60      -    100     80      0      0      0      0   9501   1950      0      0  23731      4      0      -      -      0    905    926
    1    323     73      -    100     80      0      0      0      0   9501   1875      0      0  23731  23731      0      -      -      0    854    947
    0    339     61      -    100     43      0      0      0      0   9501   1950      0      0  23731      4      0      -      -      0    886    893
    1    323     73      -    100     43      0      0      0      0   9501   1875      0      0  23731  23731      0      -      -      0    887    898
    0    348     61      -     99     74      0      0      0      0   9501   1950      0      0  23731      4      0      -      -      0    936    910
    1    332     73      -     99     76      0      0      0      0   9501   1875      0      0  23731  23731      0      -      -      0   2338   2526
    0    340     61      -     99     79      0      0      0      0   9501   1950      0      0  23731      4      0      -      -      0   1179    894
    1    324     73      -     99     79      0      0      0      0   9501   1875      0      0  23731  23731      0      -      -      0    855   2054
    0    339     61      -    100     33      0      0      0      0   9501   1950      0      0  23731      4      0      -      -      0    928    923
    1    323     73      -    100     35      0      0      0      0   9501   1875      0      0  23731  23731      0      -      -      0    890    912
    0    345     61      -     99     79      0      0      0      0   9501   1950      0      0  23731      4      0      -      -      0    927    909
    1    328     73      -     99     79      0      0      0      0   9501   1875      0      0  23731  23731      0      -      -      0    886    897
# gpu    pwr  gtemp  mtemp     sm    mem    enc    dec    jpg    ofa   mclk   pclk  pviol  tviol     fb   bar1   ccpm  sbecc  dbecc    pci  rxpci  txpci
# Idx      W      C      C      %      %      %      %      %      %    MHz    MHz      %   bool     MB     MB     MB   errs   errs   errs   MB/s   MB/s
    0    352     61      -    100     79      0      0      0      0   9501   1950      0      0  23731      4      0      -      -      0    924    920
    1    335     73      -    100     80      0      0      0      0   9501   1875      0      0  23731  23731      0      -      -      0    853    923
    0    353     61      -     99     79      0      0      0      0   9501   1950      0      0  23731      4      0      -      -      0   3070   3379
    1    336     73      -     99     79      0      0      0      0   9501   1875      0      0  23731  23731      0      -      -      0   3031   3280
    0    335     61      -     99     79      0      0      0      0   9501   1950      0      0  23731      4      0      -      -      0    914    957
    1    316     73      -     99     79      0      0      0      0   9501   1875      0      0  23731  23731      0      -      -      0    892    898
    0    354     61      -     99     79      0      0      0      0   9501   1950      0      0  23731      4      0      -      -      0   1878    911
    1    335     73      -     99     79      0      0      0      0   9501   1875      0      0  23731  23731      0      -      -      0    863   1515
    0    346     61      -    100     44      0      0      0      0   9501   1950      0      0  23731      4      0      -      -      0    905    906
    1    329     73      -    100     44      0      0      0      0   9501   1875      0      0  23731  23731      0      -      -      0    892    905
    0    353     61      -     99     79      0      0      0      0   9501   1950      0      0  23731      4      0      -      -      0    933    931
    1    335     73      -     99     79      0      0      0      0   9501   1875      0      0  23731  23731      0      -      -      0    855    923
    0    338     61      -    100     17      0      0      0      0   9501   1950      0      0  23731      4      0      -      -      0   2567   2098
    1    319     73      -    100     17      0      0      0      0   9501   1875      0      0  23731  23731      0      -      -      0    888    904
    0    348     61      -     99     80      0      0      0      0   9501   1950      0      0  23731      4      0      -      -      0    923    901
    1    327     73      -     99     80      0      0      0      0   9501   1875      0      0  23731  23731      0      -      -      0    890    898
    0    349     61      -    100     18      0      0      0      0   9501   1950      0      0  23731      4      0      -      -      0    939    904
    1    329     72      -    100     18      0      0      0      0   9501   1875      0      0  23731  23731      0      -      -      0    851    914
    0    344     61      -     99     79      0      0      0      0   9501   1950      0      0  23731      4      0      -      -      0    900    927
    1    327     73      -     99     79      0      0      0      0   9501   1875      0      0  23731  23731      0      -      -      0    886    898
    0    344     61      -    100     17      0      0      0      0   9501   1950      0      0  23731      4      0      -      -      0    898    881
    1    327     73      -    100     17      0      0      0      0   9501   1875      0      0  23731  23731      0      -      -      0    860    931
    0    357     61      -     99     79      0      0      0      0   9501   1950      0      0  23731      4      0      -      -      0    899    897
    1    335     73      -     99     79      0      0      0      0   9501   1875      0      0  23731  23731      0      -      -      0    881    897
    0    357     61      -     99     79      0      0      0      0   9501   1950      0      0  23731      4      0      -      -      0   3105   3357
    1    336     73      -     99     79      0      0      0      0   9501   1875      0      0  23731  23731      0      -      -      0   3160   3008
    0    349     61      -    100     36      0      0      0      0   9501   1950      0      0  23731      4      0      -      -      0    923    895
    1    325     73      -    100     36      0      0      0      0   9501   1875      0      0  23731  23731      0      -      -      0    853    908
    0    357     61      -     99     79      0      0      0      0   9501   1950      0      0  23731      4      0      -      -      0    943    886
    1    335     73      -     99     79      0      0      0      0   9501   1875      0      0  23731  23731      0      -      -      0    876    890
    0    339     61      -    100     79      0      0      0      0   9501   1950      0      0  23731      4      0      -      -      0    906    949
    1    321     73      -    100     80      0      0      0      0   9501   1875      0      0  23731  23731      0      -      -      0    888    905
    0    353     61      -     99     80      0      0      0      0   9501   1950      0      0  23731      4      0      -      -      0    882    933
    1    327     73      -     99     80      0      0      0      0   9501   1875      0      0  23731  23731      0      -      -      0    874    938
    0    353     61      -    100     79      0      0      0      0   9501   1950      0      0  23731      4      0      -      -      0    891    938
    1    335     73      -    100     79      0      0      0      0   9501   1875      0      0  23731  23731      0      -      -      0    860    919
    0    343     60      -     99     80      0      0      0      0   9501   1950      0      0  23731      4      0      -      -      0   2324   2471
    1    326     73      -     99     80      0      0      0      0   9501   1875      0      0  23731  23731      0      -      -      0   2046    908
    0    341     60      -     99     80      0      0      0      0   9501   1950      0      0  23731      4      0      -      -      0    957    952
    1    324     73      -     99     80      0      0      0      0   9501   1875      0      0  23731  23731      0      -      -      0    866    930
    0    352     60      -     99     79      0      0      0      0   9501   1950      0      0  23731      4      0      -      -      0    920    909
    1    335     73      -     99     79      0      0      0      0   9501   1875      0      0  23731  23731      0      -      -      0    886    905
    0    345     60      -     99     80      0      0      0      0   9501   1950      0      0  23731      4      0      -      -      0    919   1697
    1    330     73      -     99     80      0      0      0      0   9501   1875      0      0  23731  23731      0      -      -      0   2338   2530
# gpu    pwr  gtemp  mtemp     sm    mem    enc    dec    jpg    ofa   mclk   pclk  pviol  tviol     fb   bar1   ccpm  sbecc  dbecc    pci  rxpci  txpci
# Idx      W      C      C      %      %      %      %      %      %    MHz    MHz      %   bool     MB     MB     MB   errs   errs   errs   MB/s   MB/s
    0    342     60      -     99     79      0      0      0      0   9501   1950      0      0  23731      4      0      -      -      0    930    901
    1    326     73      -     99     79      0      0      0      0   9501   1875      0      0  23731  23731      0      -      -      0    885    898
    0    352     61      -     99     80      0      0      0      0   9501   1950      0      0  23731      4      0      -      -      0   3091   3341
    1    336     73      -     99     80      0      0      0      0   9501   1875      0      0  23731  23731      0      -      -      0   3085   3256
    0    343     61      -    100     52      0      0      0      0   9501   1950      0      0  23731      4      0      -      -      0    934    894
    1    325     73      -    100     54      0      0      0      0   9501   1875      0      0  23731  23731      0      -      -      0    879    890
    0    352     61      -    100     79      0      0      0      0   9501   1950      0      0  23731      4      0      -      -      0    918    893
    1    335     73      -    100     79      0      0      0      0   9501   1875      0      0  23731  23731      0      -      -      0    880    898
    0    340     61      -    100     36      0      0      0      0   9501   1950      0      0  23731      4      0      -      -      0   1726   2714
    1    326     73      -     99     80      0      0      0      0   9501   1875      0      0  23731  23731      0      -      -      0   2512   1753
    0    344     61      -    100     21      0      0      0      0   9501   1950      0      0  23731      4      0      -      -      0   2644   2741
    1    324     73      -    100     20      0      0      0      0   9501   1875      0      0  23731  23731      0      -      -      0   1368    899
    0    347     61      -    100     79      0      0      0      0   9501   1950      0      0  23731      4      0      -      -      0    896    928
    1    328     73      -    100     79      0      0      0      0   9501   1875      0      0  23731  23731      0      -      -      0    857    919
    0    354     62      -     99     79      0      0      0      0   9501   1950      0      0  23731      4      0      -      -      0   2220   3297
    1    335     73      -     99     79      0      0      0      0   9501   1875      0      0  23731  23731      0      -      -      0   3128   3341
    0    333     61      -     99     79      0      0      0      0   9501   1950      0      0  23731      4      0      -      -      0    893    910
    1    313     73      -     99     79      0      0      0      0   9501   1875      0      0  23731  23731      0      -      -      0    893    905
    0    354     61      -     99     80      0      0      0      0   9501   1950      0      0  23731      4      0      -      -      0    874    896
    1    335     73      -     99     80      0      0      0      0   9501   1875      0      0  23731  23731      0      -      -      0    885    897
    0    347     61      -     99     79      0      0      0      0   9501   1950      0      0  23731      4      0      -      -      0    945    908
    1    328     73      -     99     79      0      0      0      0   9501   1875      0      0  23731  23731      0      -      -      0    914    890
    0    355     61      -     99     79      0      0      0      0   9501   1950      0      0  23731      4      0      -      -      0    909    920
    1    335     73      -     99     79      0      0      0      0   9501   1875      0      0  23731  23731      0      -      -      0    883    893
    0    354     61      -    100     80      0      0      0      0   9501   1950      0      0  23731      4      0      -      -      0    922    895
    1    336     73      -    100     80      0      0      0      0   9501   1875      0      0  23731  23731      0      -      -      0    864    876
    0    358     61      -    100     79      0      0      0      0   9501   1950      0      0  23731      4      0      -      -      0    895    920
    1    336     73      -     99     79      0      0      0      0   9501   1875      0      0  23731  23731      0      -      -      0    875    891
    0    367     61      -     99     79      0      0      0      0   9501   1950      0      0  23731      4      0      -      -      0    933    894
    1    335     73      -     99     79      0      0      0      0   9501   1875      0      0  23731  23731      0      -      -      0    846    883
    0    350     61      -    100     18      0      0      0      0   9501   1950      0      0  23731      4      0      -      -      0   3211   3473
    1    323     73      -    100     18      0      0      0      0   9501   1875      0      0  23731  23731      0      -      -      0   3595   3627
    0    344     61      -    100     38      0      0      0      0   9501   1950      0      0  23731      4      0      -      -      0    912    925
    1    321     72      -    100     40      0      0      0      0   9501   1875      0      0  23731  23731      0      -      -      0    857    915
    0    339     61      -     99     80      0      0      0      0   9501   1950      0      0  23731      4      0      -      -      0   3031   3467
    1    318     73      -     99     80      0      0      0      0   9501   1875      0      0  23731  23731      0      -      -      0   2806   3156
    0    342     61      -    100     80      0      0      0      0   9501   1950      0      0  23731      4      0      -      -      0   3100   3348
    1    326     73      -    100     80      0      0      0      0   9501   1875      0      0  23731  23731      0      -      -      0   2436    898
    0    339     60      -     99     79      0      0      0      0   9501   1950      0      0  23731      4      0      -      -      0    928    917
    1    322     73      -     99     79      0      0      0      0   9501   1875      0      0  23731  23731      0      -      -      0    900    913
    0    351     60      -    100     80      0      0      0      0   9501   1950      0      0  23731      4      0      -      -      0    929    942
    1    336     73      -    100     80      0      0      0      0   9501   1875      0      0  23731  23731      0      -      -      0    874    931
    0    351     60      -    100     80      0      0      0      0   9501   1950      0      0  23731      4      0      -      -      0    929    894
    1    336     73      -     99     80      0      0      0      0   9501   1875      0      0  23731  23731      0      -      -      0    860    927
# gpu    pwr  gtemp  mtemp     sm    mem    enc    dec    jpg    ofa   mclk   pclk  pviol  tviol     fb   bar1   ccpm  sbecc  dbecc    pci  rxpci  txpci
# Idx      W      C      C      %      %      %      %      %      %    MHz    MHz      %   bool     MB     MB     MB   errs   errs   errs   MB/s   MB/s
    0    351     60      -     99     79      0      0      0      0   9501   1950      0      0  23731      4      0      -      -      0    888    935
    1    336     73      -     99     80      0      0      0      0   9501   1875      0      0  23731  23731      0      -      -      0    850    891
    0    351     60      -     99     79      0      0      0      0   9501   1950      0      0  23731      4      0      -      -      0    903    888
    1    335     73      -     99     79      0      0      0      0   9501   1875      0      0  23731  23731      0      -      -      0    853    908
    0    351     60      -    100     79      0      0      0      0   9501   1950      0      0  23731      4      0      -      -      0    882    914
    1    335     73      -     99     79      0      0      0      0   9501   1875      0      0  23731  23731      0      -      -      0    854   3038
    0    340     60      -     99     80      0      0      0      0   9501   1950      0      0  23731      4      0      -      -      0    892    912
    1    321     73      -     99     79      0      0      0      0   9501   1875      0      0  23731  23731      0      -      -      0    853    901
    0    343     61      -     99     79      0      0      0      0   9501   1950      0      0  23731      4      0      -      -      0   3092   1546
    1    325     73      -     99     79      0      0      0      0   9501   1875      0      0  23731  23731      0      -      -      0    843    909
    0    344     61      -     99     80      0      0      0      0   9501   1950      0      0  23731      4      0      -      -      0    902    920
    1    325     73      -     99     80      0      0      0      0   9501   1875      0      0  23731  23731      0      -      -      0    870   2755
    0    340     61      -    100     21      0      0      0      0   9501   1950      0      0  23731      4      0      -      -      0   3105   3356
    1    322     73      -    100     20      0      0      0      0   9501   1875      0      0  23731  23731      0      -      -      0   2937   3210
    0    334     61      -     99     64      0      0      0      0   9501   1950      0      0  23731      4      0      -      -      0    923    942
    1    315     73      -     99     66      0      0      0      0   9501   1875      0      0  23731  23731      0      -      -      0    902    913
    0    342     61      -     99     79      0      0      0      0   9501   1950      0      0  23731      4      0      -      -      0    936    920
    1    324     73      -     99     79      0      0      0      0   9501   1875      0      0  23731  23731      0      -      -      0    888    905
    0    350     61      -     99     79      0      0      0      0   9501   1950      0      0  23731      4      0      -      -      0    911    933
    1    332     73      -     99     79      0      0      0      0   9501   1875      0      0  23731  23731      0      -      -      0    874    930
    0    352     61      -     99     79      0      0      0      0   9501   1950      0      0  23731      4      0      -      -      0    898    933
    1    335     73      -     99     79      0      0      0      0   9501   1875      0      0  23731  23731      0      -      -      0    888    906
    0    352     61      -     99     79      0      0      0      0   9501   1950      0      0  23731      4      0      -      -      0    876    927
    1    335     73      -     99     79      0      0      0      0   9501   1875      0      0  23731  23731      0      -      -      0    860    923
    0    352     61      -     99     80      0      0      0      0   9501   1950      0      0  23731      4      0      -      -      0    889    921
    1    336     73      -     99     80      0      0      0      0   9501   1875      0      0  23731  23731      0      -      -      0    853    915
    0    345     61      -     99     79      0      0      0      0   9501   1950      0      0  23731      4      0      -      -      0    925    897
    1    328     73      -     99     79      0      0      0      0   9501   1875      0      0  23731  23731      0      -      -      0    847    883
    0    354     61      -     99     79      0      0      0      0   9501   1950      0      0  23731      4      0      -      -      0    898    921
    1    334     73      -     99     79      0      0      0      0   9501   1875      0      0  23731  23731      0      -      -      0    848    938
    0    339     61      -    100     17      0      0      0      0   9501   1950      0      0  23731      4      0      -      -      0   1152    901
    1    318     73      -    100     17      0      0      0      0   9501   1875      0      0  23731  23731      0      -      -      0    893    898
    0    335     61      -    100     49      0      0      0      0   9501   1950      0      0  23731      4      0      -      -      0   3007   3249
    1    320     73      -    100     51      0      0      0      0   9501   1875      0      0  23731  23731      0      -      -      0   1409    898
    0    342     61      -     99     79      0      0      0      0   9501   1950      0      0  23731      4      0      -      -      0   2925   3300
    1    325     73      -     99     79      0      0      0      0   9501   1875      0      0  23731  23731      0      -      -      0   2992   1375
    0    343     61      -     99     80      0      0      0      0   9501   1950      0      0  23731      4      0      -      -      0    893    917
    1    326     73      -     99     80      0      0      0      0   9501   1875      0      0  23731  23731      0      -      -      0    885    897
    0    352     61      -     99     79      0      0      0      0   9501   1950      0      0  23731      4      0      -      -      0    913    904
    1    335     73      -     99     79      0      0      0      0   9501   1875      0      0  23731  23731      0      -      -      0    860    923
    0    343     61      -    100     46      0      0      0      0   9501   1950      0      0  23731      4      0      -      -      0    921    909
    1    326     73      -    100     44      0      0      0      0   9501   1875      0      0  23731  23731      0      -      -      0   1889   3324
    0    342     61      -    100     64      0      0      0      0   9501   1950      0      0  23731      4      0      -      -      0    911    940
    1    323     73      -    100     64      0      0      0      0   9501   1875      0      0  23731  23731      0      -      -      0    867    938
# gpu    pwr  gtemp  mtemp     sm    mem    enc    dec    jpg    ofa   mclk   pclk  pviol  tviol     fb   bar1   ccpm  sbecc  dbecc    pci  rxpci  txpci
# Idx      W      C      C      %      %      %      %      %      %    MHz    MHz      %   bool     MB     MB     MB   errs   errs   errs   MB/s   MB/s
    0    355     61      -    100     79      0      0      0      0   9501   1950      0      0  23731      4      0      -      -      0    924    909
    1    335     73      -     99     79      0      0      0      0   9501   1875      0      0  23731  23731      0      -      -      0    860    923
    0    355     61      -    100     80      0      0      0      0   9501   1950      0      0  23731      4      0      -      -      0    905    920
    1    335     73      -     99     80      0      0      0      0   9501   1875      0      0  23731  23731      0      -      -      0    886    891
    0    360     62      -     99     80      0      0      0      0   9501   1950      0      0  23731      4      0      -      -      0    923    921
    1    336     73      -     99     80      0      0      0      0   9501   1875      0      0  23731  23731      0      -      -      0    876    891
    0    353     61      -     99     79      0      0      0      0   9501   1950      0      0  23731      4      0      -      -      0    905    920
    1    325     73      -     99     79      0      0      0      0   9501   1875      0      0  23731  23731      0      -      -      0    852    930
    0    361     61      -     99     79      0      0      0      0   9501   1950      0      0  23731      4      0      -      -      0    881   2539
    1    332     73      -     99     79      0      0      0      0   9501   1875      0      0  23731  23731      0      -      -      0   2479   2675
    0    325     61      -    100     52      0      0      0      0   9501   1950      0      0  23731      4      0      -      -      0    898   1844
    1    305     72      -    100     55      0      0      0      0   9501   1875      0      0  23731  23731      0      -      -      0   3175   3303
    0    329     61      -    100     49      0      0      0      0   9501   1950      0      0  23731      4      0      -      -      0    953    917
    1    312     73      -    100     47      0      0      0      0   9501   1875      0      0  23731  23731      0      -      -      0    874    938
    0    349     61      -     99     79      0      0      0      0   9501   1950      0      0  23731      4      0      -      -      0    903    949
    1    334     73      -     99     79      0      0      0      0   9501   1875      0      0  23731  23731      0      -      -      0    894    905
    0    341     60      -    100     80      0      0      0      0   9501   1950      0      0  23731      4      0      -      -      0    894    933
    1    325     73      -    100     35      0      0      0      0   9501   1875      0      0  23731  23731      0      -      -      0    874    930
    0    343     60      -     99     79      0      0      0      0   9501   1950      0      0  23731      4      0      -      -      0    936    916
    1    325     73      -     99     80      0      0      0      0   9501   1875      0      0  23731  23731      0      -      -      0    900    913
    0    350     60      -     99     79      0      0      0      0   9501   1950      0      0  23731      4      0      -      -      0    919    924
    1    335     73      -     99     80      0      0      0      0   9501   1875      0      0  23731  23731      0      -      -      0    867    931
    0    351     60      -     99     79      0      0      0      0   9501   1950      0      0  23731      4      0      -      -      0    926    910
    1    335     73      -     99     79      0      0      0      0   9501   1875      0      0  23731  23731      0      -      -      0    861    936
    0    351     61      -     99     80      0      0      0      0   9501   1950      0      0  23731      4      0      -      -      0    901    930
    1    333     73      -     99     79      0      0      0      0   9501   1875      0      0  23731  23731      0      -      -      0    861    923
    0    353     61      -     99     80      0      0      0      0   9501   1950      0      0  23731      4      0      -      -      0    900    941
    1    336     73      -     99     80      0      0      0      0   9501   1875      0      0  23731  23731      0      -      -      0    889    891
    0    343     61      -    100     36      0      0      0      0   9501   1950      0      0  23731      4      0      -      -      0   1791   2737
    1    322     72      -    100     18      0      0      0      0   9501   1875      0      0  23731  23731      0      -      -      0   2647   1801
    0    339     61      -    100     44      0      0      0      0   9501   1950      0      0  23731      4      0      -      -      0    918    887
    1    321     73      -     99     77      0      0      0      0   9501   1875      0      0  23731  23731      0      -      -      0    869    922
    0    352     61      -     99     79      0      0      0      0   9501   1950      0      0  23731      4      0      -      -      0    884    928
    1    335     73      -     99     79      0      0      0      0   9501   1875      0      0  23731  23731      0      -      -      0    888    891
    0    348     62      -     99     79      0      0      0      0   9501   1950      0      0  23731      4      0      -      -      0   3103   3357
    1    330     73      -     99     79      0      0      0      0   9501   1875      0      0  23731  23731      0      -      -      0   3001   3162
    0    347     61      -     99     79      0      0      0      0   9501   1950      0      0  23731      4      0      -      -      0    921    884
    1    323     73      -     99     79      0      0      0      0   9501   1875      0      0  23731  23731      0      -      -      0    846    859
    0    344     61      -     99     76      0      0      0      0   9501   1950      0      0  23731      4      0      -      -      0    898    863
    1    325     73      -     99     78      0      0      0      0   9501   1875      0      0  23731  23731      0      -      -      0    843    856
    0    349     61      -     99     79      0      0      0      0   9501   1950      0      0  23731      4      0      -      -      0    965    884
    1    332     73      -     99     78      0      0      0      0   9501   1875      0      0  23731  23731      0      -      -      0    481    486
    0    348     61      -    100     82      0      0      0      0   9501   1950      0      0  23731      4      0      -      -      0    660    503
    1    330     73      -    100     82      0      0      0      0   9501   1875      0      0  23731  23731      0      -      -      0    487    481
# gpu    pwr  gtemp  mtemp     sm    mem    enc    dec    jpg    ofa   mclk   pclk  pviol  tviol     fb   bar1   ccpm  sbecc  dbecc    pci  rxpci  txpci
# Idx      W      C      C      %      %      %      %      %      %    MHz    MHz      %   bool     MB     MB     MB   errs   errs   errs   MB/s   MB/s
    0    350     61      -    100     83      0      0      0      0   9501   1950      0      0  23731      4      0      -      -      0   3071   3591
    1    329     73      -    100     83      0      0      0      0   9501   1875      0      0  23731  23731      0      -      -      0   3327   3322
    0    353     61      -    100     26      0      0      0      0   9501   1950      0      0  23731      4      0      -      -      0    458    276
    1    332     73      -    100     63      0      0      0      0   9501   1875      0      0  23731  23731      0      -      -      0    299    264
    0    363     61      -    100     85      0      0      0      0   9501   1950      0      0  23731      4      0      -      -      0    469    273
    1    337     73      -    100     85      0      0      0      0   9501   1875      0      0  23731  23731      0      -      -      0    300    262
    0    362     61      -    100     85      0      0      0      0   9501   1950      0      0  23731      4      0      -      -      0    461    214
    1    335     73      -    100     43      0      0      0      0   9501   1875      0      0  23731  23731      0      -      -      0    162    141
