# gpu    pwr  gtemp  mtemp     sm    mem    enc    dec    jpg    ofa   mclk   pclk     fb   bar1   ccpm
# Idx      W      C      C      %      %      %      %      %      %    MHz    MHz     MB     MB     MB
    0     27     49      -      0      0      0      0      0      0    405    210  23289      4      0
    1     12     56      -      0      0      0      0      0      0    405    210  23289  23289      0
    0     68     53      -      0      0      0      0      0      0   9501   1950  23289      4      0
    1     58     60      -      0      0      0      0      0      0   9501   1905  23289  23289      0
    0    332     59      -    100     88      0      0      0      0   9501   1965  23289      4      0
    1    306     64      -    100     88      0      0      0      0   9501   1890  23289  23289      0
    0    362     60      -    100     89      0      0      0      0   9501   1965  23289      4      0
    1    331     65      -    100     88      0      0      0      0   9501   1890  23289  23289      0
    0    364     60      -    100     88      0      0      0      0   9501   1965  23289      4      0
    1    332     65      -    100     88      0      0      0      0   9501   1890  23289  23289      0
    0    365     60      -    100     89      0      0      0      0   9501   1965  23289      4      0
    1    333     66      -    100     89      0      0      0      0   9501   1890  23289  23289      0
    0    365     60      -    100     88      0      0      0      0   9501   1965  23289      4      0
    1    333     66      -    100     89      0      0      0      0   9501   1890  23289  23289      0
    0    366     60      -    100     89      0      0      0      0   9501   1965  23289      4      0
    1    334     66      -    100     89      0      0      0      0   9501   1890  23289  23289      0
    0    367     60      -    100     89      0      0      0      0   9501   1965  23289      4      0
    1    335     67      -    100     89      0      0      0      0   9501   1890  23289  23289      0
    0    367     61      -    100     89      0      0      0      0   9501   1965  23289      4      0
    1    335     67      -    100     88      0      0      0      0   9501   1890  23289  23289      0
    0    361     60      -    100     19      0      0      0      0   9501   1965  23289      4      0
    1    335     67      -    100     88      0      0      0      0   9501   1890  23289  23289      0
    0    323     61      -    100     18      0      0      0      0   9501   1965  23289      4      0
    1    310     67      -    100     19      0      0      0      0   9501   1890  23289  23289      0
    0    360     61      -    100     88      0      0      0      0   9501   1965  23289      4      0
    1    333     68      -    100     88      0      0      0      0   9501   1890  23289  23289      0
    0    367     61      -    100     88      0      0      0      0   9501   1965  23289      4      0
    1    340     68      -    100     88      0      0      0      0   9501   1890  23289  23289      0
    0    367     61      -    100     89      0      0      0      0   9501   1965  23289      4      0
    1    341     68      -    100     89      0      0      0      0   9501   1890  23289  23289      0
    0    368     62      -    100     88      0      0      0      0   9501   1965  23289      4      0
    1    341     69      -    100     89      0      0      0      0   9501   1890  23289  23289      0
    0    352     62      -    100     19      0      0      0      0   9501   1965  23289      4      0
    1    325     68      -    100     19      0      0      0      0   9501   1890  23289  23289      0
    0    354     62      -    100     88      0      0      0      0   9501   1965  23289      4      0
    1    328     69      -    100     88      0      0      0      0   9501   1890  23289  23289      0
    0    367     62      -    100     88      0      0      0      0   9501   1965  23289      4      0
    1    341     69      -    100     88      0      0      0      0   9501   1890  23289  23289      0
    0    368     62      -    100     89      0      0      0      0   9501   1965  23289      4      0
    1    341     69      -    100     88      0      0      0      0   9501   1890  23289  23289      0
    0    369     63      -    100     88      0      0      0      0   9501   1965  23289      4      0
    1    342     69      -    100     89      0      0      0      0   9501   1890  23289  23289      0
    0    369     63      -    100     89      0      0      0      0   9501   1965  23289      4      0
    1    342     70      -    100     89      0      0      0      0   9501   1890  23289  23289      0
# gpu    pwr  gtemp  mtemp     sm    mem    enc    dec    jpg    ofa   mclk   pclk     fb   bar1   ccpm
# Idx      W      C      C      %      %      %      %      %      %    MHz    MHz     MB     MB     MB
    0    370     63      -    100     89      0      0      0      0   9501   1965  23289      4      0
    1    343     70      -    100     89      0      0      0      0   9501   1890  23289  23289      0
    0    370     63      -    100     89      0      0      0      0   9501   1965  23289      4      0
    1    343     70      -    100     89      0      0      0      0   9501   1890  23289  23289      0
    0    374     64      -    100     89      0      0      0      0   9501   1965  23289      4      0
    1    344     70      -    100     89      0      0      0      0   9501   1890  23289  23289      0
    0    370     64      -    100     88      0      0      0      0   9501   1965  23289      4      0
    1    343     70      -    100     88      0      0      0      0   9501   1890  23289  23289      0
    0    337     64      -    100     18      0      0      0      0   9501   1965  23289      4      0
    1    310     70      -    100     18      0      0      0      0   9501   1890  23289  23289      0
    0    357     64      -    100     88      0      0      0      0   9501   1965  23289      4      0
    1    330     70      -    100     88      0      0      0      0   9501   1890  23289  23289      0
    0    371     64      -    100     88      0      0      0      0   9501   1965  23289      4      0
    1    344     71      -    100     89      0      0      0      0   9501   1890  23289  23289      0
    0    372     64      -    100     89      0      0      0      0   9501   1965  23289      4      0
    1    344     71      -    100     89      0      0      0      0   9501   1890  23289  23289      0
    0    373     64      -    100     89      0      0      0      0   9501   1965  23289      4      0
    1    345     71      -    100     89      0      0      0      0   9501   1890  23289  23289      0
    0    366     64      -    100     35      0      0      0      0   9501   1965  23289      4      0
    1    338     71      -    100     32      0      0      0      0   9501   1890  23289  23289      0
    0    352     64      -    100     88      0      0      0      0   9501   1965  23289      4      0
    1    324     71      -    100     88      0      0      0      0   9501   1890  23289  23289      0
    0    372     64      -    100     88      0      0      0      0   9501   1965  23289      4      0
    1    343     71      -    100     88      0      0      0      0   9501   1890  23289  23289      0
    0    372     64      -    100     88      0      0      0      0   9501   1965  23289      4      0
    1    344     71      -    100     88      0      0      0      0   9501   1890  23289  23289      0
    0    373     64      -    100     89      0      0      0      0   9501   1965  23289      4      0
    1    345     71      -    100     89      0      0      0      0   9501   1890  23289  23289      0
    0    373     64      -    100     89      0      0      0      0   9501   1965  23289      4      0
    1    345     72      -    100     88      0      0      0      0   9501   1890  23289  23289      0
    0    373     64      -    100     88      0      0      0      0   9501   1965  23289      4      0
    1    345     71      -    100     89      0      0      0      0   9501   1890  23289  23289      0
    0    373     64      -    100     89      0      0      0      0   9501   1965  23289      4      0
    1    346     72      -    100     89      0      0      0      0   9501   1890  23289  23289      0
    0    374     64      -    100     89      0      0      0      0   9501   1965  23289      4      0
    1    346     72      -    100     89      0      0      0      0   9501   1890  23289  23289      0
    0    373     64      -    100     88      0      0      0      0   9501   1965  23289      4      0
    1    345     72      -    100     88      0      0      0      0   9501   1890  23289  23289      0
    0    351     64      -    100     17      0      0      0      0   9501   1965  23289      4      0
    1    321     72      -    100     17      0      0      0      0   9501   1890  23289  23289      0
    0    351     64      -    100     88      0      0      0      0   9501   1965  23289      4      0
    1    327     72      -    100     88      0      0      0      0   9501   1890  23289  23289      0
    0    372     64      -    100     88      0      0      0      0   9501   1965  23289      4      0
    1    346     72      -    100     88      0      0      0      0   9501   1890  23289  23289      0
# gpu    pwr  gtemp  mtemp     sm    mem    enc    dec    jpg    ofa   mclk   pclk     fb   bar1   ccpm
# Idx      W      C      C      %      %      %      %      %      %    MHz    MHz     MB     MB     MB
    0    373     64      -    100     89      0      0      0      0   9501   1965  23289      4      0
    1    346     72      -    100     89      0      0      0      0   9501   1890  23289  23289      0
    0    373     64      -    100     88      0      0      0      0   9501   1965  23289      4      0
    1    346     72      -    100     89      0      0      0      0   9501   1890  23289  23289      0
    0    373     64      -    100     89      0      0      0      0   9501   1965  23289      4      0
    1    347     72      -    100     89      0      0      0      0   9501   1890  23289  23289      0
    0    348     64      -    100     88      0      0      0      0   9501   1965  23289      4      0
    1    322     72      -    100     88      0      0      0      0   9501   1890  23289  23289      0
    0    372     64      -    100     88      0      0      0      0   9501   1965  23289      4      0
    1    345     72      -    100     88      0      0      0      0   9501   1890  23289  23289      0
    0    372     64      -    100     89      0      0      0      0   9501   1965  23289      4      0
    1    346     72      -    100     89      0      0      0      0   9501   1890  23289  23289      0
    0    372     64      -    100     88      0      0      0      0   9501   1965  23289      4      0
    1    345     72      -    100     88      0      0      0      0   9501   1875  23289  23289      0
    0    373     64      -    100     88      0      0      0      0   9501   1965  23289      4      0
    1    345     72      -    100     88      0      0      0      0   9501   1875  23289  23289      0
    0    373     64      -    100     88      0      0      0      0   9501   1965  23289      4      0
    1    345     73      -    100     89      0      0      0      0   9501   1875  23289  23289      0
    0    373     64      -    100     89      0      0      0      0   9501   1965  23289      4      0
    1    345     72      -    100     89      0      0      0      0   9501   1875  23289  23289      0
    0    373     64      -    100     89      0      0      0      0   9501   1965  23289      4      0
    1    346     73      -    100     88      0      0      0      0   9501   1875  23289  23289      0
    0    373     63      -    100     88      0      0      0      0   9501   1965  23289      4      0
    1    345     73      -    100     88      0      0      0      0   9501   1875  23289  23289      0
    0    362     64      -    100     18      0      0      0      0   9501   1965  23289      4      0
    1    332     73      -    100     30      0      0      0      0   9501   1875  23289  23289      0
    0    339     64      -    100     88      0      0      0      0   9501   1965  23289      4      0
    1    316     73      -    100     88      0      0      0      0   9501   1875  23289  23289      0
    0    371     63      -    100     88      0      0      0      0   9501   1965  23289      4      0
    1    344     73      -    100     88      0      0      0      0   9501   1875  23289  23289      0
    0    372     63      -    100     88      0      0      0      0   9501   1965  23289      4      0
    1    345     73      -    100     88      0      0      0      0   9501   1875  23289  23289      0
    0    372     63      -    100     88      0      0      0      0   9501   1965  23289      4      0
    1    345     73      -    100     88      0      0      0      0   9501   1875  23289  23289      0
    0    373     63      -    100     89      0      0      0      0   9501   1965  23289      4      0
    1    346     73      -    100     89      0      0      0      0   9501   1875  23289  23289      0
    0    350     63      -    100     19      0      0      0      0   9501   1965  23289      4      0
    1    319     73      -    100     22      0      0      0      0   9501   1875  23289  23289      0
    0    362     63      -    100     88      0      0      0      0   9501   1965  23289      4      0
    1    340     73      -    100     88      0      0      0      0   9501   1875  23289  23289      0
    0    371     63      -    100     88      0      0      0      0   9501   1965  23289      4      0
    1    344     73      -    100     88      0      0      0      0   9501   1875  23289  23289      0
    0    372     63      -    100     88      0      0      0      0   9501   1965  23289      4      0
    1    345     73      -    100     88      0      0      0      0   9501   1875  23289  23289      0
# gpu    pwr  gtemp  mtemp     sm    mem    enc    dec    jpg    ofa   mclk   pclk     fb   bar1   ccpm
# Idx      W      C      C      %      %      %      %      %      %    MHz    MHz     MB     MB     MB
    0    372     63      -    100     89      0      0      0      0   9501   1965  23289      4      0
    1    345     73      -    100     88      0      0      0      0   9501   1875  23289  23289      0
    0    372     63      -    100     89      0      0      0      0   9501   1965  23289      4      0
    1    345     73      -    100     89      0      0      0      0   9501   1875  23289  23289      0
    0    373     63      -    100     88      0      0      0      0   9501   1965  23289      4      0
    1    346     73      -    100     89      0      0      0      0   9501   1875  23289  23289      0
    0    373     63      -    100     88      0      0      0      0   9501   1965  23289      4      0
    1    346     73      -    100     89      0      0      0      0   9501   1875  23289  23289      0
    0    373     63      -    100     88      0      0      0      0   9501   1965  23289      4      0
    1    346     73      -    100     89      0      0      0      0   9501   1875  23289  23289      0
    0    372     63      -    100     88      0      0      0      0   9501   1965  23289      4      0
    1    345     73      -    100     88      0      0      0      0   9501   1875  23289  23289      0
    0    342     63      -    100     18      0      0      0      0   9501   1965  23289      4      0
    1    314     73      -    100     17      0      0      0      0   9501   1875  23289  23289      0
    0    371     63      -    100     88      0      0      0      0   9501   1965  23289      4      0
    1    336     73      -    100     88      0      0      0      0   9501   1875  23289  23289      0
    0    372     63      -    100     88      0      0      0      0   9501   1965  23289      4      0
    1    346     73      -    100     88      0      0      0      0   9501   1875  23289  23289      0
    0    373     63      -    100     88      0      0      0      0   9501   1965  23289      4      0
    1    346     73      -    100     88      0      0      0      0   9501   1875  23289  23289      0
    0    373     63      -    100     88      0      0      0      0   9501   1965  23289      4      0
    1    346     73      -    100     89      0      0      0      0   9501   1875  23289  23289      0
    0    345     63      -    100     19      0      0      0      0   9501   1965  23289      4      0
    1    319     73      -    100     34      0      0      0      0   9501   1875  23289  23289      0
    0    370     63      -    100     88      0      0      0      0   9501   1965  23289      4      0
    1    344     73      -    100     88      0      0      0      0   9501   1875  23289  23289      0
    0    371     63      -    100     88      0      0      0      0   9501   1965  23289      4      0
    1    345     73      -    100     88      0      0      0      0   9501   1875  23289  23289      0
    0    372     63      -    100     88      0      0      0      0   9501   1965  23289      4      0
    1    346     73      -    100     88      0      0      0      0   9501   1875  23289  23289      0
    0    372     63      -    100     89      0      0      0      0   9501   1965  23289      4      0
    1    346     73      -    100     89      0      0      0      0   9501   1875  23289  23289      0
    0    372     63      -    100     89      0      0      0      0   9501   1965  23289      4      0
    1    346     73      -    100     88      0      0      0      0   9501   1875  23289  23289      0
    0    373     63      -    100     89      0      0      0      0   9501   1965  23289      4      0
    1    346     73      -    100     89      0      0      0      0   9501   1875  23289  23289      0
    0    373     63      -    100     89      0      0      0      0   9501   1965  23289      4      0
    1    347     73      -    100     88      0      0      0      0   9501   1875  23289  23289      0
    0    373     63      -    100     89      0      0      0      0   9501   1965  23289      4      0
    1    347     73      -    100     89      0      0      0      0   9501   1875  23289  23289      0
    0    369     63      -    100     88      0      0      0      0   9501   1965  23289      4      0
    1    343     74      -    100     88      0      0      0      0   9501   1875  23289  23289      0
    0    335     63      -    100     17      0      0      0      0   9501   1965  23289      4      0
    1    311     74      -    100     17      0      0      0      0   9501   1875  23289  23289      0
# gpu    pwr  gtemp  mtemp     sm    mem    enc    dec    jpg    ofa   mclk   pclk     fb   bar1   ccpm
# Idx      W      C      C      %      %      %      %      %      %    MHz    MHz     MB     MB     MB
    0    365     63      -    100     88      0      0      0      0   9501   1965  23289      4      0
    1    339     74      -    100     88      0      0      0      0   9501   1875  23289  23289      0
    0    372     63      -    100     88      0      0      0      0   9501   1965  23289      4      0
    1    346     74      -    100     88      0      0      0      0   9501   1875  23289  23289      0
    0    372     63      -    100     88      0      0      0      0   9501   1965  23289      4      0
    1    346     74      -    100     89      0      0      0      0   9501   1875  23289  23289      0
    0    372     63      -    100     88      0      0      0      0   9501   1965  23289      4      0
    1    347     74      -    100     88      0      0      0      0   9501   1875  23289  23289      0
    0    359     63      -    100     89      0      0      0      0   9501   1965  23289      4      0
    1    333     73      -    100     89      0      0      0      0   9501   1875  23289  23289      0
    0    359     63      -    100     88      0      0      0      0   9501   1965  23289      4      0
    1    334     74      -    100     88      0      0      0      0   9501   1875  23289  23289      0
    0    371     63      -    100     88      0      0      0      0   9501   1965  23289      4      0
    1    345     74      -    100     88      0      0      0      0   9501   1875  23289  23289      0
    0    371     63      -    100     88      0      0      0      0   9501   1965  23289      4      0
    1    346     74      -    100     88      0      0      0      0   9501   1875  23289  23289      0
    0    372     63      -    100     88      0      0      0      0   9501   1965  23289      4      0
    1    346     74      -    100     88      0      0      0      0   9501   1875  23289  23289      0
    0    372     63      -    100     89      0      0      0      0   9501   1965  23289      4      0
    1    346     74      -    100     89      0      0      0      0   9501   1875  23289  23289      0
    0    372     63      -    100     89      0      0      0      0   9501   1965  23289      4      0
    1    347     74      -    100     88      0      0      0      0   9501   1875  23289  23289      0
    0    373     63      -    100     88      0      0      0      0   9501   1965  23289      4      0
    1    347     74      -    100     88      0      0      0      0   9501   1875  23289  23289      0
    0    373     63      -    100     88      0      0      0      0   9501   1965  23289      4      0
    1    347     74      -    100     89      0      0      0      0   9501   1875  23289  23289      0
    0    372     63      -    100     88      0      0      0      0   9501   1965  23289      4      0
    1    346     74      -    100     88      0      0      0      0   9501   1875  23289  23289      0
    0    345     63      -    100     26      0      0      0      0   9501   1965  23289      4      0
    1    320     74      -    100     27      0      0      0      0   9501   1875  23289  23289      0
    0    355     63      -    100     88      0      0      0      0   9501   1965  23289      4      0
    1    330     74      -    100     88      0      0      0      0   9501   1875  23289  23289      0
    0    372     63      -    100     88      0      0      0      0   9501   1965  23289      4      0
    1    346     74      -    100     88      0      0      0      0   9501   1875  23289  23289      0
    0    372     63      -    100     88      0      0      0      0   9501   1965  23289      4      0
    1    347     74      -    100     88      0      0      0      0   9501   1875  23289  23289      0
    0    372     63      -    100     88      0      0      0      0   9501   1965  23289      4      0
    1    347     74      -    100     88      0      0      0      0   9501   1875  23289  23289      0
    0    370     63      -    100     89      0      0      0      0   9501   1965  23289      4      0
    1    345     74      -    100     89      0      0      0      0   9501   1875  23289  23289      0
    0    347     63      -    100     18      0      0      0      0   9501   1965  23289      4      0
    1    322     74      -    100     18      0      0      0      0   9501   1875  23289  23289      0
    0    370     63      -    100     88      0      0      0      0   9501   1965  23289      4      0
    1    346     74      -    100     88      0      0      0      0   9501   1875  23289  23289      0
# gpu    pwr  gtemp  mtemp     sm    mem    enc    dec    jpg    ofa   mclk   pclk     fb   bar1   ccpm
# Idx      W      C      C      %      %      %      %      %      %    MHz    MHz     MB     MB     MB
    0    371     63      -    100     88      0      0      0      0   9501   1965  23289      4      0
    1    346     74      -    100     88      0      0      0      0   9501   1875  23289  23289      0
    0    372     63      -    100     88      0      0      0      0   9501   1965  23289      4      0
    1    346     74      -    100     88      0      0      0      0   9501   1875  23289  23289      0
    0    372     63      -    100     88      0      0      0      0   9501   1965  23289      4      0
    1    347     74      -    100     89      0      0      0      0   9501   1875  23289  23289      0
    0    372     63      -    100     89      0      0      0      0   9501   1965  23289      4      0
    1    347     74      -    100     89      0      0      0      0   9501   1875  23289  23289      0
    0    372     63      -    100     89      0      0      0      0   9501   1965  23289      4      0
    1    347     74      -    100     89      0      0      0      0   9501   1875  23289  23289      0
    0    373     63      -    100     89      0      0      0      0   9501   1965  23289      4      0
    1    348     74      -    100     89      0      0      0      0   9501   1875  23289  23289      0
    0    372     63      -    100     89      0      0      0      0   9501   1965  23289      4      0
    1    347     74      -    100     89      0      0      0      0   9501   1875  23289  23289      0
    0    352     62      -    100     80      0      0      0      0   9501   1965  23289      4      0
    1    328     74      -    100     79      0      0      0      0   9501   1875  23289  23289      0
    0    342     63      -    100     18      0      0      0      0   9501   1965  23289      4      0
    1    318     74      -    100     18      0      0      0      0   9501   1875  23289  23289      0
    0    371     63      -    100     88      0      0      0      0   9501   1965  23289      4      0
    1    346     74      -    100     88      0      0      0      0   9501   1875  23289  23289      0
    0    372     63      -    100     88      0      0      0      0   9501   1965  23289      4      0
    1    347     74      -    100     88      0      0      0      0   9501   1875  23289  23289      0
    0    372     63      -    100     89      0      0      0      0   9501   1965  23289      4      0
    1    347     74      -    100     88      0      0      0      0   9501   1875  23289  23289      0
    0    373     63      -    100     88      0      0      0      0   9501   1965  23289      4      0
    1    348     74      -    100     88      0      0      0      0   9501   1875  23289  23289      0
    0    345     62      -    100     42      0      0      0      0   9501   1965  23289      4      0
    1    321     74      -    100     40      0      0      0      0   9501   1875  23289  23289      0
    0    368     63      -    100     88      0      0      0      0   9501   1965  23289      4      0
    1    344     74      -    100     88      0      0      0      0   9501   1875  23289  23289      0
    0    371     63      -    100     88      0      0      0      0   9501   1965  23289      4      0
    1    346     74      -    100     88      0      0      0      0   9501   1875  23289  23289      0
    0    372     63      -    100     88      0      0      0      0   9501   1965  23289      4      0
    1    347     74      -    100     88      0      0      0      0   9501   1875  23289  23289      0
    0    372     63      -    100     88      0      0      0      0   9501   1965  23289      4      0
    1    347     74      -    100     88      0      0      0      0   9501   1875  23289  23289      0
    0    372     63      -    100     89      0      0      0      0   9501   1965  23289      4      0
    1    347     74      -    100     89      0      0      0      0   9501   1875  23289  23289      0
    0    373     63      -    100     89      0      0      0      0   9501   1965  23289      4      0
    1    348     74      -    100     89      0      0      0      0   9501   1875  23289  23289      0
    0    373     63      -    100     89      0      0      0      0   9501   1965  23289      4      0
    1    348     74      -    100     88      0      0      0      0   9501   1875  23289  23289      0
    0    373     63      -    100     89      0      0      0      0   9501   1965  23289      4      0
    1    348     74      -    100     89      0      0      0      0   9501   1875  23289  23289      0
# gpu    pwr  gtemp  mtemp     sm    mem    enc    dec    jpg    ofa   mclk   pclk     fb   bar1   ccpm
# Idx      W      C      C      %      %      %      %      %      %    MHz    MHz     MB     MB     MB
    0    364     63      -    100     88      0      0      0      0   9501   1965  23289      4      0
    1    340     74      -    100     88      0      0      0      0   9501   1875  23289  23289      0
    0    337     63      -    100     33      0      0      0      0   9501   1965  23289      4      0
    1    314     74      -    100     34      0      0      0      0   9501   1875  23289  23289      0
    0    359     63      -    100     88      0      0      0      0   9501   1965  23289      4      0
    1    335     74      -    100     88      0      0      0      0   9501   1875  23289  23289      0
    0    371     63      -    100     88      0      0      0      0   9501   1965  23289      4      0
    1    347     74      -    100     88      0      0      0      0   9501   1875  23289  23289      0
    0    372     63      -    100     89      0      0      0      0   9501   1965  23289      4      0
    1    348     74      -    100     88      0      0      0      0   9501   1875  23289  23289      0
    0    369     63      -    100     41      0      0      0      0   9501   1965  23289      4      0
    1    348     74      -    100     88      0      0      0      0   9501   1875  23289  23289      0
    0    341     62      -    100     78      0      0      0      0   9501   1965  23289      4      0
    1    317     74      -    100     80      0      0      0      0   9501   1875  23289  23289      0
    0    370     63      -    100     88      0      0      0      0   9501   1965  23289      4      0
    1    345     74      -    100     88      0      0      0      0   9501   1875  23289  23289      0
    0    371     63      -    100     88      0      0      0      0   9501   1965  23289      4      0
    1    346     74      -    100     88      0      0      0      0   9501   1875  23289  23289      0
    0    372     63      -    100     89      0      0      0      0   9501   1965  23289      4      0
    1    347     74      -    100     89      0      0      0      0   9501   1875  23289  23289      0
    0    372     63      -    100     89      0      0      0      0   9501   1965  23289      4      0
    1    347     74      -    100     88      0      0      0      0   9501   1875  23289  23289      0
    0    372     63      -    100     88      0      0      0      0   9501   1965  23289      4      0
    1    348     74      -    100     89      0      0      0      0   9501   1875  23289  23289      0
    0    373     63      -    100     88      0      0      0      0   9501   1965  23289      4      0
    1    348     74      -    100     88      0      0      0      0   9501   1875  23289  23289      0
    0    373     63      -    100     88      0      0      0      0   9501   1965  23289      4      0
    1    348     74      -    100     88      0      0      0      0   9501   1875  23289  23289      0
    0    373     63      -    100     88      0      0      0      0   9501   1965  23289      4      0
    1    348     74      -    100     88      0      0      0      0   9501   1875  23289  23289      0
    0    364     62      -    100     88      0      0      0      0   9501   1965  23289      4      0
    1    340     74      -    100     88      0      0      0      0   9501   1875  23289  23289      0
    0    336     63      -    100     18      0      0      0      0   9501   1965  23289      4      0
    1    313     74      -    100     18      0      0      0      0   9501   1875  23289  23289      0
    0    361     63      -    100     88      0      0      0      0   9501   1965  23289      4      0
    1    337     74      -    100     88      0      0      0      0   9501   1875  23289  23289      0
    0    372     63      -    100     88      0      0      0      0   9501   1965  23289      4      0
    1    347     74      -    100     88      0      0      0      0   9501   1875  23289  23289      0
    0    372     63      -    100     88      0      0      0      0   9501   1965  23289      4      0
    1    348     74      -    100     89      0      0      0      0   9501   1875  23289  23289      0
    0    373     63      -    100     89      0      0      0      0   9501   1965  23289      4      0
    1    348     74      -    100     89      0      0      0      0   9501   1875  23289  23289      0
    0    358     62      -    100     40      0      0      0      0   9501   1965  23289      4      0
    1    333     74      -    100     39      0      0      0      0   9501   1875  23289  23289      0
# gpu    pwr  gtemp  mtemp     sm    mem    enc    dec    jpg    ofa   mclk   pclk     fb   bar1   ccpm
# Idx      W      C      C      %      %      %      %      %      %    MHz    MHz     MB     MB     MB
    0    349     63      -    100     88      0      0      0      0   9501   1965  23289      4      0
    1    325     74      -    100     88      0      0      0      0   9501   1875  23289  23289      0
    0    371     63      -    100     88      0      0      0      0   9501   1965  23289      4      0
    1    346     74      -    100     88      0      0      0      0   9501   1875  23289  23289      0
    0    371     63      -    100     88      0      0      0      0   9501   1965  23289      4      0
    1    347     74      -    100     88      0      0      0      0   9501   1875  23289  23289      0
    0    372     63      -    100     88      0      0      0      0   9501   1965  23289      4      0
    1    347     74      -    100     88      0      0      0      0   9501   1875  23289  23289      0
    0    372     63      -    100     89      0      0      0      0   9501   1965  23289      4      0
    1    347     74      -    100     89      0      0      0      0   9501   1875  23289  23289      0
    0    372     63      -    100     89      0      0      0      0   9501   1965  23289      4      0
    1    348     74      -    100     89      0      0      0      0   9501   1875  23289  23289      0
    0    373     63      -    100     89      0      0      0      0   9501   1965  23289      4      0
    1    348     74      -    100     89      0      0      0      0   9501   1875  23289  23289      0
    0    373     63      -    100     89      0      0      0      0   9501   1965  23289      4      0
    1    348     74      -    100     89      0      0      0      0   9501   1875  23289  23289      0
    0    372     63      -    100     88      0      0      0      0   9501   1965  23289      4      0
    1    348     74      -    100     88      0      0      0      0   9501   1875  23289  23289      0
    0    348     62      -    100     34      0      0      0      0   9501   1965  23289      4      0
    1    324     74      -    100     34      0      0      0      0   9501   1875  23289  23289      0
    0    342     63      -    100     88      0      0      0      0   9501   1965  23289      4      0
    1    319     75      -    100     88      0      0      0      0   9501   1875  23289  23289      0
    0    372     63      -    100     88      0      0      0      0   9501   1965  23289      4      0
    1    347     74      -    100     88      0      0      0      0   9501   1875  23289  23289      0
    0    373     63      -    100     88      0      0      0      0   9501   1965  23289      4      0
    1    348     74      -    100     88      0      0      0      0   9501   1875  23289  23289      0
    0    373     62      -    100     89      0      0      0      0   9501   1965  23289      4      0
    1    348     74      -    100     89      0      0      0      0   9501   1875  23289  23289      0
    0    370     62      -    100     43      0      0      0      0   9501   1965  23289      4      0
    1    345     74      -    100     42      0      0      0      0   9501   1875  23289  23289      0
    0    340     63      -    100     58      0      0      0      0   9501   1965  23289      4      0
    1    317     74      -    100     59      0      0      0      0   9501   1875  23289  23289      0
    0    369     63      -    100     88      0      0      0      0   9501   1965  23289      4      0
    1    344     74      -    100     88      0      0      0      0   9501   1875  23289  23289      0
    0    371     63      -    100     88      0      0      0      0   9501   1965  23289      4      0
    1    347     75      -    100     88      0      0      0      0   9501   1875  23289  23289      0
    0    372     63      -    100     88      0      0      0      0   9501   1965  23289      4      0
    1    347     74      -    100     88      0      0      0      0   9501   1875  23289  23289      0
    0    372     63      -    100     88      0      0      0      0   9501   1965  23289      4      0
    1    347     74      -    100     89      0      0      0      0   9501   1875  23289  23289      0
    0    372     63      -    100     89      0      0      0      0   9501   1965  23289      4      0
    1    348     74      -    100     89      0      0      0      0   9501   1875  23289  23289      0
    0    373     63      -    100     89      0      0      0      0   9501   1965  23289      4      0
    1    348     74      -    100     89      0      0      0      0   9501   1875  23289  23289      0
# gpu    pwr  gtemp  mtemp     sm    mem    enc    dec    jpg    ofa   mclk   pclk     fb   bar1   ccpm
# Idx      W      C      C      %      %      %      %      %      %    MHz    MHz     MB     MB     MB
    0    373     63      -    100     89      0      0      0      0   9501   1965  23289      4      0
    1    349     74      -    100     89      0      0      0      0   9501   1875  23289  23289      0
    0    373     63      -    100     89      0      0      0      0   9501   1965  23289      4      0
    1    348     75      -    100     89      0      0      0      0   9501   1875  23289  23289      0
    0    365     63      -    100     88      0      0      0      0   9501   1965  23289      4      0
    1    340     75      -    100     88      0      0      0      0   9501   1875  23289  23289      0
    0    342     63      -    100     18      0      0      0      0   9501   1965  23289      4      0
    1    314     74      -    100     18      0      0      0      0   9501   1875  23289  23289      0
    0    371     63      -    100     88      0      0      0      0   9501   1965  23289      4      0
    1    337     74      -    100     88      0      0      0      0   9501   1875  23289  23289      0
    0    378     63      -    100     88      0      0      0      0   9501   1965  23289      4      0
    1    348     74      -    100     88      0      0      0      0   9501   1875  23289  23289      0
    0    374     62      -    100     89      0      0      0      0   9501   1965  23289      4      0
    1    348     74      -    100     88      0      0      0      0   9501   1875  23289  23289      0
    0    374     62      -    100     88      0      0      0      0   9501   1965  23289      4      0
    1    348     74      -    100     89      0      0      0      0   9501   1875  23289  23289      0
    0    360     61      -    100     34      0      0      0      0   9501   1965  23289      4      0
    1    336     74      -    100     34      0      0      0      0   9501   1875  23289  23289      0
    0    360     62      -    100     88      0      0      0      0   9501   1965  23289      4      0
    1    333     74      -    100     88      0      0      0      0   9501   1875  23289  23289      0
    0    371     62      -    100     88      0      0      0      0   9501   1965  23289      4      0
    1    347     74      -    100     88      0      0      0      0   9501   1875  23289  23289      0
    0    370     61      -    100     88      0      0      0      0   9501   1965  23289      4      0
    1    347     74      -    100     89      0      0      0      0   9501   1875  23289  23289      0
    0    370     61      -    100     89      0      0      0      0   9501   1965  23289      4      0
    1    348     74      -    100     88      0      0      0      0   9501   1875  23289  23289      0
    0    371     61      -    100     88      0      0      0      0   9501   1965  23289      4      0
    1    348     74      -    100     88      0      0      0      0   9501   1875  23289  23289      0
    0    372     61      -    100     88      0      0      0      0   9501   1965  23289      4      0
    1    348     74      -    100     88      0      0      0      0   9501   1875  23289  23289      0
    0    375     61      -    100     88      0      0      0      0   9501   1965  23289      4      0
    1    348     74      -    100     88      0      0      0      0   9501   1875  23289  23289      0
    0    374     61      -    100     88      0      0      0      0   9501   1965  23289      4      0
    1    348     74      -    100     88      0      0      0      0   9501   1875  23289  23289      0
    0    376     61      -    100     56      0      0      0      0   9501   1965  23289      4      0
    1    346     74      -    100     55      0      0      0      0   9501   1875  23289  23289      0
    0    345     61      -    100     17      0      0      0      0   9501   1965  23289      4      0
    1    317     74      -    100     17      0      0      0      0   9501   1875  23289  23289      0
    0    353     61      -    100     88      0      0      0      0   9501   1965  23289      4      0
    1    326     74      -    100     88      0      0      0      0   9501   1875  23289  23289      0
    0    371     61      -    100     88      0      0      0      0   9501   1965  23289      4      0
    1    347     74      -    100     88      0      0      0      0   9501   1875  23289  23289      0
    0    370     61      -    100     88      0      0      0      0   9501   1965  23289      4      0
    1    348     74      -    100     89      0      0      0      0   9501   1875  23289  23289      0
# gpu    pwr  gtemp  mtemp     sm    mem    enc    dec    jpg    ofa   mclk   pclk     fb   bar1   ccpm
# Idx      W      C      C      %      %      %      %      %      %    MHz    MHz     MB     MB     MB
    0    370     61      -    100     88      0      0      0      0   9501   1965  23289      4      0
    1    348     74      -    100     88      0      0      0      0   9501   1875  23289  23289      0
    0    365     61      -    100     88      0      0      0      0   9501   1965  23289      4      0
    1    344     74      -    100     88      0      0      0      0   9501   1875  23289  23289      0
    0    357     61      -    100     88      0      0      0      0   9501   1965  23289      4      0
    1    324     74      -    100     88      0      0      0      0   9501   1875  23289  23289      0
    0    369     61      -    100     88      0      0      0      0   9501   1965  23289      4      0
    1    347     74      -    100     88      0      0      0      0   9501   1875  23289  23289      0
    0    370     61      -    100     88      0      0      0      0   9501   1965  23289      4      0
    1    347     74      -    100     88      0      0      0      0   9501   1875  23289  23289      0
    0    370     61      -    100     88      0      0      0      0   9501   1965  23289      4      0
    1    347     74      -    100     88      0      0      0      0   9501   1875  23289  23289      0
    0    370     61      -    100     89      0      0      0      0   9501   1965  23289      4      0
    1    348     74      -    100     89      0      0      0      0   9501   1875  23289  23289      0
    0    372     61      -    100     89      0      0      0      0   9501   1965  23289      4      0
    1    348     75      -    100     89      0      0      0      0   9501   1875  23289  23289      0
    0    371     61      -    100     89      0      0      0      0   9501   1965  23289      4      0
    1    349     74      -    100     89      0      0      0      0   9501   1875  23289  23289      0
    0    374     62      -    100     89      0      0      0      0   9501   1965  23289      4      0
    1    349     74      -    100     89      0      0      0      0   9501   1875  23289  23289      0
    0    367     61      -    100     88      0      0      0      0   9501   1965  23289      4      0
    1    341     74      -    100     88      0      0      0      0   9501   1875  23289  23289      0
    0    344     62      -    100     51      0      0      0      0   9501   1965  23289      4      0
    1    315     74      -    100     51      0      0      0      0   9501   1875  23289  23289      0
    0    356     61      -    100     88      0      0      0      0   9501   1965  23289      4      0
    1    329     74      -    100     88      0      0      0      0   9501   1875  23289  23289      0
    0    376     61      -    100     88      0      0      0      0   9501   1965  23289      4      0
    1    347     74      -    100     88      0      0      0      0   9501   1875  23289  23289      0
    0    370     61      -    100     88      0      0      0      0   9501   1965  23289      4      0
    1    348     74      -    100     88      0      0      0      0   9501   1875  23289  23289      0
    0    370     61      -    100     89      0      0      0      0   9501   1965  23289      4      0
    1    348     74      -    100     89      0      0      0      0   9501   1875  23289  23289      0
    0    363     61      -    100     88      0      0      0      0   9501   1965  23289      4      0
    1    341     74      -    100     88      0      0      0      0   9501   1875  23289  23289      0
    0    343     61      -    100     17      0      0      0      0   9501   1965  23289      4      0
    1    321     74      -    100     18      0      0      0      0   9501   1875  23289  23289      0
    0    368     61      -    100     88      0      0      0      0   9501   1965  23289      4      0
    1    347     74      -    100     88      0      0      0      0   9501   1875  23289  23289      0
    0    369     61      -    100     88      0      0      0      0   9501   1965  23289      4      0
    1    347     74      -    100     88      0      0      0      0   9501   1875  23289  23289      0
    0    370     61      -    100     88      0      0      0      0   9501   1965  23289      4      0
    1    347     75      -    100     88      0      0      0      0   9501   1875  23289  23289      0
    0    370     61      -    100     89      0      0      0      0   9501   1965  23289      4      0
    1    348     74      -    100     89      0      0      0      0   9501   1875  23289  23289      0
# gpu    pwr  gtemp  mtemp     sm    mem    enc    dec    jpg    ofa   mclk   pclk     fb   bar1   ccpm
# Idx      W      C      C      %      %      %      %      %      %    MHz    MHz     MB     MB     MB
    0    371     61      -    100     89      0      0      0      0   9501   1965  23289      4      0
    1    348     74      -    100     88      0      0      0      0   9501   1875  23289  23289      0
    0    377     61      -    100     88      0      0      0      0   9501   1965  23289      4      0
    1    348     75      -    100     88      0      0      0      0   9501   1875  23289  23289      0
    0    379     61      -    100     88      0      0      0      0   9501   1965  23289      4      0
    1    348     74      -    100     89      0      0      0      0   9501   1875  23289  23289      0
    0    382     62      -    100     89      0      0      0      0   9501   1965  23289      4      0
    1    348     74      -    100     89      0      0      0      0   9501   1875  23289  23289      0
    0    361     61      -    100     27      0      0      0      0   9501   1965  23289      4      0
    1    329     74      -    100     28      0      0      0      0   9501   1875  23289  23289      0
    0    341     61      -    100     17      0      0      0      0   9501   1965  23289      4      0
    1    314     75      -    100     17      0      0      0      0   9501   1875  23289  23289      0
    0    377     61      -    100     88      0      0      0      0   9501   1965  23289      4      0
    1    347     74      -    100     88      0      0      0      0   9501   1875  23289  23289      0
    0    369     61      -    100     88      0      0      0      0   9501   1965  23289      4      0
    1    348     74      -    100     88      0      0      0      0   9501   1875  23289  23289      0
    0    369     60      -    100     88      0      0      0      0   9501   1965  23289      4      0
    1    348     74      -    100     88      0      0      0      0   9501   1875  23289  23289      0
    0    369     60      -    100     88      0      0      0      0   9501   1965  23289      4      0
    1    348     74      -    100     88      0      0      0      0   9501   1875  23289  23289      0
    0    342     60      -    100     48      0      0      0      0   9501   1965  23289      4      0
    1    322     74      -    100     47      0      0      0      0   9501   1875  23289  23289      0
    0    358     60      -    100     88      0      0      0      0   9501   1965  23289      4      0
    1    337     74      -    100     88      0      0      0      0   9501   1875  23289  23289      0
    0    368     60      -    100     88      0      0      0      0   9501   1965  23289      4      0
    1    347     74      -    100     88      0      0      0      0   9501   1875  23289  23289      0
    0    369     60      -    100     88      0      0      0      0   9501   1965  23289      4      0
    1    347     74      -    100     88      0      0      0      0   9501   1875  23289  23289      0
    0    370     61      -    100     88      0      0      0      0   9501   1965  23289      4      0
    1    348     74      -    100     88      0      0      0      0   9501   1875  23289  23289      0
    0    370     61      -    100     89      0      0      0      0   9501   1965  23289      4      0
    1    348     74      -    100     89      0      0      0      0   9501   1875  23289  23289      0
    0    371     61      -    100     89      0      0      0      0   9501   1965  23289      4      0
    1    348     74      -    100     89      0      0      0      0   9501   1875  23289  23289      0
    0    374     61      -    100     89      0      0      0      0   9501   1965  23289      4      0
    1    348     74      -    100     89      0      0      0      0   9501   1875  23289  23289      0
    0    375     61      -    100     89      0      0      0      0   9501   1965  23289      4      0
    1    344     74      -    100     89      0      0      0      0   9501   1875  23289  23289      0
    0    371     61      -    100     88      0      0      0      0   9501   1965  23289      4      0
    1    339     74      -    100     88      0      0      0      0   9501   1875  23289  23289      0
    0    346     61      -    100     19      0      0      0      0   9501   1965  23289      4      0
    1    317     74      -    100     19      0      0      0      0   9501   1875  23289  23289      0
    0    358     61      -    100     88      0      0      0      0   9501   1965  23289      4      0
    1    333     74      -    100     88      0      0      0      0   9501   1875  23289  23289      0
# gpu    pwr  gtemp  mtemp     sm    mem    enc    dec    jpg    ofa   mclk   pclk     fb   bar1   ccpm
# Idx      W      C      C      %      %      %      %      %      %    MHz    MHz     MB     MB     MB
    0    371     61      -    100     88      0      0      0      0   9501   1965  23289      4      0
    1    347     74      -    100     88      0      0      0      0   9501   1875  23289  23289      0
    0    369     61      -    100     88      0      0      0      0   9501   1965  23289      4      0
    1    348     74      -    100     88      0      0      0      0   9501   1875  23289  23289      0
    0    365     60      -    100     88      0      0      0      0   9501   1965  23289      4      0
    1    342     74      -    100     89      0      0      0      0   9501   1875  23289  23289      0
    0    364     60      -    100     89      0      0      0      0   9501   1965  23289      4      0
    1    342     74      -    100     88      0      0      0      0   9501   1875  23289  23289      0
    0    351     60      -    100     18      0      0      0      0   9501   1965  23289      4      0
    1    330     74      -    100     18      0      0      0      0   9501   1875  23289  23289      0
    0    368     60      -    100     88      0      0      0      0   9501   1965  23289      4      0
    1    347     74      -    100     88      0      0      0      0   9501   1875  23289  23289      0
    0    368     61      -    100     89      0      0      0      0   9501   1965  23289      4      0
    1    347     74      -    100     89      0      0      0      0   9501   1875  23289  23289      0
    0    370     61      -    100     88      0      0      0      0   9501   1965  23289      4      0
    1    347     74      -    100     88      0      0      0      0   9501   1875  23289  23289      0
    0    371     61      -    100     88      0      0      0      0   9501   1965  23289      4      0
    1    348     74      -    100     88      0      0      0      0   9501   1875  23289  23289      0
    0    378     61      -    100     88      0      0      0      0   9501   1965  23289      4      0
    1    348     75      -    100     89      0      0      0      0   9501   1875  23289  23289      0
    0    383     61      -    100     89      0      0      0      0   9501   1965  23289      4      0
    1    348     74      -    100     89      0      0      0      0   9501   1875  23289  23289      0
    0    381     61      -    100     89      0      0      0      0   9501   1965  23289      4      0
    1    348     74      -    100     89      0      0      0      0   9501   1875  23289  23289      0
    0    369     61      -    100     24      0      0      0      0   9501   1965  23289      4      0
    1    341     74      -    100     25      0      0      0      0   9501   1875  23289  23289      0
    0    367     61      -    100     28      0      0      0      0   9501   1965  23289      4      0
    1    333     74      -    100     28      0      0      0      0   9501   1875  23289  23289      0
    0    348     61      -    100     17      0      0      0      0   9501   1965  23289      4      0
    1    317     74      -    100     17      0      0      0      0   9501   1875  23289  23289      0
    0    371     60      -    100     88      0      0      0      0   9501   1965  23289      4      0
    1    347     74      -    100     88      0      0      0      0   9501   1875  23289  23289      0
    0    368     60      -    100     88      0      0      0      0   9501   1965  23289      4      0
    1    348     74      -    100     88      0      0      0      0   9501   1875  23289  23289      0
    0    370     60      -    100     88      0      0      0      0   9501   1965  23289      4      0
    1    348     74      -    100     88      0      0      0      0   9501   1875  23289  23289      0
    0    364     60      -    100     88      0      0      0      0   9501   1965  23289      4      0
    1    343     74      -    100     89      0      0      0      0   9501   1875  23289  23289      0
    0    345     60      -    100     42      0      0      0      0   9501   1965  23289      4      0
    1    324     74      -    100     41      0      0      0      0   9501   1875  23289  23289      0
    0    365     60      -    100     88      0      0      0      0   9501   1965  23289      4      0
    1    344     74      -    100     88      0      0      0      0   9501   1875  23289  23289      0
    0    367     60      -    100     88      0      0      0      0   9501   1965  23289      4      0
    1    347     74      -    100     89      0      0      0      0   9501   1875  23289  23289      0
# gpu    pwr  gtemp  mtemp     sm    mem    enc    dec    jpg    ofa   mclk   pclk     fb   bar1   ccpm
# Idx      W      C      C      %      %      %      %      %      %    MHz    MHz     MB     MB     MB
    0    368     60      -    100     88      0      0      0      0   9501   1965  23289      4      0
    1    347     74      -    100     88      0      0      0      0   9501   1875  23289  23289      0
    0    369     60      -    100     88      0      0      0      0   9501   1965  23289      4      0
    1    348     74      -    100     88      0      0      0      0   9501   1875  23289  23289      0
    0    372     61      -    100     88      0      0      0      0   9501   1965  23289      4      0
    1    348     74      -    100     88      0      0      0      0   9501   1875  23289  23289      0
    0    373     61      -    100     89      0      0      0      0   9501   1965  23289      4      0
    1    348     74      -    100     89      0      0      0      0   9501   1875  23289  23289      0
    0    375     61      -    100     89      0      0      0      0   9501   1965  23289      4      0
    1    349     74      -    100     89      0      0      0      0   9501   1875  23289  23289      0
    0    370     61      -    100     88      0      0      0      0   9501   1965  23289      4      0
    1    341     74      -    100     88      0      0      0      0   9501   1875  23289  23289      0
    0    362     61      -    100     43      0      0      0      0   9501   1965  23289      4      0
    1    330     74      -    100     43      0      0      0      0   9501   1875  23289  23289      0
    0    351     61      -    100     88      0      0      0      0   9501   1965  23289      4      0
    1    321     74      -    100     88      0      0      0      0   9501   1875  23289  23289      0
    0    375     61      -    100     88      0      0      0      0   9501   1965  23289      4      0
    1    347     74      -    100     88      0      0      0      0   9501   1875  23289  23289      0
    0    369     60      -    100     89      0      0      0      0   9501   1965  23289      4      0
    1    348     74      -    100     88      0      0      0      0   9501   1875  23289  23289      0
    0    369     60      -    100     83      0      0      0      0   9501   1965  23289      4      0
    1    348     74      -    100     82      0      0      0      0   9501   1875  23289  23289      0
    0    366     60      -    100     88      0      0      0      0   9501   1965  23289      4      0
    1    342     74      -    100     88      0      0      0      0   9501   1875  23289  23289      0
    0    347     60      -    100     88      0      0      0      0   9501   1965  23289      4      0
    1    327     74      -    100     88      0      0      0      0   9501   1875  23289  23289      0
    0    368     60      -    100     88      0      0      0      0   9501   1965  23289      4      0
    1    346     74      -    100     88      0      0      0      0   9501   1875  23289  23289      0
    0    367     60      -    100     88      0      0      0      0   9501   1965  23289      4      0
    1    347     74      -    100     88      0      0      0      0   9501   1875  23289  23289      0
    0    368     60      -    100     88      0      0      0      0   9501   1965  23289      4      0
    1    347     74      -    100     88      0      0      0      0   9501   1875  23289  23289      0
    0    369     61      -    100     89      0      0      0      0   9501   1965  23289      4      0
    1    347     74      -    100     89      0      0      0      0   9501   1875  23289  23289      0
    0    370     61      -    100     88      0      0      0      0   9501   1965  23289      4      0
    1    348     74      -    100     88      0      0      0      0   9501   1875  23289  23289      0
    0    375     61      -    100     89      0      0      0      0   9501   1965  23289      4      0
    1    348     74      -    100     88      0      0      0      0   9501   1875  23289  23289      0
    0    381     61      -    100     88      0      0      0      0   9501   1965  23289      4      0
    1    349     74      -    100     89      0      0      0      0   9501   1875  23289  23289      0
    0    374     61      -    100     88      0      0      0      0   9501   1965  23289      4      0
    1    341     74      -    100     88      0      0      0      0   9501   1875  23289  23289      0
    0    373     61      -    100     88      0      0      0      0   9501   1965  23289      4      0
    1    340     75      -    100     88      0      0      0      0   9501   1875  23289  23289      0
# gpu    pwr  gtemp  mtemp     sm    mem    enc    dec    jpg    ofa   mclk   pclk     fb   bar1   ccpm
# Idx      W      C      C      %      %      %      %      %      %    MHz    MHz     MB     MB     MB
    0    346     61      -    100     17      0      0      0      0   9501   1965  23289      4      0
    1    317     74      -    100     17      0      0      0      0   9501   1875  23289  23289      0
    0    371     61      -    100     88      0      0      0      0   9501   1965  23289      4      0
    1    341     74      -    100     88      0      0      0      0   9501   1875  23289  23289      0
    0    371     60      -    100     88      0      0      0      0   9501   1965  23289      4      0
    1    347     74      -    100     88      0      0      0      0   9501   1875  23289  23289      0
    0    368     60      -    100     88      0      0      0      0   9501   1965  23289      4      0
    1    348     74      -    100     88      0      0      0      0   9501   1875  23289  23289      0
    0    364     60      -    100     88      0      0      0      0   9501   1965  23289      4      0
    1    342     74      -    100     88      0      0      0      0   9501   1875  23289  23289      0
    0    359     59      -    100     66      0      0      0      0   9501   1965  23289      4      0
    1    338     74      -    100     66      0      0      0      0   9501   1875  23289  23289      0
    0    360     59      -    100     88      0      0      0      0   9501   1965  23289      4      0
    1    338     74      -    100     88      0      0      0      0   9501   1875  23289  23289      0
    0    367     60      -    100     88      0      0      0      0   9501   1965  23289      4      0
    1    347     74      -    100     88      0      0      0      0   9501   1875  23289  23289      0
    0    368     60      -    100     88      0      0      0      0   9501   1965  23289      4      0
    1    347     74      -    100     88      0      0      0      0   9501   1875  23289  23289      0
    0    369     60      -    100     89      0      0      0      0   9501   1965  23289      4      0
    1    348     74      -    100     88      0      0      0      0   9501   1875  23289  23289      0
    0    369     60      -    100     88      0      0      0      0   9501   1965  23289      4      0
    1    348     74      -    100     88      0      0      0      0   9501   1875  23289  23289      0
    0    372     61      -    100     88      0      0      0      0   9501   1965  23289      4      0
    1    348     74      -    100     88      0      0      0      0   9501   1875  23289  23289      0
    0    378     61      -    100     88      0      0      0      0   9501   1965  23289      4      0
    1    348     74      -    100     88      0      0      0      0   9501   1875  23289  23289      0
    0    379     61      -    100     82      0      0      0      0   9501   1965  23289      4      0
    1    349     74      -    100     82      0      0      0      0   9501   1875  23289  23289      0
    0    374     61      -    100     88      0      0      0      0   9501   1965  23289      4      0
    1    340     74      -    100     88      0      0      0      0   9501   1875  23289  23289      0
    0    351     61      -    100     17      0      0      0      0   9501   1965  23289      4      0
    1    321     74      -    100     17      0      0      0      0   9501   1875  23289  23289      0
    0    356     61      -    100     88      0      0      0      0   9501   1965  23289      4      0
    1    329     74      -    100     88      0      0      0      0   9501   1875  23289  23289      0
    0    376     60      -    100     88      0      0      0      0   9501   1965  23289      4      0
    1    347     74      -    100     88      0      0      0      0   9501   1875  23289  23289      0
    0    369     60      -    100     89      0      0      0      0   9501   1965  23289      4      0
    1    348     74      -    100     89      0      0      0      0   9501   1875  23289  23289      0
    0    370     60      -    100     88      0      0      0      0   9501   1965  23289      4      0
    1    348     74      -    100     88      0      0      0      0   9501   1875  23289  23289      0
    0    364     60      -    100     88      0      0      0      0   9501   1965  23289      4      0
    1    340     74      -    100     88      0      0      0      0   9501   1875  23289  23289      0
    0    353     60      -    100     88      0      0      0      0   9501   1965  23289      4      0
    1    332     74      -    100     88      0      0      0      0   9501   1875  23289  23289      0
# gpu    pwr  gtemp  mtemp     sm    mem    enc    dec    jpg    ofa   mclk   pclk     fb   bar1   ccpm
# Idx      W      C      C      %      %      %      %      %      %    MHz    MHz     MB     MB     MB
    0    367     59      -    100     88      0      0      0      0   9501   1965  23289      4      0
    1    347     74      -    100     88      0      0      0      0   9501   1875  23289  23289      0
    0    367     60      -    100     88      0      0      0      0   9501   1965  23289      4      0
    1    347     74      -    100     88      0      0      0      0   9501   1875  23289  23289      0
    0    370     60      -    100     88      0      0      0      0   9501   1965  23289      4      0
    1    348     74      -    100     88      0      0      0      0   9501   1875  23289  23289      0
    0    370     60      -    100     88      0      0      0      0   9501   1965  23289      4      0
    1    348     74      -    100     88      0      0      0      0   9501   1875  23289  23289      0
    0    373     60      -    100     88      0      0      0      0   9501   1965  23289      4      0
    1    348     74      -    100     88      0      0      0      0   9501   1875  23289  23289      0
    0    377     61      -    100     89      0      0      0      0   9501   1965  23289      4      0
    1    348     74      -    100     89      0      0      0      0   9501   1875  23289  23289      0
    0    378     61      -    100     89      0      0      0      0   9501   1965  23289      4      0
    1    348     74      -    100     89      0      0      0      0   9501   1875  23289  23289      0
    0    369     61      -    100     88      0      0      0      0   9501   1965  23289      4      0
    1    340     74      -    100     88      0      0      0      0   9501   1875  23289  23289      0
    0    361     60      -    100     51      0      0      0      0   9501   1965  23289      4      0
    1    326     74      -    100     19      0      0      0      0   9501   1875  23289  23289      0
    0    345     61      -    100     88      0      0      0      0   9501   1965  23289      4      0
    1    322     74      -    100     88      0      0      0      0   9501   1875  23289  23289      0
    0    376     60      -    100     88      0      0      0      0   9501   1965  23289      4      0
    1    347     74      -    100     88      0      0      0      0   9501   1875  23289  23289      0
    0    368     60      -    100     88      0      0      0      0   9501   1965  23289      4      0
    1    347     74      -    100     88      0      0      0      0   9501   1875  23289  23289      0
    0    368     60      -    100     88      0      0      0      0   9501   1965  23289      4      0
    1    345     74      -    100     43      0      0      0      0   9501   1875  23289  23289      0
    0    364     59      -    100     89      0      0      0      0   9501   1965  23289      4      0
    1    341     74      -    100     74      0      0      0      0   9501   1875  23289  23289      0
    0    346     59      -    100     88      0      0      0      0   9501   1965  23289      4      0
    1    325     74      -    100     88      0      0      0      0   9501   1875  23289  23289      0
    0    366     59      -    100     88      0      0      0      0   9501   1965  23289      4      0
    1    346     74      -    100     88      0      0      0      0   9501   1875  23289  23289      0
    0    367     59      -    100     88      0      0      0      0   9501   1965  23289      4      0
    1    347     74      -    100     88      0      0      0      0   9501   1875  23289  23289      0
    0    368     60      -    100     88      0      0      0      0   9501   1965  23289      4      0
    1    347     74      -    100     88      0      0      0      0   9501   1875  23289  23289      0
    0    369     60      -    100     89      0      0      0      0   9501   1965  23289      4      0
    1    348     74      -    100     88      0      0      0      0   9501   1875  23289  23289      0
    0    370     60      -    100     89      0      0      0      0   9501   1965  23289      4      0
    1    348     74      -    100     88      0      0      0      0   9501   1875  23289  23289      0
    0    376     61      -    100     89      0      0      0      0   9501   1965  23289      4      0
    1    349     74      -    100     89      0      0      0      0   9501   1875  23289  23289      0
    0    377     61      -    100     89      0      0      0      0   9501   1965  23289      4      0
    1    349     74      -    100     89      0      0      0      0   9501   1875  23289  23289      0
# gpu    pwr  gtemp  mtemp     sm    mem    enc    dec    jpg    ofa   mclk   pclk     fb   bar1   ccpm
# Idx      W      C      C      %      %      %      %      %      %    MHz    MHz     MB     MB     MB
    0    373     61      -    100     88      0      0      0      0   9501   1965  23289      4      0
    1    340     74      -    100     88      0      0      0      0   9501   1875  23289  23289      0
    0    356     60      -    100     64      0      0      0      0   9501   1965  23289      4      0
    1    324     74      -    100     88      0      0      0      0   9501   1875  23289  23289      0
    0    344     61      -    100     17      0      0      0      0   9501   1965  23289      4      0
    1    326     74      -    100     17      0      0      0      0   9501   1875  23289  23289      0
    0    374     60      -    100     88      0      0      0      0   9501   1965  23289      4      0
    1    347     74      -    100     88      0      0      0      0   9501   1875  23289  23289      0
    0    369     60      -    100     88      0      0      0      0   9501   1965  23289      4      0
    1    348     74      -    100     88      0      0      0      0   9501   1875  23289  23289      0
    0    367     59      -    100     88      0      0      0      0   9501   1965  23289      4      0
    1    343     74      -    100     88      0      0      0      0   9501   1875  23289  23289      0
    0    363     60      -    100     88      0      0      0      0   9501   1965  23289      4      0
    1    340     74      -    100     88      0      0      0      0   9501   1875  23289  23289      0
    0    352     60      -    100     31      0      0      0      0   9501   1965  23289      4      0
    1    329     74      -    100     34      0      0      0      0   9501   1875  23289  23289      0
    0    367     60      -    100     88      0      0      0      0   9501   1965  23289      4      0
    1    347     74      -    100     88      0      0      0      0   9501   1875  23289  23289      0
    0    368     60      -    100     88      0      0      0      0   9501   1965  23289      4      0
    1    347     74      -    100     88      0      0      0      0   9501   1875  23289  23289      0
    0    369     60      -    100     88      0      0      0      0   9501   1965  23289      4      0
    1    347     74      -    100     89      0      0      0      0   9501   1875  23289  23289      0
    0    370     60      -    100     89      0      0      0      0   9501   1965  23289      4      0
    1    348     74      -    100     88      0      0      0      0   9501   1875  23289  23289      0
    0    378     61      -    100     89      0      0      0      0   9501   1965  23289      4      0
    1    348     74      -    100     89      0      0      0      0   9501   1875  23289  23289      0
    0    383     61      -    100     88      0      0      0      0   9501   1965  23289      4      0
    1    348     74      -    100     89      0      0      0      0   9501   1875  23289  23289      0
    0    378     61      -    100     88      0      0      0      0   9501   1965  23289      4      0
    1    348     74      -    100     89      0      0      0      0   9501   1875  23289  23289      0
    0    369     61      -    100     88      0      0      0      0   9501   1965  23289      4      0
    1    340     74      -    100     48      0      0      0      0   9501   1875  23289  23289      0
    0    368     61      -    100     88      0      0      0      0   9501   1965  23289      4      0
    1    337     74      -    100     88      0      0      0      0   9501   1875  23289  23289      0
    0    337     61      -    100     17      0      0      0      0   9501   1965  23289      4      0
    1    313     74      -    100     17      0      0      0      0   9501   1875  23289  23289      0
    0    376     60      -    100     88      0      0      0      0   9501   1965  23289      4      0
    1    347     74      -    100     88      0      0      0      0   9501   1875  23289  23289      0
    0    369     60      -    100     88      0      0      0      0   9501   1965  23289      4      0
    1    348     74      -    100     88      0      0      0      0   9501   1875  23289  23289      0
    0    368     60      -    100     88      0      0      0      0   9501   1965  23289      4      0
    1    348     74      -    100     88      0      0      0      0   9501   1875  23289  23289      0
    0    364     59      -    100     88      0      0      0      0   9501   1965  23289      4      0
    1    342     74      -    100     88      0      0      0      0   9501   1875  23289  23289      0
# gpu    pwr  gtemp  mtemp     sm    mem    enc    dec    jpg    ofa   mclk   pclk     fb   bar1   ccpm
# Idx      W      C      C      %      %      %      %      %      %    MHz    MHz     MB     MB     MB
    0    347     59      -    100     88      0      0      0      0   9501   1965  23289      4      0
    1    328     74      -    100     88      0      0      0      0   9501   1875  23289  23289      0
    0    359     59      -    100     88      0      0      0      0   9501   1965  23289      4      0
    1    340     74      -    100     88      0      0      0      0   9501   1875  23289  23289      0
    0    366     59      -    100     88      0      0      0      0   9501   1965  23289      4      0
    1    347     74      -    100     88      0      0      0      0   9501   1875  23289  23289      0
    0    367     60      -    100     88      0      0      0      0   9501   1965  23289      4      0
    1    347     74      -    100     88      0      0      0      0   9501   1875  23289  23289      0
    0    368     60      -    100     88      0      0      0      0   9501   1965  23289      4      0
    1    347     74      -    100     88      0      0      0      0   9501   1875  23289  23289      0
    0    369     60      -    100     88      0      0      0      0   9501   1965  23289      4      0
    1    348     74      -    100     89      0      0      0      0   9501   1875  23289  23289      0
    0    373     60      -    100     89      0      0      0      0   9501   1965  23289      4      0
    1    348     74      -    100     89      0      0      0      0   9501   1875  23289  23289      0
    0    374     61      -    100     89      0      0      0      0   9501   1965  23289      4      0
    1    348     74      -    100     89      0      0      0      0   9501   1875  23289  23289      0
    0    374     60      -    100     89      0      0      0      0   9501   1965  23289      4      0
    1    342     74      -    100     89      0      0      0      0   9501   1875  23289  23289      0
    0    372     61      -    100     88      0      0      0      0   9501   1965  23289      4      0
    1    339     74      -    100     88      0      0      0      0   9501   1875  23289  23289      0
    0    344     60      -    100     19      0      0      0      0   9501   1965  23289      4      0
    1    316     74      -    100     19      0      0      0      0   9501   1875  23289  23289      0
    0    363     61      -    100     88      0      0      0      0   9501   1965  23289      4      0
    1    333     74      -    100     88      0      0      0      0   9501   1875  23289  23289      0
    0    372     60      -    100     88      0      0      0      0   9501   1965  23289      4      0
    1    347     74      -    100     88      0      0      0      0   9501   1875  23289  23289      0
    0    368     60      -    100     89      0      0      0      0   9501   1965  23289      4      0
    1    348     74      -    100     88      0      0      0      0   9501   1875  23289  23289      0
    0    364     60      -    100     88      0      0      0      0   9501   1965  23289      4      0
    1    342     74      -    100     88      0      0      0      0   9501   1875  23289  23289      0
    0    364     59      -    100     88      0      0      0      0   9501   1965  23289      4      0
    1    343     74      -    100     88      0      0      0      0   9501   1875  23289  23289      0
    0    345     59      -    100     17      0      0      0      0   9501   1965  23289      4      0
    1    325     74      -    100     17      0      0      0      0   9501   1875  23289  23289      0
    0    367     59      -    100     88      0      0      0      0   9501   1965  23289      4      0
    1    347     74      -    100     88      0      0      0      0   9501   1875  23289  23289      0
    0    367     60      -    100     88      0      0      0      0   9501   1965  23289      4      0
    1    347     74      -    100     88      0      0      0      0   9501   1875  23289  23289      0
    0    368     60      -    100     88      0      0      0      0   9501   1965  23289      4      0
    1    347     74      -    100     88      0      0      0      0   9501   1875  23289  23289      0
    0    369     60      -    100     88      0      0      0      0   9501   1965  23289      4      0
    1    348     74      -    100     89      0      0      0      0   9501   1875  23289  23289      0
    0    370     60      -    100     89      0      0      0      0   9501   1965  23289      4      0
    1    348     74      -    100     89      0      0      0      0   9501   1875  23289  23289      0
# gpu    pwr  gtemp  mtemp     sm    mem    enc    dec    jpg    ofa   mclk   pclk     fb   bar1   ccpm
# Idx      W      C      C      %      %      %      %      %      %    MHz    MHz     MB     MB     MB
    0    377     61      -    100     88      0      0      0      0   9501   1965  23289      4      0
    1    349     74      -    100     88      0      0      0      0   9501   1875  23289  23289      0
    0    377     61      -    100     89      0      0      0      0   9501   1965  23289      4      0
    1    349     74      -    100     89      0      0      0      0   9501   1875  23289  23289      0
    0    371     61      -    100     19      0      0      0      0   9501   1965  23289      4      0
    1    341     74      -    100     19      0      0      0      0   9501   1875  23289  23289      0
    0    363     60      -    100     67      0      0      0      0   9501   1965  23289      4      0
    1    334     74      -    100     66      0      0      0      0   9501   1875  23289  23289      0
    0    341     61      -    100     17      0      0      0      0   9501   1965  23289      4      0
    1    315     75      -    100     17      0      0      0      0   9501   1875  23289  23289      0
    0    376     60      -    100     88      0      0      0      0   9501   1965  23289      4      0
    1    347     74      -    100     88      0      0      0      0   9501   1875  23289  23289      0
    0    370     60      -    100     88      0      0      0      0   9501   1965  23289      4      0
    1    348     74      -    100     88      0      0      0      0   9501   1875  23289  23289      0
    0    368     60      -    100     88      0      0      0      0   9501   1965  23289      4      0
    1    348     74      -    100     88      0      0      0      0   9501   1875  23289  23289      0
    0    364     60      -    100     88      0      0      0      0   9501   1965  23289      4      0
    1    344     74      -    100     88      0      0      0      0   9501   1875  23289  23289      0
    0    347     59      -    100     88      0      0      0      0   9501   1965  23289      4      0
    1    326     74      -    100     88      0      0      0      0   9501   1875  23289  23289      0
    0    361     59      -    100     88      0      0      0      0   9501   1965  23289      4      0
    1    338     74      -    100     88      0      0      0      0   9501   1875  23289  23289      0
    0    367     59      -    100     88      0      0      0      0   9501   1965  23289      4      0
    1    347     74      -    100     88      0      0      0      0   9501   1875  23289  23289      0
    0    368     60      -    100     88      0      0      0      0   9501   1965  23289      4      0
    1    348     74      -    100     88      0      0      0      0   9501   1875  23289  23289      0
    0    368     60      -    100     88      0      0      0      0   9501   1965  23289      4      0
    1    348     74      -    100     89      0      0      0      0   9501   1875  23289  23289      0
    0    369     60      -    100     88      0      0      0      0   9501   1965  23289      4      0
    1    348     74      -    100     89      0      0      0      0   9501   1875  23289  23289      0
    0    382     60      -    100     88      0      0      0      0   9501   1965  23289      4      0
    1    348     74      -    100     89      0      0      0      0   9501   1875  23289  23289      0
    0    381     61      -    100     89      0      0      0      0   9501   1965  23289      4      0
    1    348     74      -    100     89      0      0      0      0   9501   1875  23289  23289      0
    0    369     61      -    100     88      0      0      0      0   9501   1965  23289      4      0
    1    340     74      -    100     88      0      0      0      0   9501   1875  23289  23289      0
    0    361     61      -    100     88      0      0      0      0   9501   1965  23289      4      0
    1    333     74      -    100     88      0      0      0      0   9501   1875  23289  23289      0
    0    343     61      -    100     88      0      0      0      0   9501   1965  23289      4      0
    1    315     74      -    100     88      0      0      0      0   9501   1875  23289  23289      0
    0    369     60      -    100     88      0      0      0      0   9501   1965  23289      4      0
    1    347     74      -    100     88      0      0      0      0   9501   1875  23289  23289      0
    0    369     60      -    100     88      0      0      0      0   9501   1965  23289      4      0
    1    348     74      -    100     88      0      0      0      0   9501   1875  23289  23289      0
# gpu    pwr  gtemp  mtemp     sm    mem    enc    dec    jpg    ofa   mclk   pclk     fb   bar1   ccpm
# Idx      W      C      C      %      %      %      %      %      %    MHz    MHz     MB     MB     MB
    0    369     60      -    100     89      0      0      0      0   9501   1965  23289      4      0
    1    348     74      -    100     89      0      0      0      0   9501   1875  23289  23289      0
    0    369     60      -    100     88      0      0      0      0   9501   1965  23289      4      0
    1    348     74      -    100     88      0      0      0      0   9501   1875  23289  23289      0
    0    347     59      -    100     40      0      0      0      0   9501   1965  23289      4      0
    1    325     74      -    100     40      0      0      0      0   9501   1875  23289  23289      0
    0    366     59      -    100     88      0      0      0      0   9501   1965  23289      4      0
    1    344     74      -    100     88      0      0      0      0   9501   1875  23289  23289      0
    0    368     60      -    100     88      0      0      0      0   9501   1965  23289      4      0
    1    347     74      -    100     88      0      0      0      0   9501   1875  23289  23289      0
    0    369     60      -    100     88      0      0      0      0   9501   1965  23289      4      0
    1    348     74      -    100     88      0      0      0      0   9501   1875  23289  23289      0
    0    369     60      -    100     89      0      0      0      0   9501   1965  23289      4      0
    1    348     74      -    100     89      0      0      0      0   9501   1875  23289  23289      0
    0    375     60      -    100     89      0      0      0      0   9501   1965  23289      4      0
    1    348     74      -    100     89      0      0      0      0   9501   1875  23289  23289      0
    0    381     61      -    100     89      0      0      0      0   9501   1965  23289      4      0
    1    348     74      -    100     89      0      0      0      0   9501   1875  23289  23289      0
    0    381     61      -    100     89      0      0      0      0   9501   1965  23289      4      0
    1    349     74      -    100     89      0      0      0      0   9501   1875  23289  23289      0
    0    372     61      -    100     88      0      0      0      0   9501   1965  23289      4      0
    1    341     74      -    100     88      0      0      0      0   9501   1875  23289  23289      0
    0    370     60      -    100     69      0      0      0      0   9501   1965  23289      4      0
    1    340     74      -    100     69      0      0      0      0   9501   1875  23289  23289      0
    0    344     60      -    100     16      0      0      0      0   9501   1965  23289      4      0
    1    316     74      -    100     16      0      0      0      0   9501   1875  23289  23289      0
    0    362     60      -    100     88      0      0      0      0   9501   1965  23289      4      0
    1    334     74      -    100     88      0      0      0      0   9501   1875  23289  23289      0
    0    369     60      -    100     88      0      0      0      0   9501   1965  23289      4      0
    1    348     74      -    100     88      0      0      0      0   9501   1875  23289  23289      0
    0    368     59      -    100     88      0      0      0      0   9501   1965  23289      4      0
    1    348     74      -    100     88      0      0      0      0   9501   1875  23289  23289      0
    0    365     59      -    100     88      0      0      0      0   9501   1965  23289      4      0
    1    343     74      -    100     88      0      0      0      0   9501   1875  23289  23289      0
    0    359     59      -    100     33      0      0      0      0   9501   1965  23289      4      0
    1    338     74      -    100     33      0      0      0      0   9501   1875  23289  23289      0
    0    348     59      -    100     88      0      0      0      0   9501   1965  23289      4      0
    1    328     74      -    100     88      0      0      0      0   9501   1875  23289  23289      0
    0    366     59      -    100     88      0      0      0      0   9501   1965  23289      4      0
    1    346     74      -    100     88      0      0      0      0   9501   1875  23289  23289      0
    0    367     59      -    100     88      0      0      0      0   9501   1965  23289      4      0
    1    347     74      -    100     88      0      0      0      0   9501   1875  23289  23289      0
    0    368     60      -    100     89      0      0      0      0   9501   1965  23289      4      0
    1    347     74      -    100     89      0      0      0      0   9501   1875  23289  23289      0
# gpu    pwr  gtemp  mtemp     sm    mem    enc    dec    jpg    ofa   mclk   pclk     fb   bar1   ccpm
# Idx      W      C      C      %      %      %      %      %      %    MHz    MHz     MB     MB     MB
    0    369     60      -    100     89      0      0      0      0   9501   1965  23289      4      0
    1    348     74      -    100     89      0      0      0      0   9501   1875  23289  23289      0
    0    373     60      -    100     89      0      0      0      0   9501   1965  23289      4      0
    1    348     74      -    100     89      0      0      0      0   9501   1875  23289  23289      0
    0    379     60      -    100     88      0      0      0      0   9501   1965  23289      4      0
    1    348     74      -    100     88      0      0      0      0   9501   1875  23289  23289      0
    0    374     60      -    100     38      0      0      0      0   9501   1965  23289      4      0
    1    346     74      -    100     38      0      0      0      0   9501   1875  23289  23289      0
    0    369     61      -    100     88      0      0      0      0   9501   1965  23289      4      0
    1    340     74      -    100     88      0      0      0      0   9501   1875  23289  23289      0
    0    360     60      -    100     19      0      0      0      0   9501   1965  23289      4      0
    1    326     74      -    100     19      0      0      0      0   9501   1875  23289  23289      0
    0    342     60      -    100     88      0      0      0      0   9501   1965  23289      4      0
    1    317     74      -    100     88      0      0      0      0   9501   1875  23289  23289      0
    0    369     60      -    100     88      0      0      0      0   9501   1965  23289      4      0
    1    347     74      -    100     88      0      0      0      0   9501   1875  23289  23289      0
    0    368     60      -    100     88      0      0      0      0   9501   1965  23289      4      0
    1    348     74      -    100     88      0      0      0      0   9501   1875  23289  23289      0
    0    364     59      -    100     88      0      0      0      0   9501   1965  23289      4      0
    1    342     74      -    100     88      0      0      0      0   9501   1875  23289  23289      0
    0    366     59      -    100     63      0      0      0      0   9501   1965  23289      4      0
    1    346     74      -    100     63      0      0      0      0   9501   1875  23289  23289      0
    0    340     60      -    100     57      0      0      0      0   9501   1965  23289      4      0
    1    321     74      -    100     57      0      0      0      0   9501   1875  23289  23289      0
    0    365     59      -    100     88      0      0      0      0   9501   1965  23289      4      0
    1    345     74      -    100     88      0      0      0      0   9501   1875  23289  23289      0
    0    367     60      -    100     88      0      0      0      0   9501   1965  23289      4      0
    1    347     74      -    100     88      0      0      0      0   9501   1875  23289  23289      0
    0    368     60      -    100     88      0      0      0      0   9501   1965  23289      4      0
    1    347     74      -    100     88      0      0      0      0   9501   1875  23289  23289      0
    0    370     60      -    100     89      0      0      0      0   9501   1965  23289      4      0
    1    347     74      -    100     89      0      0      0      0   9501   1875  23289  23289      0
    0    376     60      -    100     89      0      0      0      0   9501   1965  23289      4      0
    1    348     74      -    100     89      0      0      0      0   9501   1875  23289  23289      0
    0    379     61      -    100     89      0      0      0      0   9501   1965  23289      4      0
    1    348     74      -    100     89      0      0      0      0   9501   1875  23289  23289      0
    0    379     61      -    100     88      0      0      0      0   9501   1965  23289      4      0
    1    348     74      -    100     88      0      0      0      0   9501   1875  23289  23289      0
    0    374     61      -    100     88      0      0      0      0   9501   1965  23289      4      0
    1    340     74      -    100     88      0      0      0      0   9501   1875  23289  23289      0
    0    365     60      -    100     67      0      0      0      0   9501   1965  23289      4      0
    1    339     74      -    100     68      0      0      0      0   9501   1875  23289  23289      0
    0    346     60      -    100     16      0      0      0      0   9501   1965  23289      4      0
    1    316     74      -    100     16      0      0      0      0   9501   1875  23289  23289      0
# gpu    pwr  gtemp  mtemp     sm    mem    enc    dec    jpg    ofa   mclk   pclk     fb   bar1   ccpm
# Idx      W      C      C      %      %      %      %      %      %    MHz    MHz     MB     MB     MB
    0    364     60      -    100     88      0      0      0      0   9501   1965  23289      4      0
    1    335     74      -    100     88      0      0      0      0   9501   1875  23289  23289      0
    0    370     60      -    100     88      0      0      0      0   9501   1965  23289      4      0
    1    348     74      -    100     88      0      0      0      0   9501   1875  23289  23289      0
    0    368     59      -    100     88      0      0      0      0   9501   1965  23289      4      0
    1    348     74      -    100     88      0      0      0      0   9501   1875  23289  23289      0
    0    363     59      -    100     88      0      0      0      0   9501   1965  23289      4      0
    1    343     74      -    100     88      0      0      0      0   9501   1875  23289  23289      0
    0    359     59      -    100     68      0      0      0      0   9501   1965  23289      4      0
    1    336     74      -    100     69      0      0      0      0   9501   1875  23289  23289      0
    0    352     59      -    100     88      0      0      0      0   9501   1965  23289      4      0
    1    331     74      -    100     88      0      0      0      0   9501   1875  23289  23289      0
    0    366     59      -    100     88      0      0      0      0   9501   1965  23289      4      0
    1    347     74      -    100     88      0      0      0      0   9501   1875  23289  23289      0
    0    368     59      -    100     88      0      0      0      0   9501   1965  23289      4      0
    1    347     74      -    100     88      0      0      0      0   9501   1875  23289  23289      0
    0    369     60      -    100     89      0      0      0      0   9501   1965  23289      4      0
    1    347     74      -    100     89      0      0      0      0   9501   1875  23289  23289      0
    0    369     60      -    100     89      0      0      0      0   9501   1965  23289      4      0
    1    348     74      -    100     89      0      0      0      0   9501   1875  23289  23289      0
    0    370     60      -    100     88      0      0      0      0   9501   1965  23289      4      0
    1    348     74      -    100     89      0      0      0      0   9501   1875  23289  23289      0
    0    375     61      -    100     89      0      0      0      0   9501   1965  23289      4      0
    1    348     74      -    100     89      0      0      0      0   9501   1875  23289  23289      0
    0    378     61      -    100     19      0      0      0      0   9501   1965  23289      4      0
    1    343     74      -    100     19      0      0      0      0   9501   1875  23289  23289      0
    0    367     61      -    100     88      0      0      0      0   9501   1965  23289      4      0
    1    341     74      -    100     88      0      0      0      0   9501   1875  23289  23289      0
    0    340     61      -    100     46      0      0      0      0   9501   1965  23289      4      0
    1    313     74      -    100     46      0      0      0      0   9501   1875  23289  23289      0
    0    363     61      -    100     88      0      0      0      0   9501   1965  23289      4      0
    1    338     74      -    100     88      0      0      0      0   9501   1875  23289  23289      0
    0    370     60      -    100     88      0      0      0      0   9501   1965  23289      4      0
    1    347     74      -    100     88      0      0      0      0   9501   1875  23289  23289      0
    0    369     60      -    100     88      0      0      0      0   9501   1965  23289      4      0
    1    348     74      -    100     88      0      0      0      0   9501   1875  23289  23289      0
    0    364     60      -    100     88      0      0      0      0   9501   1965  23289      4      0
    1    343     74      -    100     88      0      0      0      0   9501   1875  23289  23289      0
    0    360     59      -    100     46      0      0      0      0   9501   1965  23289      4      0
    1    334     74      -    100     45      0      0      0      0   9501   1875  23289  23289      0
    0    356     60      -    100     88      0      0      0      0   9501   1965  23289      4      0
    1    330     74      -    100     88      0      0      0      0   9501   1875  23289  23289      0
    0    370     60      -    100     88      0      0      0      0   9501   1965  23289      4      0
    1    347     74      -    100     88      0      0      0      0   9501   1875  23289  23289      0
# gpu    pwr  gtemp  mtemp     sm    mem    enc    dec    jpg    ofa   mclk   pclk     fb   bar1   ccpm
# Idx      W      C      C      %      %      %      %      %      %    MHz    MHz     MB     MB     MB
    0    367     60      -    100     88      0      0      0      0   9501   1965  23289      4      0
    1    347     74      -    100     88      0      0      0      0   9501   1875  23289  23289      0
    0    368     60      -    100     89      0      0      0      0   9501   1965  23289      4      0
    1    348     74      -    100     89      0      0      0      0   9501   1875  23289  23289      0
    0    376     60      -    100     88      0      0      0      0   9501   1965  23289      4      0
    1    348     74      -    100     88      0      0      0      0   9501   1875  23289  23289      0
    0    378     60      -    100     89      0      0      0      0   9501   1965  23289      4      0
    1    348     74      -    100     89      0      0      0      0   9501   1875  23289  23289      0
    0    379     61      -    100     89      0      0      0      0   9501   1965  23289      4      0
    1    348     74      -    100     89      0      0      0      0   9501   1875  23289  23289      0
    0    377     60      -    100     89      0      0      0      0   9501   1965  23289      4      0
    1    343     74      -    100     89      0      0      0      0   9501   1875  23289  23289      0
    0    371     60      -    100     88      0      0      0      0   9501   1965  23289      4      0
    1    340     74      -    100     88      0      0      0      0   9501   1875  23289  23289      0
    0    356     60      -    100     20      0      0      0      0   9501   1965  23289      4      0
    1    325     74      -    100     21      0      0      0      0   9501   1875  23289  23289      0
    0    348     60      -    100     16      0      0      0      0   9501   1965  23289      4      0
    1    319     74      -    100     16      0      0      0      0   9501   1875  23289  23289      0
    0    372     60      -    100     88      0      0      0      0   9501   1965  23289      4      0
    1    347     74      -    100     88      0      0      0      0   9501   1875  23289  23289      0
    0    367     59      -    100     88      0      0      0      0   9501   1965  23289      4      0
    1    348     74      -    100     88      0      0      0      0   9501   1875  23289  23289      0
    0    361     59      -    100     88      0      0      0      0   9501   1965  23289      4      0
    1    342     74      -    100     88      0      0      0      0   9501   1875  23289  23289      0
    0    365     59      -    100     88      0      0      0      0   9501   1965  23289      4      0
    1    344     74      -    100     88      0      0      0      0   9501   1875  23289  23289      0
    0    337     59      -    100     43      0      0      0      0   9501   1965  23289      4      0
    1    318     74      -    100     43      0      0      0      0   9501   1875  23289  23289      0
    0    364     59      -    100     88      0      0      0      0   9501   1965  23289      4      0
    1    344     74      -    100     88      0      0      0      0   9501   1875  23289  23289      0
    0    366     59      -    100     88      0      0      0      0   9501   1965  23289      4      0
    1    347     74      -    100     88      0      0      0      0   9501   1875  23289  23289      0
    0    367     59      -    100     88      0      0      0      0   9501   1965  23289      4      0
    1    347     74      -    100     88      0      0      0      0   9501   1875  23289  23289      0
    0    368     60      -    100     88      0      0      0      0   9501   1965  23289      4      0
    1    348     74      -    100     88      0      0      0      0   9501   1875  23289  23289      0
    0    369     60      -    100     88      0      0      0      0   9501   1965  23289      4      0
    1    348     74      -    100     88      0      0      0      0   9501   1875  23289  23289      0
    0    369     60      -    100     89      0      0      0      0   9501   1965  23289      4      0
    1    348     74      -    100     89      0      0      0      0   9501   1875  23289  23289      0
    0    373     61      -    100     89      0      0      0      0   9501   1965  23289      4      0
    1    348     74      -    100     89      0      0      0      0   9501   1875  23289  23289      0
    0    374     61      -    100     47      0      0      0      0   9501   1965  23289      4      0
    1    341     74      -    100     48      0      0      0      0   9501   1875  23289  23289      0
# gpu    pwr  gtemp  mtemp     sm    mem    enc    dec    jpg    ofa   mclk   pclk     fb   bar1   ccpm
# Idx      W      C      C      %      %      %      %      %      %    MHz    MHz     MB     MB     MB
    0    370     60      -    100     88      0      0      0      0   9501   1965  23289      4      0
    1    339     74      -    100     88      0      0      0      0   9501   1875  23289  23289      0
    0    348     61      -    100     19      0      0      0      0   9501   1965  23289      4      0
    1    316     74      -    100     19      0      0      0      0   9501   1875  23289  23289      0
    0    362     61      -    100     88      0      0      0      0   9501   1965  23289      4      0
    1    334     74      -    100     88      0      0      0      0   9501   1875  23289  23289      0
    0    369     60      -    100     88      0      0      0      0   9501   1965  23289      4      0
    1    347     74      -    100     88      0      0      0      0   9501   1875  23289  23289      0
    0    369     60      -    100     88      0      0      0      0   9501   1965  23289      4      0
    1    348     74      -    100     88      0      0      0      0   9501   1875  23289  23289      0
    0    366     60      -    100     88      0      0      0      0   9501   1965  23289      4      0
    1    343     74      -    100     88      0      0      0      0   9501   1875  23289  23289      0
    0    357     59      -    100     57      0      0      0      0   9501   1965  23289      4      0
    1    336     74      -    100     57      0      0      0      0   9501   1875  23289  23289      0
    0    350     60      -    100     63      0      0      0      0   9501   1965  23289      4      0
    1    329     74      -    100     62      0      0      0      0   9501   1875  23289  23289      0
    0    369     60      -    100     88      0      0      0      0   9501   1965  23289      4      0
    1    347     74      -    100     88      0      0      0      0   9501   1875  23289  23289      0
    0    368     60      -    100     88      0      0      0      0   9501   1965  23289      4      0
    1    347     74      -    100     89      0      0      0      0   9501   1875  23289  23289      0
    0    369     60      -    100     88      0      0      0      0   9501   1965  23289      4      0
    1    347     74      -    100     88      0      0      0      0   9501   1875  23289  23289      0
    0    375     61      -    100     89      0      0      0      0   9501   1965  23289      4      0
    1    348     74      -    100     89      0      0      0      0   9501   1875  23289  23289      0
    0    381     61      -    100     89      0      0      0      0   9501   1965  23289      4      0
    1    348     74      -    100     89      0      0      0      0   9501   1875  23289  23289      0
    0    383     61      -    100     88      0      0      0      0   9501   1965  23289      4      0
    1    348     74      -    100     88      0      0      0      0   9501   1875  23289  23289      0
    0    378     61      -    100     88      0      0      0      0   9501   1965  23289      4      0
    1    345     74      -    100     89      0      0      0      0   9501   1875  23289  23289      0
    0    373     61      -    100     88      0      0      0      0   9501   1965  23289      4      0
    1    339     74      -    100     88      0      0      0      0   9501   1875  23289  23289      0
    0    353     60      -    100     57      0      0      0      0   9501   1965  23289      4      0
    1    326     74      -    100     58      0      0      0      0   9501   1875  23289  23289      0
    0    348     60      -    100     16      0      0      0      0   9501   1965  23289      4      0
    1    317     74      -    100     16      0      0      0      0   9501   1875  23289  23289      0
    0    372     60      -    100     88      0      0      0      0   9501   1965  23289      4      0
    1    347     74      -    100     88      0      0      0      0   9501   1875  23289  23289      0
    0    368     60      -    100     88      0      0      0      0   9501   1965  23289      4      0
    1    348     74      -    100     88      0      0      0      0   9501   1875  23289  23289      0
    0    368     59      -    100     89      0      0      0      0   9501   1965  23289      4      0
    1    348     74      -    100     89      0      0      0      0   9501   1875  23289  23289      0
    0    365     59      -    100     88      0      0      0      0   9501   1965  23289      4      0
    1    343     74      -    100     88      0      0      0      0   9501   1875  23289  23289      0
# gpu    pwr  gtemp  mtemp     sm    mem    enc    dec    jpg    ofa   mclk   pclk     fb   bar1   ccpm
# Idx      W      C      C      %      %      %      %      %      %    MHz    MHz     MB     MB     MB
    0    346     59      -    100     56      0      0      0      0   9501   1965  23289      4      0
    1    326     74      -    100     56      0      0      0      0   9501   1875  23289  23289      0
    0    368     59      -    100     88      0      0      0      0   9501   1965  23289      4      0
    1    347     74      -    100     88      0      0      0      0   9501   1875  23289  23289      0
    0    366     60      -    100     88      0      0      0      0   9501   1965  23289      4      0
    1    347     74      -    100     88      0      0      0      0   9501   1875  23289  23289      0
    0    368     60      -    100     88      0      0      0      0   9501   1965  23289      4      0
    1    347     74      -    100     88      0      0      0      0   9501   1875  23289  23289      0
    0    370     60      -    100     88      0      0      0      0   9501   1965  23289      4      0
    1    348     74      -    100     89      0      0      0      0   9501   1875  23289  23289      0
    0    375     60      -    100     89      0      0      0      0   9501   1965  23289      4      0
    1    348     74      -    100     89      0      0      0      0   9501   1875  23289  23289      0
    0    381     61      -    100     88      0      0      0      0   9501   1965  23289      4      0
    1    348     74      -    100     89      0      0      0      0   9501   1875  23289  23289      0
    0    375     61      -    100     88      0      0      0      0   9501   1965  23289      4      0
    1    348     74      -    100     88      0      0      0      0   9501   1875  23289  23289      0
    0    372     61      -    100     60      0      0      0      0   9501   1965  23289      4      0
    1    340     74      -    100     60      0      0      0      0   9501   1875  23289  23289      0
    0    362     61      -    100     88      0      0      0      0   9501   1965  23289      4      0
    1    333     74      -    100     88      0      0      0      0   9501   1875  23289  23289      0
    0    349     60      -    100     88      0      0      0      0   9501   1965  23289      4      0
    1    314     74      -    100     28      0      0      0      0   9501   1875  23289  23289      0
    0    375     60      -    100     88      0      0      0      0   9501   1965  23289      4      0
    1    347     74      -    100     88      0      0      0      0   9501   1875  23289  23289      0
    0    368     59      -    100     88      0      0      0      0   9501   1965  23289      4      0
    1    348     74      -    100     88      0      0      0      0   9501   1875  23289  23289      0
    0    363     59      -    100     88      0      0      0      0   9501   1965  23289      4      0
    1    343     74      -    100     88      0      0      0      0   9501   1875  23289  23289      0
    0    363     59      -    100     25      0      0      0      0   9501   1965  23289      4      0
    1    342     74      -    100     24      0      0      0      0   9501   1875  23289  23289      0
    0    344     59      -    100     88      0      0      0      0   9501   1965  23289      4      0
    1    324     74      -    100     88      0      0      0      0   9501   1875  23289  23289      0
    0    366     59      -    100     88      0      0      0      0   9501   1965  23289      4      0
    1    347     74      -    100     88      0      0      0      0   9501   1875  23289  23289      0
    0    367     59      -    100     88      0      0      0      0   9501   1965  23289      4      0
    1    347     74      -    100     88      0      0      0      0   9501   1875  23289  23289      0
    0    367     60      -    100     88      0      0      0      0   9501   1965  23289      4      0
    1    347     74      -    100     88      0      0      0      0   9501   1875  23289  23289      0
    0    368     60      -    100     88      0      0      0      0   9501   1965  23289      4      0
    1    348     74      -    100     88      0      0      0      0   9501   1875  23289  23289      0
    0    371     60      -    100     88      0      0      0      0   9501   1965  23289      4      0
    1    348     74      -    100     88      0      0      0      0   9501   1875  23289  23289      0
    0    375     60      -    100     89      0      0      0      0   9501   1965  23289      4      0
    1    348     74      -    100     88      0      0      0      0   9501   1875  23289  23289      0
# gpu    pwr  gtemp  mtemp     sm    mem    enc    dec    jpg    ofa   mclk   pclk     fb   bar1   ccpm
# Idx      W      C      C      %      %      %      %      %      %    MHz    MHz     MB     MB     MB
    0    377     61      -    100     89      0      0      0      0   9501   1965  23289      4      0
    1    348     74      -    100     89      0      0      0      0   9501   1875  23289  23289      0
    0    369     61      -    100     88      0      0      0      0   9501   1965  23289      4      0
    1    340     74      -    100     88      0      0      0      0   9501   1875  23289  23289      0
    0    366     61      -    100     66      0      0      0      0   9501   1965  23289      4      0
    1    333     74      -    100     65      0      0      0      0   9501   1875  23289  23289      0
    0    342     61      -    100     16      0      0      0      0   9501   1965  23289      4      0
    1    314     74      -    100     16      0      0      0      0   9501   1875  23289  23289      0
    0    374     60      -    100     88      0      0      0      0   9501   1965  23289      4      0
    1    343     74      -    100     88      0      0      0      0   9501   1875  23289  23289      0
    0    369     60      -    100     88      0      0      0      0   9501   1965  23289      4      0
    1    348     74      -    100     88      0      0      0      0   9501   1875  23289  23289      0
    0    369     60      -    100     88      0      0      0      0   9501   1965  23289      4      0
    1    348     74      -    100     88      0      0      0      0   9501   1875  23289  23289      0
    0    369     60      -    100     89      0      0      0      0   9501   1965  23289      4      0
    1    348     74      -    100     89      0      0      0      0   9501   1875  23289  23289      0
    0    352     59      -    100     18      0      0      0      0   9501   1965  23289      4      0
    1    329     74      -    100     19      0      0      0      0   9501   1875  23289  23289      0
    0    360     59      -    100     88      0      0      0      0   9501   1965  23289      4      0
    1    340     74      -    100     88      0      0      0      0   9501   1875  23289  23289      0
    0    367     60      -    100     88      0      0      0      0   9501   1965  23289      4      0
    1    347     74      -    100     88      0      0      0      0   9501   1875  23289  23289      0
    0    368     60      -    100     88      0      0      0      0   9501   1965  23289      4      0
    1    348     74      -    100     89      0      0      0      0   9501   1875  23289  23289      0
    0    369     60      -    100     88      0      0      0      0   9501   1965  23289      4      0
    1    348     74      -    100     89      0      0      0      0   9501   1875  23289  23289      0
    0    374     60      -    100     88      0      0      0      0   9501   1965  23289      4      0
    1    348     74      -    100     88      0      0      0      0   9501   1875  23289  23289      0
    0    380     61      -    100     89      0      0      0      0   9501   1965  23289      4      0
    1    349     74      -    100     89      0      0      0      0   9501   1875  23289  23289      0
    0    379     61      -    100     89      0      0      0      0   9501   1965  23289      4      0
    1    349     74      -    100     89      0      0      0      0   9501   1875  23289  23289      0
    0    376     61      -    100     88      0      0      0      0   9501   1965  23289      4      0
    1    341     74      -    100     88      0      0      0      0   9501   1875  23289  23289      0
    0    374     60      -    100     19      0      0      0      0   9501   1965  23289      4      0
    1    342     74      -    100     19      0      0      0      0   9501   1875  23289  23289      0
    0    346     60      -    100     23      0      0      0      0   9501   1965  23289      4      0
    1    316     74      -    100     24      0      0      0      0   9501   1875  23289  23289      0
    0    356     60      -    100     88      0      0      0      0   9501   1965  23289      4      0
    1    330     74      -    100     88      0      0      0      0   9501   1875  23289  23289      0
    0    368     60      -    100     88      0      0      0      0   9501   1965  23289      4      0
    1    347     74      -    100     88      0      0      0      0   9501   1875  23289  23289      0
    0    368     59      -    100     88      0      0      0      0   9501   1965  23289      4      0
    1    348     74      -    100     88      0      0      0      0   9501   1875  23289  23289      0
# gpu    pwr  gtemp  mtemp     sm    mem    enc    dec    jpg    ofa   mclk   pclk     fb   bar1   ccpm
# Idx      W      C      C      %      %      %      %      %      %    MHz    MHz     MB     MB     MB
    0    364     59      -    100     88      0      0      0      0   9501   1965  23289      4      0
    1    342     74      -    100     88      0      0      0      0   9501   1875  23289  23289      0
    0    358     59      -    100     89      0      0      0      0   9501   1965  23289      4      0
    1    339     74      -    100     88      0      0      0      0   9501   1875  23289  23289      0
    0    355     59      -    100     88      0      0      0      0   9501   1965  23289      4      0
    1    334     74      -    100     88      0      0      0      0   9501   1875  23289  23289      0
    0    367     59      -    100     88      0      0      0      0   9501   1965  23289      4      0
    1    347     74      -    100     88      0      0      0      0   9501   1875  23289  23289      0
    0    368     60      -    100     88      0      0      0      0   9501   1965  23289      4      0
    1    347     74      -    100     88      0      0      0      0   9501   1875  23289  23289      0
    0    368     60      -    100     88      0      0      0      0   9501   1965  23289      4      0
    1    348     74      -    100     88      0      0      0      0   9501   1875  23289  23289      0
    0    369     60      -    100     88      0      0      0      0   9501   1965  23289      4      0
    1    348     74      -    100     88      0      0      0      0   9501   1875  23289  23289      0
    0    374     60      -    100     88      0      0      0      0   9501   1965  23289      4      0
    1    348     74      -    100     89      0      0      0      0   9501   1875  23289  23289      0
    0    377     61      -    100     89      0      0      0      0   9501   1965  23289      4      0
    1    349     74      -    100     89      0      0      0      0   9501   1875  23289  23289      0
    0    377     61      -    100     56      0      0      0      0   9501   1965  23289      4      0
    1    347     74      -    100     57      0      0      0      0   9501   1875  23289  23289      0
    0    375     61      -    100     88      0      0      0      0   9501   1965  23289      4      0
    1    340     74      -    100     88      0      0      0      0   9501   1875  23289  23289      0
    0    359     60      -    100     19      0      0      0      0   9501   1965  23289      4      0
    1    328     74      -    100     19      0      0      0      0   9501   1875  23289  23289      0
    0    346     61      -    100     88      0      0      0      0   9501   1965  23289      4      0
    1    317     74      -    100     88      0      0      0      0   9501   1875  23289  23289      0
    0    375     60      -    100     88      0      0      0      0   9501   1965  23289      4      0
    1    347     74      -    100     88      0      0      0      0   9501   1875  23289  23289      0
    0    369     60      -    100     88      0      0      0      0   9501   1965  23289      4      0
    1    348     74      -    100     88      0      0      0      0   9501   1875  23289  23289      0
    0    368     60      -    100     88      0      0      0      0   9501   1965  23289      4      0
    1    348     74      -    100     88      0      0      0      0   9501   1875  23289  23289      0
    0    367     59      -    100     75      0      0      0      0   9501   1965  23289      4      0
    1    347     74      -    100     75      0      0      0      0   9501   1875  23289  23289      0
    0    349     59      -    100     88      0      0      0      0   9501   1965  23289      4      0
    1    328     74      -    100     88      0      0      0      0   9501   1875  23289  23289      0
    0    366     59      -    100     88      0      0      0      0   9501   1965  23289      4      0
    1    347     74      -    100     88      0      0      0      0   9501   1875  23289  23289      0
    0    369     60      -    100     88      0      0      0      0   9501   1965  23289      4      0
    1    347     74      -    100     88      0      0      0      0   9501   1875  23289  23289      0
    0    370     60      -    100     88      0      0      0      0   9501   1965  23289      4      0
    1    348     74      -    100     88      0      0      0      0   9501   1875  23289  23289      0
    0    377     60      -    100     89      0      0      0      0   9501   1965  23289      4      0
    1    348     74      -    100     89      0      0      0      0   9501   1875  23289  23289      0
# gpu    pwr  gtemp  mtemp     sm    mem    enc    dec    jpg    ofa   mclk   pclk     fb   bar1   ccpm
# Idx      W      C      C      %      %      %      %      %      %    MHz    MHz     MB     MB     MB
    0    377     60      -    100     88      0      0      0      0   9501   1965  23289      4      0
    1    348     74      -    100     88      0      0      0      0   9501   1875  23289  23289      0
    0    381     61      -    100     88      0      0      0      0   9501   1965  23289      4      0
    1    348     74      -    100     88      0      0      0      0   9501   1875  23289  23289      0
    0    379     61      -    100     88      0      0      0      0   9501   1965  23289      4      0
    1    349     74      -    100     89      0      0      0      0   9501   1875  23289  23289      0
    0    370     61      -    100     88      0      0      0      0   9501   1965  23289      4      0
    1    341     74      -    100     88      0      0      0      0   9501   1875  23289  23289      0
    0    364     60      -    100     88      0      0      0      0   9501   1965  23289      4      0
    1    333     74      -    100     88      0      0      0      0   9501   1875  23289  23289      0
    0    342     60      -    100     64      0      0      0      0   9501   1965  23289      4      0
    1    316     74      -    100     63      0      0      0      0   9501   1875  23289  23289      0
    0    366     60      -    100     88      0      0      0      0   9501   1965  23289      4      0
    1    347     74      -    100     88      0      0      0      0   9501   1875  23289  23289      0
    0    367     59      -    100     88      0      0      0      0   9501   1965  23289      4      0
    1    348     74      -    100     89      0      0      0      0   9501   1875  23289  23289      0
    0    365     59      -    100     58      0      0      0      0   9501   1965  23289      4      0
    1    344     74      -    100     59      0      0      0      0   9501   1875  23289  23289      0
    0    357     59      -    100     88      0      0      0      0   9501   1965  23289      4      0
    1    338     74      -    100     88      0      0      0      0   9501   1875  23289  23289      0
    0    346     59      -    100     37      0      0      0      0   9501   1965  23289      4      0
    1    330     74      -    100     37      0      0      0      0   9501   1875  23289  23289      0
    0    367     59      -    100     88      0      0      0      0   9501   1965  23289      4      0
    1    347     74      -    100     88      0      0      0      0   9501   1875  23289  23289      0
    0    367     60      -    100     88      0      0      0      0   9501   1965  23289      4      0
    1    347     74      -    100     88      0      0      0      0   9501   1875  23289  23289      0
    0    368     60      -    100     88      0      0      0      0   9501   1965  23289      4      0
    1    348     74      -    100     88      0      0      0      0   9501   1875  23289  23289      0
    0    369     60      -    100     88      0      0      0      0   9501   1965  23289      4      0
    1    348     74      -    100     89      0      0      0      0   9501   1875  23289  23289      0
    0    370     60      -    100     89      0      0      0      0   9501   1965  23289      4      0
    1    348     74      -    100     89      0      0      0      0   9501   1875  23289  23289      0
    0    381     61      -    100     89      0      0      0      0   9501   1965  23289      4      0
    1    349     75      -    100     89      0      0      0      0   9501   1875  23289  23289      0
    0    373     61      -    100     89      0      0      0      0   9501   1965  23289      4      0
    1    342     74      -    100     88      0      0      0      0   9501   1875  23289  23289      0
    0    367     61      -    100     87      0      0      0      0   9501   1965  23289      4      0
    1    340     74      -    100     88      0      0      0      0   9501   1875  23289  23289      0
    0    362     61      -    100     88      0      0      0      0   9501   1965  23289      4      0
    1    333     75      -    100     39      0      0      0      0   9501   1875  23289  23289      0
    0    351     61      -    100     31      0      0      0      0   9501   1965  23289      4      0
    1    323     74      -    100     16      0      0      0      0   9501   1875  23289  23289      0
    0    375     60      -    100     88      0      0      0      0   9501   1965  23289      4      0
    1    347     74      -    100     88      0      0      0      0   9501   1875  23289  23289      0
# gpu    pwr  gtemp  mtemp     sm    mem    enc    dec    jpg    ofa   mclk   pclk     fb   bar1   ccpm
# Idx      W      C      C      %      %      %      %      %      %    MHz    MHz     MB     MB     MB
    0    369     60      -    100     88      0      0      0      0   9501   1965  23289      4      0
    1    348     74      -    100     89      0      0      0      0   9501   1875  23289  23289      0
    0    361     59      -    100     88      0      0      0      0   9501   1965  23289      4      0
    1    338     74      -    100     41      0      0      0      0   9501   1875  23289  23289      0
    0    364     59      -    100     88      0      0      0      0   9501   1965  23289      4      0
    1    345     74      -    100     88      0      0      0      0   9501   1875  23289  23289      0
    0    353     59      -    100     36      0      0      0      0   9501   1965  23289      4      0
    1    326     74      -    100     88      0      0      0      0   9501   1875  23289  23289      0
    0    358     59      -    100     88      0      0      0      0   9501   1965  23289      4      0
    1    342     74      -    100     88      0      0      0      0   9501   1875  23289  23289      0
    0    367     59      -    100     88      0      0      0      0   9501   1965  23289      4      0
    1    347     74      -    100     88      0      0      0      0   9501   1875  23289  23289      0
    0    367     60      -    100     88      0      0      0      0   9501   1965  23289      4      0
    1    348     74      -    100     88      0      0      0      0   9501   1875  23289  23289      0
    0    369     60      -    100     88      0      0      0      0   9501   1965  23289      4      0
    1    348     74      -    100     89      0      0      0      0   9501   1875  23289  23289      0
    0    372     60      -    100     89      0      0      0      0   9501   1965  23289      4      0
    1    348     74      -    100     89      0      0      0      0   9501   1875  23289  23289      0
    0    374     60      -    100     89      0      0      0      0   9501   1965  23289      4      0
    1    349     74      -    100     89      0      0      0      0   9501   1875  23289  23289      0
    0    379     61      -    100     89      0      0      0      0   9501   1965  23289      4      0
    1    348     74      -    100     88      0      0      0      0   9501   1875  23289  23289      0
    0    368     61      -    100     54      0      0      0      0   9501   1965  23289      4      0
    1    333     74      -    100     88      0      0      0      0   9501   1875  23289  23289      0
    0    378     61      -    100     88      0      0      0      0   9501   1965  23289      4      0
    1    346     74      -    100     88      0      0      0      0   9501   1875  23289  23289      0
    0    344     60      -    100     41      0      0      0      0   9501   1965  23289      4      0
    1    320     74      -    100     88      0      0      0      0   9501   1875  23289  23289      0
    0    356     60      -    100     88      0      0      0      0   9501   1965  23289      4      0
    1    331     74      -    100     88      0      0      0      0   9501   1875  23289  23289      0
    0    369     60      -    100     88      0      0      0      0   9501   1965  23289      4      0
    1    348     74      -    100     88      0      0      0      0   9501   1875  23289  23289      0
    0    367     60      -    100     88      0      0      0      0   9501   1965  23289      4      0
    1    347     74      -    100     89      0      0      0      0   9501   1875  23289  23289      0
    0    359     59      -    100     77      0      0      0      0   9501   1965  23289      4      0
    1    338     74      -    100     22      0      0      0      0   9501   1875  23289  23289      0
    0    358     59      -    100     88      0      0      0      0   9501   1965  23289      4      0
    1    337     74      -    100     88      0      0      0      0   9501   1875  23289  23289      0
    0    351     59      -    100     83      0      0      0      0   9501   1965  23289      4      0
    1    330     74      -    100     19      0      0      0      0   9501   1875  23289  23289      0
    0    368     60      -    100     88      0      0      0      0   9501   1965  23289      4      0
    1    347     74      -    100     88      0      0      0      0   9501   1875  23289  23289      0
    0    369     60      -    100     88      0      0      0      0   9501   1965  23289      4      0
    1    347     74      -    100     88      0      0      0      0   9501   1875  23289  23289      0
# gpu    pwr  gtemp  mtemp     sm    mem    enc    dec    jpg    ofa   mclk   pclk     fb   bar1   ccpm
# Idx      W      C      C      %      %      %      %      %      %    MHz    MHz     MB     MB     MB
    0    369     60      -    100     88      0      0      0      0   9501   1965  23289      4      0
    1    348     74      -    100     88      0      0      0      0   9501   1875  23289  23289      0
    0    370     60      -    100     88      0      0      0      0   9501   1965  23289      4      0
    1    348     74      -    100     88      0      0      0      0   9501   1875  23289  23289      0
    0    374     61      -    100     89      0      0      0      0   9501   1965  23289      4      0
    1    348     75      -    100     88      0      0      0      0   9501   1875  23289  23289      0
    0    378     61      -    100     88      0      0      0      0   9501   1965  23289      4      0
    1    349     74      -    100     89      0      0      0      0   9501   1875  23289  23289      0
    0    373     61      -    100     89      0      0      0      0   9501   1965  23289      4      0
    1    341     74      -    100     89      0      0      0      0   9501   1875  23289  23289      0
    0    372     61      -    100     61      0      0      0      0   9501   1965  23289      4      0
    1    338     75      -    100     60      0      0      0      0   9501   1875  23289  23289      0
    0    363     61      -    100     88      0      0      0      0   9501   1965  23289      4      0
    1    333     74      -    100     88      0      0      0      0   9501   1875  23289  23289      0
    0    344     61      -    100     60      0      0      0      0   9501   1965  23289      4      0
    1    320     74      -    100     61      0      0      0      0   9501   1875  23289  23289      0
    0    376     60      -    100     88      0      0      0      0   9501   1965  23289      4      0
    1    347     74      -    100     88      0      0      0      0   9501   1875  23289  23289      0
    0    369     60      -    100     88      0      0      0      0   9501   1965  23289      4      0
    1    348     74      -    100     88      0      0      0      0   9501   1875  23289  23289      0
    0    365     60      -    100     88      0      0      0      0   9501   1965  23289      4      0
    1    344     74      -    100     89      0      0      0      0   9501   1875  23289  23289      0
    0    364     59      -    100     88      0      0      0      0   9501   1965  23289      4      0
    1    344     74      -    100     88      0      0      0      0   9501   1875  23289  23289      0
    0    348     59      -    100     53      0      0      0      0   9501   1965  23289      4      0
    1    327     74      -    100     52      0      0      0      0   9501   1875  23289  23289      0
    0    359     59      -    100     88      0      0      0      0   9501   1965  23289      4      0
    1    338     74      -    100     88      0      0      0      0   9501   1875  23289  23289      0
    0    367     60      -    100     88      0      0      0      0   9501   1965  23289      4      0
    1    347     74      -    100     88      0      0      0      0   9501   1875  23289  23289      0
    0    369     60      -    100     88      0      0      0      0   9501   1965  23289      4      0
    1    348     74      -    100     88      0      0      0      0   9501   1875  23289  23289      0
    0    370     60      -    100     88      0      0      0      0   9501   1965  23289      4      0
    1    348     74      -    100     88      0      0      0      0   9501   1875  23289  23289      0
    0    375     60      -    100     88      0      0      0      0   9501   1965  23289      4      0
    1    348     74      -    100     88      0      0      0      0   9501   1875  23289  23289      0
    0    382     61      -    100     88      0      0      0      0   9501   1965  23289      4      0
    1    349     74      -    100     88      0      0      0      0   9501   1875  23289  23289      0
    0    379     61      -    100     88      0      0      0      0   9501   1965  23289      4      0
    1    348     74      -    100     88      0      0      0      0   9501   1875  23289  23289      0
    0    364     61      -    100     52      0      0      0      0   9501   1965  23289      4      0
    1    333     74      -    100     51      0      0      0      0   9501   1875  23289  23289      0
    0    378     61      -    100     88      0      0      0      0   9501   1965  23289      4      0
    1    345     74      -    100     88      0      0      0      0   9501   1875  23289  23289      0
# gpu    pwr  gtemp  mtemp     sm    mem    enc    dec    jpg    ofa   mclk   pclk     fb   bar1   ccpm
# Idx      W      C      C      %      %      %      %      %      %    MHz    MHz     MB     MB     MB
    0    350     61      -    100     40      0      0      0      0   9501   1965  23289      4      0
    1    325     74      -    100     38      0      0      0      0   9501   1875  23289  23289      0
    0    360     60      -    100     88      0      0      0      0   9501   1965  23289      4      0
    1    330     74      -    100     88      0      0      0      0   9501   1875  23289  23289      0
    0    371     60      -    100     88      0      0      0      0   9501   1965  23289      4      0
    1    348     74      -    100     89      0      0      0      0   9501   1875  23289  23289      0
    0    368     60      -    100     88      0      0      0      0   9501   1965  23289      4      0
    1    348     74      -    100     88      0      0      0      0   9501   1875  23289  23289      0
    0    362     59      -    100     88      0      0      0      0   9501   1965  23289      4      0
    1    343     74      -    100     88      0      0      0      0   9501   1875  23289  23289      0
    0    351     59      -    100     19      0      0      0      0   9501   1965  23289      4      0
    1    338     74      -    100     88      0      0      0      0   9501   1875  23289  23289      0
    0    363     59      -    100     88      0      0      0      0   9501   1965  23289      4      0
    1    342     74      -    100     88      0      0      0      0   9501   1875  23289  23289      0
    0    367     59      -    100     88      0      0      0      0   9501   1965  23289      4      0
    1    347     74      -    100     88      0      0      0      0   9501   1875  23289  23289      0
    0    367     60      -    100     88      0      0      0      0   9501   1965  23289      4      0
    1    348     74      -    100     88      0      0      0      0   9501   1875  23289  23289      0
    0    369     60      -    100     88      0      0      0      0   9501   1965  23289      4      0
    1    348     74      -    100     88      0      0      0      0   9501   1875  23289  23289      0
    0    372     60      -    100     88      0      0      0      0   9501   1965  23289      4      0
    1    348     74      -    100     88      0      0      0      0   9501   1875  23289  23289      0
    0    379     60      -    100     89      0      0      0      0   9501   1965  23289      4      0
    1    349     74      -    100     88      0      0      0      0   9501   1875  23289  23289      0
    0    378     61      -    100     88      0      0      0      0   9501   1965  23289      4      0
    1    349     74      -    100     88      0      0      0      0   9501   1875  23289  23289      0
    0    365     61      -    100     88      0      0      0      0   9501   1965  23289      4      0
    1    333     74      -    100     88      0      0      0      0   9501   1875  23289  23289      0
    0    378     61      -    100     70      0      0      0      0   9501   1965  23289      4      0
    1    347     74      -    100     71      0      0      0      0   9501   1875  23289  23289      0
    0    343     60      -    100     16      0      0      0      0   9501   1965  23289      4      0
    1    321     74      -    100     16      0      0      0      0   9501   1875  23289  23289      0
    0    352     60      -    100     88      0      0      0      0   9501   1965  23289      4      0
    1    331     74      -    100     88      0      0      0      0   9501   1875  23289  23289      0
    0    369     60      -    100     88      0      0      0      0   9501   1965  23289      4      0
    1    348     74      -    100     88      0      0      0      0   9501   1875  23289  23289      0
    0    367     60      -    100     73      0      0      0      0   9501   1965  23289      4      0
    1    348     74      -    100     74      0      0      0      0   9501   1875  23289  23289      0
    0    360     60      -    100     88      0      0      0      0   9501   1965  23289      4      0
    1    338     74      -    100     89      0      0      0      0   9501   1875  23289  23289      0
    0    359     59      -    100     86      0      0      0      0   9501   1965  23289      4      0
    1    339     74      -    100     85      0      0      0      0   9501   1875  23289  23289      0
    0    354     60      -    100     88      0      0      0      0   9501   1965  23289      4      0
    1    334     74      -    100     88      0      0      0      0   9501   1875  23289  23289      0
# gpu    pwr  gtemp  mtemp     sm    mem    enc    dec    jpg    ofa   mclk   pclk     fb   bar1   ccpm
# Idx      W      C      C      %      %      %      %      %      %    MHz    MHz     MB     MB     MB
    0    367     60      -    100     88      0      0      0      0   9501   1965  23289      4      0
    1    348     74      -    100     88      0      0      0      0   9501   1875  23289  23289      0
    0    368     60      -    100     88      0      0      0      0   9501   1965  23289      4      0
    1    348     74      -    100     88      0      0      0      0   9501   1875  23289  23289      0
    0    370     60      -    100     89      0      0      0      0   9501   1965  23289      4      0
    1    348     74      -    100     88      0      0      0      0   9501   1875  23289  23289      0
    0    376     61      -    100     89      0      0      0      0   9501   1965  23289      4      0
    1    349     75      -    100     89      0      0      0      0   9501   1875  23289  23289      0
    0    382     61      -    100     89      0      0      0      0   9501   1965  23289      4      0
    1    349     74      -    100     89      0      0      0      0   9501   1875  23289  23289      0
    0    377     61      -    100     89      0      0      0      0   9501   1965  23289      4      0
    1    349     74      -    100     89      0      0      0      0   9501   1875  23289  23289      0
    0    376     61      -    100     87      0      0      0      0   9501   1965  23289      4      0
    1    341     75      -    100     88      0      0      0      0   9501   1875  23289  23289      0
    0    373     61      -    100     88      0      0      0      0   9501   1965  23289      4      0
    1    340     74      -    100     88      0      0      0      0   9501   1875  23289  23289      0
    0    363     61      -    100     88      0      0      0      0   9501   1965  23289      4      0
    1    333     74      -    100     88      0      0      0      0   9501   1875  23289  23289      0
    0    351     61      -    100     88      0      0      0      0   9501   1965  23289      4      0
    1    323     74      -    100     88      0      0      0      0   9501   1875  23289  23289      0
    0    373     60      -    100     88      0      0      0      0   9501   1965  23289      4      0
    1    348     74      -    100     88      0      0      0      0   9501   1875  23289  23289      0
    0    368     60      -    100     88      0      0      0      0   9501   1965  23289      4      0
    1    348     74      -    100     88      0      0      0      0   9501   1875  23289  23289      0
    0    360     59      -    100     33      0      0      0      0   9501   1965  23289      4      0
    1    340     74      -    100     34      0      0      0      0   9501   1875  23289  23289      0
    0    365     59      -    100     88      0      0      0      0   9501   1965  23289      4      0
    1    344     74      -    100     88      0      0      0      0   9501   1875  23289  23289      0
    0    346     59      -    100     19      0      0      0      0   9501   1965  23289      4      0
    1    327     74      -    100     19      0      0      0      0   9501   1875  23289  23289      0
    0    360     59      -    100     88      0      0      0      0   9501   1965  23289      4      0
    1    340     74      -    100     88      0      0      0      0   9501   1875  23289  23289      0
    0    367     60      -    100     88      0      0      0      0   9501   1965  23289      4      0
    1    347     74      -    100     88      0      0      0      0   9501   1875  23289  23289      0
    0    369     60      -    100     88      0      0      0      0   9501   1965  23289      4      0
    1    348     74      -    100     88      0      0      0      0   9501   1875  23289  23289      0
    0    370     60      -    100     88      0      0      0      0   9501   1965  23289      4      0
    1    348     74      -    100     89      0      0      0      0   9501   1875  23289  23289      0
    0    372     60      -    100     88      0      0      0      0   9501   1965  23289      4      0
    1    348     74      -    100     89      0      0      0      0   9501   1875  23289  23289      0
    0    378     61      -    100     89      0      0      0      0   9501   1965  23289      4      0
    1    348     75      -    100     89      0      0      0      0   9501   1875  23289  23289      0
    0    382     61      -    100     88      0      0      0      0   9501   1965  23289      4      0
    1    349     74      -    100     88      0      0      0      0   9501   1875  23289  23289      0
# gpu    pwr  gtemp  mtemp     sm    mem    enc    dec    jpg    ofa   mclk   pclk     fb   bar1   ccpm
# Idx      W      C      C      %      %      %      %      %      %    MHz    MHz     MB     MB     MB
    0    361     61      -    100     88      0      0      0      0   9501   1965  23289      4      0
    1    333     74      -    100     88      0      0      0      0   9501   1875  23289  23289      0
    0    380     61      -    100     88      0      0      0      0   9501   1965  23289      4      0
    1    347     74      -    100     88      0      0      0      0   9501   1875  23289  23289      0
    0    348     60      -    100     16      0      0      0      0   9501   1965  23289      4      0
    1    322     74      -    100     18      0      0      0      0   9501   1875  23289  23289      0
    0    357     60      -    100     88      0      0      0      0   9501   1965  23289      4      0
    1    330     74      -    100     88      0      0      0      0   9501   1875  23289  23289      0
    0    370     60      -    100     88      0      0      0      0   9501   1965  23289      4      0
    1    348     74      -    100     88      0      0      0      0   9501   1875  23289  23289      0
    0    368     59      -    100     88      0      0      0      0   9501   1965  23289      4      0
    1    348     74      -    100     88      0      0      0      0   9501   1875  23289  23289      0
    0    358     59      -    100     89      0      0      0      0   9501   1965  23289      4      0
    1    338     74      -    100     89      0      0      0      0   9501   1875  23289  23289      0
    0    360     59      -    100     50      0      0      0      0   9501   1965  23289      4      0
    1    338     74      -    100     49      0      0      0      0   9501   1875  23289  23289      0
    0    352     59      -    100     88      0      0      0      0   9501   1965  23289      4      0
    1    331     74      -    100     88      0      0      0      0   9501   1875  23289  23289      0
    0    368     59      -    100     88      0      0      0      0   9501   1965  23289      4      0
    1    347     74      -    100     88      0      0      0      0   9501   1875  23289  23289      0
    0    367     60      -    100     88      0      0      0      0   9501   1965  23289      4      0
    1    347     74      -    100     89      0      0      0      0   9501   1875  23289  23289      0
    0    368     60      -    100     88      0      0      0      0   9501   1965  23289      4      0
    1    348     74      -    100     88      0      0      0      0   9501   1875  23289  23289      0
    0    371     60      -    100     88      0      0      0      0   9501   1965  23289      4      0
    1    348     74      -    100     88      0      0      0      0   9501   1875  23289  23289      0
    0    372     60      -    100     88      0      0      0      0   9501   1965  23289      4      0
    1    348     74      -    100     88      0      0      0      0   9501   1875  23289  23289      0
    0    381     61      -    100     88      0      0      0      0   9501   1965  23289      4      0
    1    349     75      -    100     89      0      0      0      0   9501   1875  23289  23289      0
    0    373     61      -    100     66      0      0      0      0   9501   1965  23289      4      0
    1    341     74      -    100     65      0      0      0      0   9501   1875  23289  23289      0
    0    362     61      -    100     25      0      0      0      0   9501   1965  23289      4      0
    1    332     74      -    100     24      0      0      0      0   9501   1875  23289  23289      0
    0    360     60      -    100     33      0      0      0      0   9501   1965  23289      4      0
    1    333     74      -    100     34      0      0      0      0   9501   1875  23289  23289      0
    0    344     61      -    100     88      0      0      0      0   9501   1965  23289      4      0
    1    323     74      -    100     88      0      0      0      0   9501   1875  23289  23289      0
    0    371     60      -    100     88      0      0      0      0   9501   1965  23289      4      0
    1    348     74      -    100     88      0      0      0      0   9501   1875  23289  23289      0
    0    368     60      -    100     88      0      0      0      0   9501   1965  23289      4      0
    1    348     74      -    100     88      0      0      0      0   9501   1875  23289  23289      0
    0    362     59      -    100     74      0      0      0      0   9501   1965  23289      4      0
    1    342     74      -    100     76      0      0      0      0   9501   1875  23289  23289      0
# gpu    pwr  gtemp  mtemp     sm    mem    enc    dec    jpg    ofa   mclk   pclk     fb   bar1   ccpm
# Idx      W      C      C      %      %      %      %      %      %    MHz    MHz     MB     MB     MB
    0    359     60      -    100     88      0      0      0      0   9501   1965  23289      4      0
    1    339     74      -    100     88      0      0      0      0   9501   1875  23289  23289      0
    0    354     60      -    100     84      0      0      0      0   9501   1965  23289      4      0
    1    333     74      -    100     85      0      0      0      0   9501   1875  23289  23289      0
    0    368     60      -    100     88      0      0      0      0   9501   1965  23289      4      0
    1    347     74      -    100     88      0      0      0      0   9501   1875  23289  23289      0
    0    368     60      -    100     88      0      0      0      0   9501   1965  23289      4      0
    1    348     74      -    100     88      0      0      0      0   9501   1875  23289  23289      0
    0    371     60      -    100     89      0      0      0      0   9501   1965  23289      4      0
    1    348     74      -    100     89      0      0      0      0   9501   1875  23289  23289      0
    0    380     61      -    100     88      0      0      0      0   9501   1965  23289      4      0
    1    349     74      -    100     88      0      0      0      0   9501   1875  23289  23289      0
    0    382     61      -    100     88      0      0      0      0   9501   1965  23289      4      0
    1    349     74      -    100     88      0      0      0      0   9501   1875  23289  23289      0
    0    382     61      -    100     88      0      0      0      0   9501   1965  23289      4      0
    1    349     74      -    100     88      0      0      0      0   9501   1875  23289  23289      0
    0    374     61      -    100     88      0      0      0      0   9501   1965  23289      4      0
    1    341     74      -    100     88      0      0      0      0   9501   1875  23289  23289      0
    0    364     61      -    100     88      0      0      0      0   9501   1965  23289      4      0
    1    333     74      -    100     88      0      0      0      0   9501   1875  23289  23289      0
    0    362     60      -    100     88      0      0      0      0   9501   1965  23289      4      0
    1    333     74      -    100     88      0      0      0      0   9501   1875  23289  23289      0
    0    351     60      -    100     65      0      0      0      0   9501   1965  23289      4      0
    1    327     74      -    100     66      0      0      0      0   9501   1875  23289  23289      0
    0    369     60      -    100     88      0      0      0      0   9501   1965  23289      4      0
    1    348     74      -    100     88      0      0      0      0   9501   1875  23289  23289      0
    0    368     59      -    100     88      0      0      0      0   9501   1965  23289      4      0
    1    348     74      -    100     88      0      0      0      0   9501   1875  23289  23289      0
    0    357     59      -    100     57      0      0      0      0   9501   1965  23289      4      0
    1    338     74      -    100     55      0      0      0      0   9501   1875  23289  23289      0
    0    362     59      -    100     46      0      0      0      0   9501   1965  23289      4      0
    1    341     74      -    100     44      0      0      0      0   9501   1875  23289  23289      0
    0    345     59      -    100     61      0      0      0      0   9501   1965  23289      4      0
    1    327     74      -    100     60      0      0      0      0   9501   1875  23289  23289      0
    0    360     59      -    100     88      0      0      0      0   9501   1965  23289      4      0
    1    340     74      -    100     88      0      0      0      0   9501   1875  23289  23289      0
    0    367     60      -    100     88      0      0      0      0   9501   1965  23289      4      0
    1    348     74      -    100     88      0      0      0      0   9501   1875  23289  23289      0
    0    368     60      -    100     88      0      0      0      0   9501   1965  23289      4      0
    1    348     74      -    100     88      0      0      0      0   9501   1875  23289  23289      0
    0    371     60      -    100     88      0      0      0      0   9501   1965  23289      4      0
    1    348     74      -    100     88      0      0      0      0   9501   1875  23289  23289      0
    0    373     61      -    100     89      0      0      0      0   9501   1965  23289      4      0
    1    348     75      -    100     89      0      0      0      0   9501   1875  23289  23289      0
# gpu    pwr  gtemp  mtemp     sm    mem    enc    dec    jpg    ofa   mclk   pclk     fb   bar1   ccpm
# Idx      W      C      C      %      %      %      %      %      %    MHz    MHz     MB     MB     MB
    0    377     61      -    100     89      0      0      0      0   9501   1965  23289      4      0
    1    349     75      -    100     89      0      0      0      0   9501   1875  23289  23289      0
    0    384     61      -    100     89      0      0      0      0   9501   1965  23289      4      0
    1    349     75      -    100     89      0      0      0      0   9501   1875  23289  23289      0
    0    366     61      -    100     88      0      0      0      0   9501   1965  23289      4      0
    1    333     74      -    100     88      0      0      0      0   9501   1875  23289  23289      0
    0    370     61      -    100     57      0      0      0      0   9501   1965  23289      4      0
    1    341     74      -    100     55      0      0      0      0   9501   1875  23289  23289      0
    0    351     61      -    100     19      0      0      0      0   9501   1965  23289      4      0
    1    326     75      -    100     19      0      0      0      0   9501   1875  23289  23289      0
    0    359     60      -    100     88      0      0      0      0   9501   1965  23289      4      0
    1    337     74      -    100     88      0      0      0      0   9501   1875  23289  23289      0
    0    371     60      -    100     88      0      0      0      0   9501   1965  23289      4      0
    1    348     74      -    100     88      0      0      0      0   9501   1875  23289  23289      0
    0    364     59      -    100     88      0      0      0      0   9501   1965  23289      4      0
    1    345     74      -    100     88      0      0      0      0   9501   1875  23289  23289      0
    0    357     59      -    100     40      0      0      0      0   9501   1965  23289      4      0
    1    336     74      -    100     42      0      0      0      0   9501   1875  23289  23289      0
    0    357     60      -    100     89      0      0      0      0   9501   1965  23289      4      0
    1    338     74      -    100     88      0      0      0      0   9501   1875  23289  23289      0
    0    352     60      -    100     19      0      0      0      0   9501   1965  23289      4      0
    1    334     74      -    100     19      0      0      0      0   9501   1875  23289  23289      0
    0    367     60      -    100     88      0      0      0      0   9501   1965  23289      4      0
    1    347     74      -    100     88      0      0      0      0   9501   1875  23289  23289      0
    0    368     60      -    100     88      0      0      0      0   9501   1965  23289      4      0
    1    348     74      -    100     88      0      0      0      0   9501   1875  23289  23289      0
    0    370     60      -    100     89      0      0      0      0   9501   1965  23289      4      0
    1    348     74      -    100     89      0      0      0      0   9501   1875  23289  23289      0
    0    372     61      -    100     88      0      0      0      0   9501   1965  23289      4      0
    1    348     75      -    100     88      0      0      0      0   9501   1875  23289  23289      0
    0    382     61      -    100     88      0      0      0      0   9501   1965  23289      4      0
    1    349     74      -    100     88      0      0      0      0   9501   1875  23289  23289      0
    0    382     61      -    100     88      0      0      0      0   9501   1965  23289      4      0
    1    349     74      -    100     88      0      0      0      0   9501   1875  23289  23289      0
    0    370     61      -    100     88      0      0      0      0   9501   1965  23289      4      0
    1    341     75      -    100     88      0      0      0      0   9501   1875  23289  23289      0
    0    366     61      -    100     88      0      0      0      0   9501   1965  23289      4      0
    1    334     74      -    100     88      0      0      0      0   9501   1875  23289  23289      0
    0    365     61      -    100     88      0      0      0      0   9501   1965  23289      4      0
    1    333     74      -    100     88      0      0      0      0   9501   1875  23289  23289      0
    0    349     61      -    100     82      0      0      0      0   9501   1965  23289      4      0
    1    326     75      -    100     82      0      0      0      0   9501   1875  23289  23289      0
    0    369     60      -    100     88      0      0      0      0   9501   1965  23289      4      0
    1    348     74      -    100     88      0      0      0      0   9501   1875  23289  23289      0
# gpu    pwr  gtemp  mtemp     sm    mem    enc    dec    jpg    ofa   mclk   pclk     fb   bar1   ccpm
# Idx      W      C      C      %      %      %      %      %      %    MHz    MHz     MB     MB     MB
    0    368     60      -    100     88      0      0      0      0   9501   1965  23289      4      0
    1    349     74      -    100     88      0      0      0      0   9501   1875  23289  23289      0
    0    358     59      -    100     42      0      0      0      0   9501   1965  23289      4      0
    1    339     74      -    100     40      0      0      0      0   9501   1875  23289  23289      0
    0    360     59      -    100     42      0      0      0      0   9501   1965  23289      4      0
    1    338     74      -    100     44      0      0      0      0   9501   1875  23289  23289      0
    0    351     59      -    100     45      0      0      0      0   9501   1965  23289      4      0
    1    329     74      -    100     43      0      0      0      0   9501   1875  23289  23289      0
    0    361     60      -    100     88      0      0      0      0   9501   1965  23289      4      0
    1    341     74      -    100     88      0      0      0      0   9501   1875  23289  23289      0
    0    368     60      -    100     88      0      0      0      0   9501   1965  23289      4      0
    1    348     74      -    100     88      0      0      0      0   9501   1875  23289  23289      0
    0    369     60      -    100     88      0      0      0      0   9501   1965  23289      4      0
    1    348     74      -    100     88      0      0      0      0   9501   1875  23289  23289      0
    0    370     61      -    100     89      0      0      0      0   9501   1965  23289      4      0
    1    349     75      -    100     89      0      0      0      0   9501   1875  23289  23289      0
    0    374     61      -    100     88      0      0      0      0   9501   1965  23289      4      0
    1    349     75      -    100     89      0      0      0      0   9501   1875  23289  23289      0
    0    381     61      -    100     88      0      0      0      0   9501   1965  23289      4      0
    1    349     74      -    100     88      0      0      0      0   9501   1875  23289  23289      0
    0    383     61      -    100     88      0      0      0      0   9501   1965  23289      4      0
    1    349     74      -    100     88      0      0      0      0   9501   1875  23289  23289      0
    0    365     61      -    100     88      0      0      0      0   9501   1965  23289      4      0
    1    333     75      -    100     88      0      0      0      0   9501   1875  23289  23289      0
    0    373     61      -    100     62      0      0      0      0   9501   1965  23289      4      0
    1    340     74      -    100     60      0      0      0      0   9501   1875  23289  23289      0
    0    351     61      -    100     19      0      0      0      0   9501   1965  23289      4      0
    1    326     74      -    100     19      0      0      0      0   9501   1875  23289  23289      0
    0    359     60      -    100     88      0      0      0      0   9501   1965  23289      4      0
    1    336     74      -    100     88      0      0      0      0   9501   1875  23289  23289      0
    0    368     60      -    100     88      0      0      0      0   9501   1965  23289      4      0
    1    348     74      -    100     88      0      0      0      0   9501   1875  23289  23289      0
    0    364     59      -    100     88      0      0      0      0   9501   1965  23289      4      0
    1    344     74      -    100     88      0      0      0      0   9501   1875  23289  23289      0
    0    357     59      -    100     41      0      0      0      0   9501   1965  23289      4      0
    1    336     74      -    100     42      0      0      0      0   9501   1875  23289  23289      0
    0    353     59      -    100     89      0      0      0      0   9501   1965  23289      4      0
    1    334     74      -    100     89      0      0      0      0   9501   1875  23289  23289      0
    0    352     60      -    100     31      0      0      0      0   9501   1965  23289      4      0
    1    331     74      -    100     33      0      0      0      0   9501   1875  23289  23289      0
    0    369     60      -    100     88      0      0      0      0   9501   1965  23289      4      0
    1    347     74      -    100     88      0      0      0      0   9501   1875  23289  23289      0
    0    369     60      -    100     88      0      0      0      0   9501   1965  23289      4      0
    1    348     75      -    100     89      0      0      0      0   9501   1875  23289  23289      0
# gpu    pwr  gtemp  mtemp     sm    mem    enc    dec    jpg    ofa   mclk   pclk     fb   bar1   ccpm
# Idx      W      C      C      %      %      %      %      %      %    MHz    MHz     MB     MB     MB
    0    374     61      -    100     88      0      0      0      0   9501   1965  23289      4      0
    1    348     75      -    100     88      0      0      0      0   9501   1875  23289  23289      0
    0    382     61      -    100     88      0      0      0      0   9501   1965  23289      4      0
    1    348     74      -    100     88      0      0      0      0   9501   1875  23289  23289      0
    0    379     61      -    100     89      0      0      0      0   9501   1965  23289      4      0
    1    349     74      -    100     88      0      0      0      0   9501   1875  23289  23289      0
    0    380     61      -    100     89      0      0      0      0   9501   1965  23289      4      0
    1    349     74      -    100     88      0      0      0      0   9501   1875  23289  23289      0
    0    364     61      -    100     88      0      0      0      0   9501   1965  23289      4      0
    1    333     75      -    100     88      0      0      0      0   9501   1875  23289  23289      0
    0    373     61      -    100     88      0      0      0      0   9501   1965  23289      4      0
    1    340     74      -    100     88      0      0      0      0   9501   1875  23289  23289      0
    0    347     60      -    100     88      0      0      0      0   9501   1965  23289      4      0
    1    326     74      -    100     88      0      0      0      0   9501   1875  23289  23289      0
    0    361     60      -    100     88      0      0      0      0   9501   1965  23289      4      0
    1    338     75      -    100     88      0      0      0      0   9501   1875  23289  23289      0
    0    370     60      -    100     88      0      0      0      0   9501   1965  23289      4      0
    1    348     74      -    100     88      0      0      0      0   9501   1875  23289  23289      0
    0    366     59      -    100     52      0      0      0      0   9501   1965  23289      4      0
    1    346     74      -    100     53      0      0      0      0   9501   1875  23289  23289      0
    0    358     59      -    100     65      0      0      0      0   9501   1965  23289      4      0
    1    337     74      -    100     67      0      0      0      0   9501   1875  23289  23289      0
    0    358     59      -    100     63      0      0      0      0   9501   1965  23289      4      0
    1    338     74      -    100     61      0      0      0      0   9501   1875  23289  23289      0
    0    355     60      -    100     88      0      0      0      0   9501   1965  23289      4      0
    1    334     74      -    100     88      0      0      0      0   9501   1875  23289  23289      0
    0    368     60      -    100     88      0      0      0      0   9501   1965  23289      4      0
    1    347     74      -    100     88      0      0      0      0   9501   1875  23289  23289      0
    0    368     60      -    100     88      0      0      0      0   9501   1965  23289      4      0
    1    348     74      -    100     88      0      0      0      0   9501   1875  23289  23289      0
    0    369     60      -    100     89      0      0      0      0   9501   1965  23289      4      0
    1    348     74      -    100     89      0      0      0      0   9501   1875  23289  23289      0
    0    378     61      -    100     89      0      0      0      0   9501   1965  23289      4      0
    1    348     75      -    100     89      0      0      0      0   9501   1875  23289  23289      0
    0    374     61      -    100     88      0      0      0      0   9501   1965  23289      4      0
    1    349     75      -    100     89      0      0      0      0   9501   1875  23289  23289      0
    0    381     61      -    100     88      0      0      0      0   9501   1965  23289      4      0
    1    348     74      -    100     88      0      0      0      0   9501   1875  23289  23289      0
    0    372     61      -    100     88      0      0      0      0   9501   1965  23289      4      0
    1    341     75      -    100     88      0      0      0      0   9501   1875  23289  23289      0
    0    366     61      -    100     88      0      0      0      0   9501   1965  23289      4      0
    1    333     75      -    100     85      0      0      0      0   9501   1875  23289  23289      0
    0    361     60      -    100     23      0      0      0      0   9501   1965  23289      4      0
    1    333     74      -    100     21      0      0      0      0   9501   1875  23289  23289      0
# gpu    pwr  gtemp  mtemp     sm    mem    enc    dec    jpg    ofa   mclk   pclk     fb   bar1   ccpm
# Idx      W      C      C      %      %      %      %      %      %    MHz    MHz     MB     MB     MB
    0    357     60      -    100     88      0      0      0      0   9501   1965  23289      4      0
    1    327     75      -    100     88      0      0      0      0   9501   1875  23289  23289      0
    0    371     60      -    100     88      0      0      0      0   9501   1965  23289      4      0
    1    348     74      -    100     88      0      0      0      0   9501   1875  23289  23289      0
    0    368     59      -    100     88      0      0      0      0   9501   1965  23289      4      0
    1    348     74      -    100     88      0      0      0      0   9501   1875  23289  23289      0
    0    358     59      -    100     23      0      0      0      0   9501   1965  23289      4      0
    1    339     74      -    100     22      0      0      0      0   9501   1875  23289  23289      0
    0    360     59      -    100     88      0      0      0      0   9501   1965  23289      4      0
    1    339     74      -    100     88      0      0      0      0   9501   1875  23289  23289      0
    0    347     58      -    100     19      0      0      0      0   9501   1965  23289      4      0
    1    329     74      -    100     19      0      0      0      0   9501   1875  23289  23289      0
    0    361     59      -    100     88      0      0      0      0   9501   1965  23289      4      0
    1    341     74      -    100     88      0      0      0      0   9501   1875  23289  23289      0
    0    367     59      -    100     88      0      0      0      0   9501   1965  23289      4      0
    1    348     74      -    100     88      0      0      0      0   9501   1875  23289  23289      0
    0    368     60      -    100     88      0      0      0      0   9501   1965  23289      4      0
    1    348     74      -    100     89      0      0      0      0   9501   1875  23289  23289      0
    0    369     60      -    100     88      0      0      0      0   9501   1965  23289      4      0
    1    348     74      -    100     88      0      0      0      0   9501   1875  23289  23289      0
    0    373     60      -    100     88      0      0      0      0   9501   1965  23289      4      0
    1    349     75      -    100     88      0      0      0      0   9501   1875  23289  23289      0
    0    377     61      -    100     88      0      0      0      0   9501   1965  23289      4      0
    1    349     75      -    100     88      0      0      0      0   9501   1875  23289  23289      0
    0    381     61      -    100     88      0      0      0      0   9501   1965  23289      4      0
    1    349     74      -    100     88      0      0      0      0   9501   1875  23289  23289      0
    0    363     61      -    100     88      0      0      0      0   9501   1965  23289      4      0
    1    333     74      -    100     88      0      0      0      0   9501   1875  23289  23289      0
    0    365     61      -    100     88      0      0      0      0   9501   1965  23289      4      0
    1    333     74      -    100     88      0      0      0      0   9501   1875  23289  23289      0
    0    360     60      -    100     88      0      0      0      0   9501   1965  23289      4      0
    1    333     74      -    100     88      0      0      0      0   9501   1875  23289  23289      0
    0    362     60      -    100     88      0      0      0      0   9501   1965  23289      4      0
    1    338     74      -    100     88      0      0      0      0   9501   1875  23289  23289      0
    0    368     60      -    100     88      0      0      0      0   9501   1965  23289      4      0
    1    348     74      -    100     88      0      0      0      0   9501   1875  23289  23289      0
    0    363     59      -    100     31      0      0      0      0   9501   1965  23289      4      0
    1    344     74      -    100     30      0      0      0      0   9501   1875  23289  23289      0
    0    358     59      -    100     84      0      0      0      0   9501   1965  23289      4      0
    1    338     74      -    100     84      0      0      0      0   9501   1875  23289  23289      0
    0    359     59      -    100     60      0      0      0      0   9501   1965  23289      4      0
    1    338     74      -    100     58      0      0      0      0   9501   1875  23289  23289      0
    0    352     59      -    100     88      0      0      0      0   9501   1965  23289      4      0
    1    332     75      -    100     88      0      0      0      0   9501   1875  23289  23289      0
# gpu    pwr  gtemp  mtemp     sm    mem    enc    dec    jpg    ofa   mclk   pclk     fb   bar1   ccpm
# Idx      W      C      C      %      %      %      %      %      %    MHz    MHz     MB     MB     MB
    0    369     60      -    100     88      0      0      0      0   9501   1965  23289      4      0
    1    347     74      -    100     88      0      0      0      0   9501   1875  23289  23289      0
    0    368     60      -    100     88      0      0      0      0   9501   1965  23289      4      0
    1    348     74      -    100     88      0      0      0      0   9501   1875  23289  23289      0
    0    370     60      -    100     88      0      0      0      0   9501   1965  23289      4      0
    1    348     75      -    100     88      0      0      0      0   9501   1875  23289  23289      0
    0    373     60      -    100     88      0      0      0      0   9501   1965  23289      4      0
    1    348     75      -    100     88      0      0      0      0   9501   1875  23289  23289      0
    0    374     61      -    100     89      0      0      0      0   9501   1965  23289      4      0
    1    348     74      -    100     89      0      0      0      0   9501   1875  23289  23289      0
    0    382     61      -    100     89      0      0      0      0   9501   1965  23289      4      0
    1    349     75      -    100     89      0      0      0      0   9501   1875  23289  23289      0
    0    362     60      -    100     66      0      0      0      0   9501   1965  23289      4      0
    1    334     74      -    100     66      0      0      0      0   9501   1875  23289  23289      0
    0    365     61      -    100     88      0      0      0      0   9501   1965  23289      4      0
    1    334     74      -    100     88      0      0      0      0   9501   1875  23289  23289      0
    0    362     61      -    100     88      0      0      0      0   9501   1965  23289      4      0
    1    333     74      -    100     88      0      0      0      0   9501   1875  23289  23289      0
    0    354     60      -    100     88      0      0      0      0   9501   1965  23289      4      0
    1    333     75      -    100     88      0      0      0      0   9501   1875  23289  23289      0
    0    368     60      -    100     88      0      0      0      0   9501   1965  23289      4      0
    1    348     74      -    100     88      0      0      0      0   9501   1875  23289  23289      0
    0    368     60      -    100     89      0      0      0      0   9501   1965  23289      4      0
    1    348     74      -    100     89      0      0      0      0   9501   1875  23289  23289      0
    0    355     59      -    100     88      0      0      0      0   9501   1965  23289      4      0
    1    334     75      -    100     88      0      0      0      0   9501   1875  23289  23289      0
    0    355     59      -    100     49      0      0      0      0   9501   1965  23289      4      0
    1    336     74      -    100     51      0      0      0      0   9501   1875  23289  23289      0
    0    357     60      -    100     87      0      0      0      0   9501   1965  23289      4      0
    1    338     74      -    100     87      0      0      0      0   9501   1875  23289  23289      0
    0    367     60      -    100     88      0      0      0      0   9501   1965  23289      4      0
    1    347     75      -    100     88      0      0      0      0   9501   1875  23289  23289      0
    0    370     60      -    100     88      0      0      0      0   9501   1965  23289      4      0
    1    348     75      -    100     88      0      0      0      0   9501   1875  23289  23289      0
    0    373     60      -    100     89      0      0      0      0   9501   1965  23289      4      0
    1    348     75      -    100     89      0      0      0      0   9501   1875  23289  23289      0
    0    382     61      -    100     88      0      0      0      0   9501   1965  23289      4      0
    1    349     74      -    100     89      0      0      0      0   9501   1875  23289  23289      0
    0    379     61      -    100     88      0      0      0      0   9501   1965  23289      4      0
    1    349     75      -    100     88      0      0      0      0   9501   1875  23289  23289      0
    0    378     61      -    100     88      0      0      0      0   9501   1965  23289      4      0
    1    349     75      -    100     88      0      0      0      0   9501   1875  23289  23289      0
    0    364     61      -    100     88      0      0      0      0   9501   1965  23289      4      0
    1    333     74      -    100     88      0      0      0      0   9501   1875  23289  23289      0
# gpu    pwr  gtemp  mtemp     sm    mem    enc    dec    jpg    ofa   mclk   pclk     fb   bar1   ccpm
# Idx      W      C      C      %      %      %      %      %      %    MHz    MHz     MB     MB     MB
    0    364     61      -    100     61      0      0      0      0   9501   1965  23289      4      0
    1    333     74      -    100     63      0      0      0      0   9501   1875  23289  23289      0
    0    362     60      -    100     61      0      0      0      0   9501   1965  23289      4      0
    1    333     75      -    100     64      0      0      0      0   9501   1875  23289  23289      0
    0    354     60      -    100     59      0      0      0      0   9501   1965  23289      4      0
    1    333     75      -    100     56      0      0      0      0   9501   1875  23289  23289      0
    0    368     60      -    100     88      0      0      0      0   9501   1965  23289      4      0
    1    349     74      -    100     88      0      0      0      0   9501   1875  23289  23289      0
    0    368     59      -    100     88      0      0      0      0   9501   1965  23289      4      0
    1    349     74      -    100     89      0      0      0      0   9501   1875  23289  23289      0
    0    357     59      -    100     25      0      0      0      0   9501   1965  23289      4      0
    1    333     75      -    100     25      0      0      0      0   9501   1875  23289  23289      0
    0    360     59      -    100     88      0      0      0      0   9501   1965  23289      4      0
    1    333     74      -    100     88      0      0      0      0   9501   1875  23289  23289      0
    0    358     59      -    100     89      0      0      0      0   9501   1965  23289      4      0
    1    336     75      -    100     88      0      0      0      0   9501   1875  23289  23289      0
    0    362     60      -    100     88      0      0      0      0   9501   1965  23289      4      0
    1    342     75      -    100     88      0      0      0      0   9501   1875  23289  23289      0
    0    368     60      -    100     88      0      0      0      0   9501   1965  23289      4      0
    1    348     74      -    100     88      0      0      0      0   9501   1875  23289  23289      0
    0    369     60      -    100     88      0      0      0      0   9501   1965  23289      4      0
    1    348     75      -    100     88      0      0      0      0   9501   1875  23289  23289      0
    0    369     60      -    100     89      0      0      0      0   9501   1965  23289      4      0
    1    349     75      -    100     89      0      0      0      0   9501   1875  23289  23289      0
    0    371     60      -    100     89      0      0      0      0   9501   1965  23289      4      0
    1    349     74      -    100     88      0      0      0      0   9501   1875  23289  23289      0
    0    378     61      -    100     88      0      0      0      0   9501   1965  23289      4      0
    1    349     75      -    100     88      0      0      0      0   9501   1875  23289  23289      0
    0    380     61      -    100     88      0      0      0      0   9501   1965  23289      4      0
    1    349     75      -    100     88      0      0      0      0   9501   1875  23289  23289      0
    0    357     61      -    100     19      0      0      0      0   9501   1965  23289      4      0
    1    326     75      -    100     69      0      0      0      0   9501   1875  23289  23289      0
    0    366     61      -    100     88      0      0      0      0   9501   1965  23289      4      0
    1    333     74      -    100     88      0      0      0      0   9501   1875  23289  23289      0
    0    359     60      -    100     88      0      0      0      0   9501   1965  23289      4      0
    1    333     74      -    100     88      0      0      0      0   9501   1875  23289  23289      0
    0    354     60      -    100     64      0      0      0      0   9501   1965  23289      4      0
    1    338     75      -    100     88      0      0      0      0   9501   1875  23289  23289      0
    0    368     60      -    100     88      0      0      0      0   9501   1965  23289      4      0
    1    349     74      -    100     88      0      0      0      0   9501   1875  23289  23289      0
    0    371     59      -    100     88      0      0      0      0   9501   1965  23289      4      0
    1    344     74      -    100     88      0      0      0      0   9501   1875  23289  23289      0
    0    353     60      -    100     84      0      0      0      0   9501   1965  23289      4      0
    1    332     75      -    100     88      0      0      0      0   9501   1875  23289  23289      0
# gpu    pwr  gtemp  mtemp     sm    mem    enc    dec    jpg    ofa   mclk   pclk     fb   bar1   ccpm
# Idx      W      C      C      %      %      %      %      %      %    MHz    MHz     MB     MB     MB
    0    360     60      -    100     88      0      0      0      0   9501   1965  23289      4      0
    1    338     75      -    100     53      0      0      0      0   9501   1875  23289  23289      0
    0    360     60      -    100     88      0      0      0      0   9501   1965  23289      4      0
    1    339     74      -    100     71      0      0      0      0   9501   1875  23289  23289      0
    0    368     60      -    100     88      0      0      0      0   9501   1965  23289      4      0
    1    348     75      -    100     88      0      0      0      0   9501   1875  23289  23289      0
    0    370     60      -    100     88      0      0      0      0   9501   1965  23289      4      0
    1    348     74      -    100     88      0      0      0      0   9501   1875  23289  23289      0
    0    371     61      -    100     89      0      0      0      0   9501   1965  23289      4      0
    1    349     75      -    100     88      0      0      0      0   9501   1875  23289  23289      0
    0    381     61      -    100     89      0      0      0      0   9501   1965  23289      4      0
    1    349     75      -    100     89      0      0      0      0   9501   1875  23289  23289      0
    0    379     61      -    100     89      0      0      0      0   9501   1965  23289      4      0
    1    349     75      -    100     88      0      0      0      0   9501   1875  23289  23289      0
    0    384     61      -    100     88      0      0      0      0   9501   1965  23289      4      0
    1    349     74      -    100     88      0      0      0      0   9501   1875  23289  23289      0
    0    368     61      -    100     88      0      0      0      0   9501   1965  23289      4      0
    1    334     74      -    100     88      0      0      0      0   9501   1875  23289  23289      0
    0    360     61      -    100     88      0      0      0      0   9501   1965  23289      4      0
    1    331     75      -    100     88      0      0      0      0   9501   1875  23289  23289      0
    0    355     60      -    100     88      0      0      0      0   9501   1965  23289      4      0
    1    327     74      -    100     88      0      0      0      0   9501   1875  23289  23289      0
    0    354     60      -    100     88      0      0      0      0   9501   1965  23289      4      0
    1    336     75      -    100     88      0      0      0      0   9501   1875  23289  23289      0
    0    368     60      -    100     88      0      0      0      0   9501   1965  23289      4      0
    1    348     75      -    100     88      0      0      0      0   9501   1875  23289  23289      0
    0    368     59      -    100     88      0      0      0      0   9501   1965  23289      4      0
    1    349     74      -    100     88      0      0      0      0   9501   1875  23289  23289      0
    0    355     59      -    100     88      0      0      0      0   9501   1965  23289      4      0
    1    335     74      -    100     35      0      0      0      0   9501   1875  23289  23289      0
    0    358     59      -    100     88      0      0      0      0   9501   1965  23289      4      0
    1    339     75      -    100     89      0      0      0      0   9501   1875  23289  23289      0
    0    360     60      -    100     89      0      0      0      0   9501   1965  23289      4      0
    1    340     75      -    100     88      0      0      0      0   9501   1875  23289  23289      0
    0    364     60      -    100     88      0      0      0      0   9501   1965  23289      4      0
    1    343     74      -    100     88      0      0      0      0   9501   1875  23289  23289      0
    0    368     60      -    100     88      0      0      0      0   9501   1965  23289      4      0
    1    348     75      -    100     88      0      0      0      0   9501   1875  23289  23289      0
    0    370     60      -    100     88      0      0      0      0   9501   1965  23289      4      0
    1    348     75      -    100     88      0      0      0      0   9501   1875  23289  23289      0
    0    375     61      -    100     88      0      0      0      0   9501   1965  23289      4      0
    1    349     75      -    100     89      0      0      0      0   9501   1875  23289  23289      0
    0    384     61      -    100     88      0      0      0      0   9501   1965  23289      4      0
    1    349     75      -    100     88      0      0      0      0   9501   1875  23289  23289      0
# gpu    pwr  gtemp  mtemp     sm    mem    enc    dec    jpg    ofa   mclk   pclk     fb   bar1   ccpm
# Idx      W      C      C      %      %      %      %      %      %    MHz    MHz     MB     MB     MB
    0    380     61      -    100     89      0      0      0      0   9501   1965  23289      4      0
    1    349     75      -    100     88      0      0      0      0   9501   1875  23289  23289      0
    0    380     61      -    100     88      0      0      0      0   9501   1965  23289      4      0
    1    348     75      -    100     88      0      0      0      0   9501   1875  23289  23289      0
    0    353     61      -    100     65      0      0      0      0   9501   1965  23289      4      0
    1    325     75      -    100     68      0      0      0      0   9501   1875  23289  23289      0
    0    364     60      -    100     88      0      0      0      0   9501   1965  23289      4      0
    1    332     75      -    100     88      0      0      0      0   9501   1875  23289  23289      0
    0    360     60      -    100     52      0      0      0      0   9501   1965  23289      4      0
    1    333     74      -    100     50      0      0      0      0   9501   1875  23289  23289      0
    0    361     60      -    100     88      0      0      0      0   9501   1965  23289      4      0
    1    341     74      -    100     89      0      0      0      0   9501   1875  23289  23289      0
    0    368     59      -    100     88      0      0      0      0   9501   1965  23289      4      0
    1    349     75      -    100     88      0      0      0      0   9501   1875  23289  23289      0
    0    364     59      -    100     88      0      0      0      0   9501   1965  23289      4      0
    1    344     74      -    100     89      0      0      0      0   9501   1875  23289  23289      0
    0    354     59      -    100     88      0      0      0      0   9501   1965  23289      4      0
    1    333     74      -    100     88      0      0      0      0   9501   1875  23289  23289      0
    0    353     59      -    100     36      0      0      0      0   9501   1965  23289      4      0
    1    334     74      -    100     34      0      0      0      0   9501   1875  23289  23289      0
    0    361     59      -    100     31      0      0      0      0   9501   1965  23289      4      0
    1    342     75      -    100     34      0      0      0      0   9501   1875  23289  23289      0
    0    367     60      -    100     88      0      0      0      0   9501   1965  23289      4      0
    1    348     74      -    100     88      0      0      0      0   9501   1875  23289  23289      0
    0    369     60      -    100     88      0      0      0      0   9501   1965  23289      4      0
    1    348     75      -    100     89      0      0      0      0   9501   1875  23289  23289      0
    0    370     60      -    100     88      0      0      0      0   9501   1965  23289      4      0
    1    349     75      -    100     89      0      0      0      0   9501   1875  23289  23289      0
    0    373     60      -    100     88      0      0      0      0   9501   1965  23289      4      0
    1    349     75      -    100     88      0      0      0      0   9501   1875  23289  23289      0
    0    377     61      -    100     89      0      0      0      0   9501   1965  23289      4      0
    1    349     75      -    100     88      0      0      0      0   9501   1875  23289  23289      0
    0    382     61      -    100     88      0      0      0      0   9501   1965  23289      4      0
    1    348     75      -    100     89      0      0      0      0   9501   1875  23289  23289      0
    0    354     61      -    100     74      0      0      0      0   9501   1965  23289      4      0
    1    326     75      -    100     77      0      0      0      0   9501   1875  23289  23289      0
    0    363     61      -    100     76      0      0      0      0   9501   1965  23289      4      0
    1    333     75      -    100     79      0      0      0      0   9501   1875  23289  23289      0
    0    363     61      -    100     88      0      0      0      0   9501   1965  23289      4      0
    1    333     74      -    100     88      0      0      0      0   9501   1875  23289  23289      0
    0    361     60      -    100     88      0      0      0      0   9501   1965  23289      4      0
    1    341     74      -    100     88      0      0      0      0   9501   1875  23289  23289      0
    0    369     60      -    100     88      0      0      0      0   9501   1965  23289      4      0
    1    349     75      -    100     88      0      0      0      0   9501   1875  23289  23289      0
# gpu    pwr  gtemp  mtemp     sm    mem    enc    dec    jpg    ofa   mclk   pclk     fb   bar1   ccpm
# Idx      W      C      C      %      %      %      %      %      %    MHz    MHz     MB     MB     MB
    0    366     60      -    100     26      0      0      0      0   9501   1965  23289      4      0
    1    344     74      -    100     26      0      0      0      0   9501   1875  23289  23289      0
    0    349     59      -    100     88      0      0      0      0   9501   1965  23289      4      0
    1    330     74      -    100     88      0      0      0      0   9501   1875  23289  23289      0
    0    352     59      -    100     88      0      0      0      0   9501   1965  23289      4      0
    1    333     75      -    100     89      0      0      0      0   9501   1875  23289  23289      0
    0    362     60      -    100     88      0      0      0      0   9501   1965  23289      4      0
    1    343     74      -    100     88      0      0      0      0   9501   1875  23289  23289      0
    0    367     60      -    100     88      0      0      0      0   9501   1965  23289      4      0
    1    348     74      -    100     88      0      0      0      0   9501   1875  23289  23289      0
    0    368     60      -    100     89      0      0      0      0   9501   1965  23289      4      0
    1    348     75      -    100     88      0      0      0      0   9501   1875  23289  23289      0
    0    370     60      -    100     88      0      0      0      0   9501   1965  23289      4      0
    1    348     75      -    100     89      0      0      0      0   9501   1875  23289  23289      0
    0    375     61      -    100     89      0      0      0      0   9501   1965  23289      4      0
    1    349     75      -    100     89      0      0      0      0   9501   1875  23289  23289      0
    0    381     61      -    100     89      0      0      0      0   9501   1965  23289      4      0
    1    349     75      -    100     89      0      0      0      0   9501   1875  23289  23289      0
    0    378     61      -    100     88      0      0      0      0   9501   1965  23289      4      0
    1    349     75      -    100     88      0      0      0      0   9501   1875  23289  23289      0
    0    368     61      -    100     51      0      0      0      0   9501   1965  23289      4      0
    1    334     74      -    100     48      0      0      0      0   9501   1875  23289  23289      0
    0    363     61      -    100     88      0      0      0      0   9501   1965  23289      4      0
    1    331     75      -    100     88      0      0      0      0   9501   1875  23289  23289      0
    0    354     60      -    100     19      0      0      0      0   9501   1965  23289      4      0
    1    327     74      -    100     19      0      0      0      0   9501   1875  23289  23289      0
    0    358     60      -    100     88      0      0      0      0   9501   1965  23289      4      0
    1    335     75      -    100     88      0      0      0      0   9501   1875  23289  23289      0
    0    368     60      -    100     88      0      0      0      0   9501   1965  23289      4      0
    1    348     75      -    100     88      0      0      0      0   9501   1875  23289  23289      0
    0    369     60      -    100     88      0      0      0      0   9501   1965  23289      4      0
    1    349     74      -    100     88      0      0      0      0   9501   1875  23289  23289      0
    0    352     59      -    100     89      0      0      0      0   9501   1965  23289      4      0
    1    333     74      -    100     89      0      0      0      0   9501   1875  23289  23289      0
    0    358     59      -    100     89      0      0      0      0   9501   1965  23289      4      0
    1    340     75      -    100     88      0      0      0      0   9501   1875  23289  23289      0
    0    356     59      -    100     88      0      0      0      0   9501   1965  23289      4      0
    1    337     74      -    100     88      0      0      0      0   9501   1875  23289  23289      0
    0    363     60      -    100     88      0      0      0      0   9501   1965  23289      4      0
    1    342     75      -    100     88      0      0      0      0   9501   1875  23289  23289      0
    0    368     60      -    100     88      0      0      0      0   9501   1965  23289      4      0
    1    348     75      -    100     88      0      0      0      0   9501   1875  23289  23289      0
    0    368     60      -    100     88      0      0      0      0   9501   1965  23289      4      0
    1    348     74      -    100     89      0      0      0      0   9501   1875  23289  23289      0
# gpu    pwr  gtemp  mtemp     sm    mem    enc    dec    jpg    ofa   mclk   pclk     fb   bar1   ccpm
# Idx      W      C      C      %      %      %      %      %      %    MHz    MHz     MB     MB     MB
    0    370     60      -    100     89      0      0      0      0   9501   1965  23289      4      0
    1    349     75      -    100     88      0      0      0      0   9501   1875  23289  23289      0
    0    376     61      -    100     89      0      0      0      0   9501   1965  23289      4      0
    1    349     75      -    100     88      0      0      0      0   9501   1875  23289  23289      0
    0    382     61      -    100     89      0      0      0      0   9501   1965  23289      4      0
    1    349     75      -    100     89      0      0      0      0   9501   1875  23289  23289      0
    0    382     61      -    100     88      0      0      0      0   9501   1965  23289      4      0
    1    349     75      -    100     88      0      0      0      0   9501   1875  23289  23289      0
    0    357     61      -    100     88      0      0      0      0   9501   1965  23289      4      0
    1    327     75      -    100     88      0      0      0      0   9501   1875  23289  23289      0
    0    365     61      -    100     87      0      0      0      0   9501   1965  23289      4      0
    1    333     75      -    100     84      0      0      0      0   9501   1875  23289  23289      0
    0    355     60      -    100     88      0      0      0      0   9501   1965  23289      4      0
    1    333     74      -    100     88      0      0      0      0   9501   1875  23289  23289      0
    0    361     60      -    100     88      0      0      0      0   9501   1965  23289      4      0
    1    341     75      -    100     88      0      0      0      0   9501   1875  23289  23289      0
    0    369     60      -    100     88      0      0      0      0   9501   1965  23289      4      0
    1    349     75      -    100     88      0      0      0      0   9501   1875  23289  23289      0
    0    369     60      -    100     88      0      0      0      0   9501   1965  23289      4      0
    1    349     74      -    100     88      0      0      0      0   9501   1875  23289  23289      0
    0    350     59      -    100     88      0      0      0      0   9501   1965  23289      4      0
    1    330     74      -    100     88      0      0      0      0   9501   1875  23289  23289      0
    0    356     60      -    100     31      0      0      0      0   9501   1965  23289      4      0
    1    334     74      -    100     34      0      0      0      0   9501   1875  23289  23289      0
    0    358     60      -    100     88      0      0      0      0   9501   1965  23289      4      0
    1    339     74      -    100     88      0      0      0      0   9501   1875  23289  23289      0
    0    368     60      -    100     88      0      0      0      0   9501   1965  23289      4      0
    1    348     74      -    100     88      0      0      0      0   9501   1875  23289  23289      0
    0    369     60      -    100     88      0      0      0      0   9501   1965  23289      4      0
    1    348     75      -    100     88      0      0      0      0   9501   1875  23289  23289      0
    0    369     60      -    100     89      0      0      0      0   9501   1965  23289      4      0
    1    348     75      -    100     88      0      0      0      0   9501   1875  23289  23289      0
    0    375     61      -    100     89      0      0      0      0   9501   1965  23289      4      0
    1    349     75      -    100     89      0      0      0      0   9501   1875  23289  23289      0
    0    383     61      -    100     89      0      0      0      0   9501   1965  23289      4      0
    1    349     75      -    100     89      0      0      0      0   9501   1875  23289  23289      0
    0    380     61      -    100     88      0      0      0      0   9501   1965  23289      4      0
    1    349     75      -    100     88      0      0      0      0   9501   1875  23289  23289      0
    0    375     61      -    100     20      0      0      0      0   9501   1965  23289      4      0
    1    341     74      -    100     19      0      0      0      0   9501   1875  23289  23289      0
    0    353     61      -    100     88      0      0      0      0   9501   1965  23289      4      0
    1    322     75      -    100     88      0      0      0      0   9501   1875  23289  23289      0
    0    363     61      -    100     88      0      0      0      0   9501   1965  23289      4      0
    1    333     75      -    100     88      0      0      0      0   9501   1875  23289  23289      0
# gpu    pwr  gtemp  mtemp     sm    mem    enc    dec    jpg    ofa   mclk   pclk     fb   bar1   ccpm
# Idx      W      C      C      %      %      %      %      %      %    MHz    MHz     MB     MB     MB
    0    360     60      -    100     26      0      0      0      0   9501   1965  23289      4      0
    1    337     74      -    100     29      0      0      0      0   9501   1875  23289  23289      0
    0    361     60      -    100     88      0      0      0      0   9501   1965  23289      4      0
    1    341     74      -    100     88      0      0      0      0   9501   1875  23289  23289      0
    0    368     59      -    100     88      0      0      0      0   9501   1965  23289      4      0
    1    349     74      -    100     88      0      0      0      0   9501   1875  23289  23289      0
    0    356     59      -    100     29      0      0      0      0   9501   1965  23289      4      0
    1    335     74      -    100     26      0      0      0      0   9501   1875  23289  23289      0
    0    356     59      -    100     79      0      0      0      0   9501   1965  23289      4      0
    1    334     74      -    100     76      0      0      0      0   9501   1875  23289  23289      0
    0    356     59      -    100     88      0      0      0      0   9501   1965  23289      4      0
    1    337     74      -    100     89      0      0      0      0   9501   1875  23289  23289      0
    0    361     60      -    100     88      0      0      0      0   9501   1965  23289      4      0
    1    342     75      -    100     88      0      0      0      0   9501   1875  23289  23289      0
    0    367     60      -    100     88      0      0      0      0   9501   1965  23289      4      0
    1    348     74      -    100     88      0      0      0      0   9501   1875  23289  23289      0
    0    368     60      -    100     88      0      0      0      0   9501   1965  23289      4      0
    1    348     74      -    100     88      0      0      0      0   9501   1875  23289  23289      0
    0    371     60      -    100     88      0      0      0      0   9501   1965  23289      4      0
    1    348     75      -    100     89      0      0      0      0   9501   1875  23289  23289      0
    0    375     61      -    100     89      0      0      0      0   9501   1965  23289      4      0
    1    349     75      -    100     89      0      0      0      0   9501   1875  23289  23289      0
    0    379     61      -    100     89      0      0      0      0   9501   1965  23289      4      0
    1    349     75      -    100     89      0      0      0      0   9501   1875  23289  23289      0
    0    377     61      -    100     88      0      0      0      0   9501   1965  23289      4      0
    1    344     74      -    100     89      0      0      0      0   9501   1875  23289  23289      0
    0    350     61      -    100     46      0      0      0      0   9501   1965  23289      4      0
    1    319     75      -    100     42      0      0      0      0   9501   1875  23289  23289      0
    0    364     61      -    100     19      0      0      0      0   9501   1965  23289      4      0
    1    331     75      -    100     19      0      0      0      0   9501   1875  23289  23289      0
    0    361     60      -    100     88      0      0      0      0   9501   1965  23289      4      0
    1    337     74      -    100     88      0      0      0      0   9501   1875  23289  23289      0
    0    361     60      -    100     88      0      0      0      0   9501   1965  23289      4      0
    1    341     74      -    100     88      0      0      0      0   9501   1875  23289  23289      0
    0    368     60      -    100     88      0      0      0      0   9501   1965  23289      4      0
    1    349     75      -    100     88      0      0      0      0   9501   1875  23289  23289      0
    0    360     59      -    100     89      0      0      0      0   9501   1965  23289      4      0
    1    339     74      -    100     88      0      0      0      0   9501   1875  23289  23289      0
    0    362     60      -    100     88      0      0      0      0   9501   1965  23289      4      0
    1    343     74      -    100     88      0      0      0      0   9501   1875  23289  23289      0
    0    363     59      -    100     88      0      0      0      0   9501   1965  23289      4      0
    1    343     75      -    100     89      0      0      0      0   9501   1875  23289  23289      0
    0    363     60      -    100     88      0      0      0      0   9501   1965  23289      4      0
    1    343     74      -    100     88      0      0      0      0   9501   1875  23289  23289      0
# gpu    pwr  gtemp  mtemp     sm    mem    enc    dec    jpg    ofa   mclk   pclk     fb   bar1   ccpm
# Idx      W      C      C      %      %      %      %      %      %    MHz    MHz     MB     MB     MB
    0    370     60      -    100     88      0      0      0      0   9501   1965  23289      4      0
    1    348     75      -    100     88      0      0      0      0   9501   1875  23289  23289      0
    0    374     60      -    100     88      0      0      0      0   9501   1965  23289      4      0
    1    348     75      -    100     88      0      0      0      0   9501   1875  23289  23289      0
    0    378     61      -    100     89      0      0      0      0   9501   1965  23289      4      0
    1    349     75      -    100     88      0      0      0      0   9501   1875  23289  23289      0
    0    378     61      -    100     89      0      0      0      0   9501   1965  23289      4      0
    1    349     75      -    100     89      0      0      0      0   9501   1875  23289  23289      0
    0    382     61      -    100     89      0      0      0      0   9501   1965  23289      4      0
    1    349     75      -    100     89      0      0      0      0   9501   1875  23289  23289      0
    0    371     61      -    100     88      0      0      0      0   9501   1965  23289      4      0
    1    341     75      -    100     88      0      0      0      0   9501   1875  23289  23289      0
    0    361     61      -    100     19      0      0      0      0   9501   1965  23289      4      0
    1    333     74      -    100     19      0      0      0      0   9501   1875  23289  23289      0
    0    352     60      -    100     40      0      0      0      0   9501   1965  23289      4      0
    1    326     74      -    100     43      0      0      0      0   9501   1875  23289  23289      0
    0    356     60      -    100     84      0      0      0      0   9501   1965  23289      4      0
    1    329     74      -    100     81      0      0      0      0   9501   1875  23289  23289      0
    0    367     60      -    100     88      0      0      0      0   9501   1965  23289      4      0
    1    348     74      -    100     88      0      0      0      0   9501   1875  23289  23289      0
    0    367     59      -    100     88      0      0      0      0   9501   1965  23289      4      0
    1    348     74      -    100     88      0      0      0      0   9501   1875  23289  23289      0
    0    368     59      -    100     88      0      0      0      0   9501   1965  23289      4      0
    1    347     74      -    100     88      0      0      0      0   9501   1875  23289  23289      0
    0    368     59      -    100     90      0      0      0      0   9501   1965  23289      4      0
    1    349     74      -    100     90      0      0      0      0   9501   1875  23289  23289      0
