# gpu    pwr  gtemp  mtemp     sm    mem    enc    dec    jpg    ofa   mclk   pclk  pviol  tviol     fb   bar1   ccpm  sbecc  dbecc    pci  rxpci  txpci 
# Idx      W      C      C      %      %      %      %      %      %    MHz    MHz      %   bool     MB     MB     MB   errs   errs   errs   MB/s   MB/s 
    0     96     55      -      0      0      0      0      0      0    810    270      0      0  22317      4      0      -      -      0      0      0 
    1     91     56      -      0      0      0      0      0      0    810    285      0      0  22317  22317      0      -      -      0  35481   3150 
    0    102     59      -    100      0      0      0      0      0   9501   1965     28      0  22317      4      0      -      -      0   1941   1978 
    1    156     59      -    100      0      0      0      0      0   9501   1920     24      0  22317  22317      0      -      -      0  12430   2027 
    0    182     60      -    100      0      0      0      0      0   9501   1950      0      0  22317      4      0      -      -      0  19768   2898 
    1    159     60      -    100      0      0      0      0      0   9501   1920      0      0  22317  22317      0      -      -      0  23502   2787 
    0    179     60      -    100      0      0      0      0      0   9501   1950      0      0  22317      4      0      -      -      0  22169   3435 
    1    157     60      -    100      0      0      0      0      0   9501   1920      0      0  22317  22317      0      -      -      0  21571   3167 
    0    187     60      -    100      0      0      0      0      0   9501   1950      0      0  22317      4      0      -      -      0  11916   2069 
    1    165     60      -    100      0      0      0      0      0   9501   1905      0      0  22317  22317      0      -      -      0  15118   1795 
    0    175     60      -    100      5      0      0      0      0   9501   1950      0      0  22317      4      0      -      -      0  19841   1689 
    1    153     60      -    100      0      0      0      0      0   9501   1905      0      0  22317  22317      0      -      -      0  16414   1915 
    0    175     60      -    100      0      0      0      0      0   9501   1950      0      0  22317      4      0      -      -      0   9568   1716 
    1    153     60      -    100      0      0      0      0      0   9501   1905      0      0  22317  22317      0      -      -      0  18156   1800 
    0    175     60      -    100      4      0      0      0      0   9501   1950      0      0  22317      4      0      -      -      0  15213   1653 
    1    153     60      -    100      0      0      0      0      0   9501   1905      0      0  22317  22317      0      -      -      0  17631   1825 
    0    175     60      -    100      4      0      0      0      0   9501   1950      0      0  22317      4      0      -      -      0  21477   2402 
    1    153     60      -    100      0      0      0      0      0   9501   1905      0      0  22317  22317      0      -      -      0  18349   1970 
    0    175     60      -    100      0      0      0      0      0   9501   1950      0      0  22317      4      0      -      -      0  21732   2048 
    1    153     60      -    100      0      0      0      0      0   9501   1905      0      0  22317  22317      0      -      -      0  18668   2001 
    0    174     60      -    100      5      0      0      0      0   9501   1950      0      0  22317      4      0      -      -      0  17911   2169 
    1    154     61      -    100      6      0      0      0      0   9501   1905      0      0  22317  22317      0      -      -      0  18148   2029 
    0    176     60      -    100      0      0      0      0      0   9501   1950      0      0  22317      4      0      -      -      0  19479   2175 
    1    153     61      -    100      0      0      0      0      0   9501   1905      0      0  22317  22317      0      -      -      0  17649   2109 
    0    174     60      -    100      6      0      0      0      0   9501   1950      0      0  22317      4      0      -      -      0  21007   2170 
    1    153     61      -    100      8      0      0      0      0   9501   1905      0      0  22317  22317      0      -      -      0  20426   2390 
    0    177     60      -    100      0      0      0      0      0   9501   1950      0      0  22317      4      0      -      -      0  13068   2725 
    1    153     61      -    100      0      0      0      0      0   9501   1905      0      0  22317  22317      0      -      -      0  20311   2572 
    0    175     60      -    100      0      0      0      0      0   9501   1950      0      0  22317      4      0      -      -      0  21773   2340 
    1    153     61      -    100      0      0      0      0      0   9501   1905      0      0  22317  22317      0      -      -      0  16079   2673 
    0    176     60      -    100      0      0      0      0      0   9501   1950      0      0  22317      4      0      -      -      0  20525   2252 
    1    154     61      -    100      0      0      0      0      0   9501   1905      0      0  22317  22317      0      -      -      0  20822   2286 
    0    175     60      -    100      0      0      0      0      0   9501   1950      0      0  22317      4      0      -      -      0  20103   2448 
    1    153     61      -    100      0      0      0      0      0   9501   1905      0      0  22317  22317      0      -      -      0  19525   1902 
    0    176     60      -    100      5      0      0      0      0   9501   1950      0      0  22317      4      0      -      -      0  20907   2230 
    1    154     61      -    100      0      0      0      0      0   9501   1905      0      0  22317  22317      0      -      -      0  20713   2282 
    0    175     60      -    100      0      0      0      0      0   9501   1950      0      0  22317      4      0      -      -      0  21831   2080 
    1    153     61      -    100      0      0      0      0      0   9501   1905      0      0  22317  22317      0      -      -      0  20986   2275 
    0    177     60      -    100      5      0      0      0      0   9501   1950      0      0  22317      4      0      -      -      0  16509   2369 
    1    154     61      -    100      7      0      0      0      0   9501   1905      0      0  22317  22317      0      -      -      0  18773   2237 
    0    176     60      -    100      0      0      0      0      0   9501   1950      0      0  22317      4      0      -      -      0  14921   1624 
    1    154     61      -    100      0      0      0      0      0   9501   1905      0      0  22317  22317      0      -      -      0  23175   2262 
    0    176     60      -    100      0      0      0      0      0   9501   1950      0      0  22317      4      0      -      -      0  19615   2369 
    1    153     61      -    100      0      0      0      0      0   9501   1905      0      0  22317  22317      0      -      -      0  17250   1796 
# gpu    pwr  gtemp  mtemp     sm    mem    enc    dec    jpg    ofa   mclk   pclk  pviol  tviol     fb   bar1   ccpm  sbecc  dbecc    pci  rxpci  txpci 
# Idx      W      C      C      %      %      %      %      %      %    MHz    MHz      %   bool     MB     MB     MB   errs   errs   errs   MB/s   MB/s 
    0    175     60      -    100      0      0      0      0      0   9501   1950      0      0  22317      4      0      -      -      0  22699   2456 
    1    154     61      -    100      0      0      0      0      0   9501   1905      0      0  22317  22317      0      -      -      0  17543   2338 
    0    176     60      -    100      5      0      0      0      0   9501   1950      0      0  22317      4      0      -      -      0  23500   2348 
    1    154     62      -    100      7      0      0      0      0   9501   1905      0      0  22317  22317      0      -      -      0  20274   2202 
    0    175     60      -    100      0      0      0      0      0   9501   1950      0      0  22317      4      0      -      -      0  18311   2029 
    1    154     62      -    100      0      0      0      0      0   9501   1905      0      0  22317  22317      0      -      -      0  21559   2491 
    0    177     60      -    100      0      0      0      0      0   9501   1950      0      0  22317      4      0      -      -      0  25685   2654 
    1    155     62      -    100      0      0      0      0      0   9501   1905      0      0  22317  22317      0      -      -      0  16795   2496 
    0    176     60      -    100      0      0      0      0      0   9501   1950      0      0  22317      4      0      -      -      0  16929   2257 
    1    154     62      -    100      0      0      0      0      0   9501   1905      0      0  22317  22317      0      -      -      0  21409   2634 
    0    177     60      -    100      8      0      0      0      0   9501   1950      0      0  22317      4      0      -      -      0  21021   2219 
    1    155     62      -    100      0      0      0      0      0   9501   1905      0      0  22317  22317      0      -      -      0  16627   2191 
    0    176     60      -    100      0      0      0      0      0   9501   1950      0      0  22317      4      0      -      -      0  14329   2652 
    1    154     62      -    100      0      0      0      0      0   9501   1905      0      0  22317  22317      0      -      -      0  22082   2089 
    0    175     60      -    100      0      0      0      0      0   9501   1950      0      0  22317      4      0      -      -      0  13352   2794 
    1    155     62      -    100      5      0      0      0      0   9501   1905      0      0  22317  22317      0      -      -      0  17599   1941 
    0    176     61      -    100      0      0      0      0      0   9501   1950      0      0  22317      4      0      -      -      0  18140   2286 
    1    154     62      -    100      0      0      0      0      0   9501   1905      0      0  22317  22317      0      -      -      0  21792   2142 
    0    176     61      -    100      0      0      0      0      0   9501   1950      0      0  22317      4      0      -      -      0  19844   2428 
    1    155     62      -    100      0      0      0      0      0   9501   1905      0      0  22317  22317      0      -      -      0  19123   2498 
    0    177     61      -    100      8      0      0      0      0   9501   1950      0      0  22317      4      0      -      -      0  20538   2043 
    1    155     62      -    100      0      0      0      0      0   9501   1905      0      0  22317  22317      0      -      -      0  18674   2481 
    0    176     61      -    100      0      0      0      0      0   9501   1950      0      0  22317      4      0      -      -      0  19272   2075 
    1    155     62      -    100      5      0      0      0      0   9501   1905      0      0  22317  22317      0      -      -      0  15683   2195 
    0    177     61      -    100      0      0      0      0      0   9501   1950      0      0  22317      4      0      -      -      0  14278   1905 
    1    155     62      -    100      0      0      0      0      0   9501   1905      0      0  22317  22317      0      -      -      0  14954   1923 
    0    177     61      -    100      7      0      0      0      0   9501   1950      0      0  22317      4      0      -      -      0  15662   2187 
    1    155     62      -    100      5      0      0      0      0   9501   1905      0      0  22317  22317      0      -      -      0  20428   1999 
    0    177     61      -    100      0      0      0      0      0   9501   1950      0      0  22317      4      0      -      -      0  19305   1723 
    1    154     62      -    100      0      0      0      0      0   9501   1905      0      0  22317  22317      0      -      -      0  18138   2370 
    0    178     61      -    100      0      0      0      0      0   9501   1950      0      0  22317      4      0      -      -      0  16180   2163 
    1    155     62      -    100      4      0      0      0      0   9501   1905      0      0  22317  22317      0      -      -      0  18632   2334 
    0    176     61      -    100      0      0      0      0      0   9501   1950      0      0  22317      4      0      -      -      0  18025   2150 
    1    155     62      -    100      0      0      0      0      0   9501   1905      0      0  22317  22317      0      -      -      0  17720   1841 
    0    177     61      -    100      0      0      0      0      0   9501   1950      0      0  22317      4      0      -      -      0  17382   2114 
    1    154     62      -    100      4      0      0      0      0   9501   1905      0      0  22317  22317      0      -      -      0  16355   1790 
    0    178     61      -    100      0      0      0      0      0   9501   1950      0      0  22317      4      0      -      -      0  19618   2312 
    1    155     62      -    100      0      0      0      0      0   9501   1905      0      0  22317  22317      0      -      -      0  18866   2283 
    0    176     61      -    100      0      0      0      0      0   9501   1950      0      0  22317      4      0      -      -      0  23717   2231 
    1    154     63      -    100      4      0      0      0      0   9501   1905      0      0  22317  22317      0      -      -      0  20388   2509 
    0    178     61      -    100      7      0      0      0      0   9501   1950      0      0  22317      4      0      -      -      0  20116   2433 
    1    154     62      -    100      0      0      0      0      0   9501   1905      0      0  22317  22317      0      -      -      0  20284   2304 
    0    177     61      -    100      0      0      0      0      0   9501   1950      0      0  22317      4      0      -      -      0  13108   2639 
    1    156     62      -    100      0      0      0      0      0   9501   1905      0      0  22317  22317      0      -      -      0  16170   1656 
# gpu    pwr  gtemp  mtemp     sm    mem    enc    dec    jpg    ofa   mclk   pclk  pviol  tviol     fb   bar1   ccpm  sbecc  dbecc    pci  rxpci  txpci 
# Idx      W      C      C      %      %      %      %      %      %    MHz    MHz      %   bool     MB     MB     MB   errs   errs   errs   MB/s   MB/s 
    0    177     61      -    100      0      0      0      0      0   9501   1950      0      0  22317      4      0      -      -      0  12373   2325 
    1    155     62      -    100      7      0      0      0      0   9501   1905      0      0  22317  22317      0      -      -      0  15351   1651 
    0    178     61      -    100      0      0      0      0      0   9501   1950      0      0  22317      4      0      -      -      0  13107   2896 
    1    155     62      -    100      0      0      0      0      0   9501   1905      0      0  22317  22317      0      -      -      0  20094   2005 
    0    177     61      -    100      0      0      0      0      0   9501   1950      0      0  22317      4      0      -      -      0  18653   1596 
    1    155     62      -    100      8      0      0      0      0   9501   1905      0      0  22317  22317      0      -      -      0  22739   2116 
    0    179     61      -    100      1      0      0      0      0   9501   1950      0      0  22317      4      0      -      -      0  19966   2490 
    1    154     62      -    100      0      0      0      0      0   9501   1905      0      0  22317  22317      0      -      -      0  22022   2120 
    0    178     61      -    100      0      0      0      0      0   9501   1950      0      0  22317      4      0      -      -      0  19555   2312 
    1    155     62      -    100      7      0      0      0      0   9501   1905      0      0  22317  22317      0      -      -      0  14569   2842 
    0    178     61      -    100      0      0      0      0      0   9501   1950      0      0  22317      4      0      -      -      0  19550   2341 
    1    155     62      -    100      0      0      0      0      0   9501   1905      0      0  22317  22317      0      -      -      0  17043   2363 
    0    178     61      -    100      1      0      0      0      0   9501   1950      0      0  22317      4      0      -      -      0  16646   1935 
    1    155     62      -    100      0      0      0      0      0   9501   1905      0      0  22317  22317      0      -      -      0  20374   2106 
    0    177     61      -    100      5      0      0      0      0   9501   1950      0      0  22317      4      0      -      -      0  22923   2297 
    1    155     62      -    100      0      0      0      0      0   9501   1905      0      0  22317  22317      0      -      -      0  11150   2182 
    0    177     61      -    100      0      0      0      0      0   9501   1950      0      0  22317      4      0      -      -      0  20316   1830 
    1    154     62      -    100      0      0      0      0      0   9501   1905      0      0  22317  22317      0      -      -      0  13281   2838 
    0    178     61      -    100      0      0      0      0      0   9501   1950      0      0  22317      4      0      -      -      0  19569   1719 
    1    155     62      -    100      0      0      0      0      0   9501   1905      0      0  22317  22317      0      -      -      0  20844   2531 
    0    177     61      -    100      0      0      0      0      0   9501   1950      0      0  22317      4      0      -      -      0  20295   1903 
    1    155     62      -    100      0      0      0      0      0   9501   1905      0      0  22317  22317      0      -      -      0  16549   1883 
    0    181     61      -    100      5      0      0      0      0   9501   1950      0      0  22317      4      0      -      -      0  17409   2498 
    1    155     62      -    100      0      0      0      0      0   9501   1905      0      0  22317  22317      0      -      -      0  21689   2175 
    0    177     61      -    100      0      0      0      0      0   9501   1950      0      0  22317      4      0      -      -      0  15235   1938 
    1    154     62      -    100      0      0      0      0      0   9501   1905      0      0  22317  22317      0      -      -      0  17348   1943 
    0    178     61      -    100      0      0      0      0      0   9501   1950      0      0  22317      4      0      -      -      0  16179   1870 
    1    154     62      -    100      0      0      0      0      0   9501   1905      0      0  22317  22317      0      -      -      0  20300   2608 
    0    178     61      -    100      5      0      0      0      0   9501   1950      0      0  22317      4      0      -      -      0  13779   2783 
    1    155     62      -    100      4      0      0      0      0   9501   1905      0      0  22317  22317      0      -      -      0  19626   1851 
    0    177     61      -    100      0      0      0      0      0   9501   1950      0      0  22317      4      0      -      -      0  13619   2896 
    1    155     62      -    100      0      0      0      0      0   9501   1905      0      0  22317  22317      0      -      -      0  18767   1912 
    0    178     61      -    100      5      0      0      0      0   9501   1950      0      0  22317      4      0      -      -      0  20513   2284 
    1    155     62      -    100      0      0      0      0      0   9501   1905      0      0  22317  22317      0      -      -      0  17354   1925 
    0    180     61      -    100      0      0      0      0      0   9501   1950      0      0  22317      4      0      -      -      0  18046   2001 
    1    155     62      -    100      0      0      0      0      0   9501   1905      0      0  22317  22317      0      -      -      0  20839   2230 
    0    179     61      -    100      0      0      0      0      0   9501   1950      0      0  22317      4      0      -      -      0  21297   1857 
    1    155     62      -    100      0      0      0      0      0   9501   1905      0      0  22317  22317      0      -      -      0  18725   2318 
    0    178     61      -    100      0      0      0      0      0   9501   1950      0      0  22317      4      0      -      -      0  20804   1887 
    1    154     62      -    100      0      0      0      0      0   9501   1905      0      0  22317  22317      0      -      -      0  18797   2082 
    0    178     61      -    100      4      0      0      0      0   9501   1950      0      0  22317      4      0      -      -      0  15417   1938 
    1    155     62      -    100      0      0      0      0      0   9501   1905      0      0  22317  22317      0      -      -      0  20863   2029 
    0    177     61      -    100      0      0      0      0      0   9501   1950      0      0  22317      4      0      -      -      0  18211   2291 
    1    155     62      -    100      5      0      0      0      0   9501   1905      0      0  22317  22317      0      -      -      0  18120   1998 
# gpu    pwr  gtemp  mtemp     sm    mem    enc    dec    jpg    ofa   mclk   pclk  pviol  tviol     fb   bar1   ccpm  sbecc  dbecc    pci  rxpci  txpci 
# Idx      W      C      C      %      %      %      %      %      %    MHz    MHz      %   bool     MB     MB     MB   errs   errs   errs   MB/s   MB/s 
    0    179     61      -    100      0      0      0      0      0   9501   1950      0      0  22317      4      0      -      -      0  18380   2335 
    1    154     62      -    100      0      0      0      0      0   9501   1905      0      0  22317  22317      0      -      -      0  22916   2321 
    0    178     61      -    100      0      0      0      0      0   9501   1950      0      0  22317      4      0      -      -      0  17573   2272 
    1    155     62      -    100      5      0      0      0      0   9501   1905      0      0  22317  22317      0      -      -      0  16180   1923 
    0    178     61      -    100      7      0      0      0      0   9501   1950      0      0  22317      4      0      -      -      0  15955   2078 
    1    155     62      -    100      5      0      0      0      0   9501   1905      0      0  22317  22317      0      -      -      0  22429   2036 
    0    177     61      -    100      0      0      0      0      0   9501   1950      0      0  22317      4      0      -      -      0  14264   2639 
    1    155     62      -    100      0      0      0      0      0   9501   1905      0      0  22317  22317      0      -      -      0  18147   1920 
    0    179     61      -    100      0      0      0      0      0   9501   1950      0      0  22317      4      0      -      -      0  20363   2286 
    1    155     62      -    100      5      0      0      0      0   9501   1905      0      0  22317  22317      0      -      -      0  13479   2726 
    0    178     61      -    100      0      0      0      0      0   9501   1950      0      0  22317      4      0      -      -      0  17907   2139 
    1    155     62      -    100      0      0      0      0      0   9501   1905      0      0  22317  22317      0      -      -      0  14272   2696 
    0    178     61      -    100      0      0      0      0      0   9501   1950      0      0  22317      4      0      -      -      0  14384   1951 
    1    155     61      -    100      6      0      0      0      0   9501   1905      0      0  22317  22317      0      -      -      0  19842   2322 
    0    177     61      -    100      0      0      0      0      0   9501   1950      0      0  22317      4      0      -      -      0  21530   2450 
    1    154     61      -    100      0      0      0      0      0   9501   1905      0      0  22317  22317      0      -      -      0  19197   2596 
    0    178     61      -    100      0      0      0      0      0   9501   1950      0      0  22317      4      0      -      -      0  19935   1943 
    1    155     61      -    100      5      0      0      0      0   9501   1905      0      0  22317  22317      0      -      -      0  20552   1860 
    0    176     61      -    100      0      0      0      0      0   9501   1950      0      0  22317      4      0      -      -      0  18120   1773 
    1    155     61      -    100      5      0      0      0      0   9501   1905      0      0  22317  22317      0      -      -      0  16436   2354 
    0    178     61      -    100      0      0      0      0      0   9501   1950      0      0  22317      4      0      -      -      0  20475   2517 
    1    155     61      -    100      0      0      0      0      0   9501   1905      0      0  22317  22317      0      -      -      0  17082   1652 
    0    179     61      -    100      0      0      0      0      0   9501   1950      0      0  22317      4      0      -      -      0  18358   2198 
    1    154     61      -    100      5      0      0      0      0   9501   1905      0      0  22317  22317      0      -      -      0  17895   1872 
    0    176     61      -    100      0      0      0      0      0   9501   1950      0      0  22317      4      0      -      -      0  17897   2399 
    1    154     61      -    100      0      0      0      0      0   9501   1905      0      0  22317  22317      0      -      -      0  20820   2116 
    0    178     61      -    100      0      0      0      0      0   9501   1950      0      0  22317      4      0      -      -      0  18629   1918 
    1    154     61      -    100      6      0      0      0      0   9501   1905      0      0  22317  22317      0      -      -      0  19612   2255 
    0    178     61      -    100      6      0      0      0      0   9501   1950      0      0  22317      4      0      -      -      0  19888   2321 
    1    154     61      -    100      0      0      0      0      0   9501   1905      0      0  22317  22317      0      -      -      0  18857   1970 
    0    179     61      -    100      0      0      0      0      0   9501   1950      0      0  22317      4      0      -      -      0  18148   2028 
    1    154     61      -    100      0      0      0      0      0   9501   1905      0      0  22317  22317      0      -      -      0  16760   2121 
    0    177     61      -    100      7      0      0      0      0   9501   1950      0      0  22317      4      0      -      -      0  16928   2169 
    1    155     61      -    100      0      0      0      0      0   9501   1905      0      0  22317  22317      0      -      -      0  23253   2197 
    0    177     61      -    100      0      0      0      0      0   9501   1950      0      0  22317      4      0      -      -      0  16610   2382 
    1    155     61      -    100      0      0      0      0      0   9501   1905      0      0  22317  22317      0      -      -      0  20794   2452 
    0    180     61      -    100      0      0      0      0      0   9501   1950      0      0  22317      4      0      -      -      0  15658   1809 
    1    154     61      -    100      0      0      0      0      0   9501   1905      0      0  22317  22317      0      -      -      0  24008   2423 
    0    179     61      -    100      0      0      0      0      0   9501   1950      0      0  22317      4      0      -      -      0  15141   1846 
    1    153     61      -    100      0      0      0      0      0   9501   1905      0      0  22317  22317      0      -      -      0  20354   1694 
    0    178     61      -    100      8      0      0      0      0   9501   1950      0      0  22317      4      0      -      -      0  22430   1978 
    1    154     61      -    100      0      0      0      0      0   9501   1905      0      0  22317  22317      0      -      -      0  19526   2447 
    0    177     61      -    100      0      0      0      0      0   9501   1950      0      0  22317      4      0      -      -      0  17440   1968 
    1    154     61      -    100      7      0      0      0      0   9501   1905      0      0  22317  22317      0      -      -      0  15934   2020 
# gpu    pwr  gtemp  mtemp     sm    mem    enc    dec    jpg    ofa   mclk   pclk  pviol  tviol     fb   bar1   ccpm  sbecc  dbecc    pci  rxpci  txpci 
# Idx      W      C      C      %      %      %      %      %      %    MHz    MHz      %   bool     MB     MB     MB   errs   errs   errs   MB/s   MB/s 
    0    180     61      -    100      7      0      0      0      0   9501   1950      0      0  22317      4      0      -      -      0  19869   2564 
    1    154     61      -    100      0      0      0      0      0   9501   1905      0      0  22317  22317      0      -      -      0  20343   2110 
    0    176     61      -    100      0      0      0      0      0   9501   1950      0      0  22317      4      0      -      -      0  18339   1933 
    1    154     61      -    100      0      0      0      0      0   9501   1905      0      0  22317  22317      0      -      -      0  22525   2543 
    0    177     61      -    100      0      0      0      0      0   9501   1950      0      0  22317      4      0      -      -      0  14162   2810 
    1    154     61      -    100      0      0      0      0      0   9501   1905      0      0  22317  22317      0      -      -      0  20739   2334 
    0    178     61      -    100      0      0      0      0      0   9501   1950      0      0  22317      4      0      -      -      0  14226   2473 
    1    153     61      -    100      0      0      0      0      0   9501   1905      0      0  22317  22317      0      -      -      0  14588   2702 
    0    177     61      -    100      0      0      0      0      0   9501   1950      0      0  22317      4      0      -      -      0  14651   1964 
    1    154     61      -    100      0      0      0      0      0   9501   1905      0      0  22317  22317      0      -      -      0  18653   2200 
    0    177     61      -    100      5      0      0      0      0   9501   1950      0      0  22317      4      0      -      -      0  18352   1652 
    1    154     61      -    100      0      0      0      0      0   9501   1905      0      0  22317  22317      0      -      -      0  14002   2725 
    0    179     61      -    100      0      0      0      0      0   9501   1950      0      0  22317      4      0      -      -      0  18344   2347 
    1    154     61      -    100      0      0      0      0      0   9501   1905      0      0  22317  22317      0      -      -      0  16339   1756 
    0    177     61      -    100      5      0      0      0      0   9501   1950      0      0  22317      4      0      -      -      0  16895   1999 
    1    154     61      -    100      0      0      0      0      0   9501   1905      0      0  22317  22317      0      -      -      0  18504   1618 
    0    176     61      -    100      0      0      0      0      0   9501   1950      0      0  22317      4      0      -      -      0  18576   1930 
    1    154     61      -    100      0      0      0      0      0   9501   1905      0      0  22317  22317      0      -      -      0  20614   2114 
    0    177     61      -    100      5      0      0      0      0   9501   1950      0      0  22317      4      0      -      -      0  18568   2561 
    1    153     60      -    100      0      0      0      0      0   9501   1905      0      0  22317  22317      0      -      -      0  20088   2213 
    0    177     61      -    100      5      0      0      0      0   9501   1950      0      0  22317      4      0      -      -      0  18032   1881 
    1    154     60      -    100      0      0      0      0      0   9501   1905      0      0  22317  22317      0      -      -      0  16849   1987 
    0    178     61      -    100      0      0      0      0      0   9501   1950      0      0  22317      4      0      -      -      0  18818   2151 
    1    154     60      -    100      0      0      0      0      0   9501   1905      0      0  22317  22317      0      -      -      0  18657   1918 
    0    177     61      -    100      5      0      0      0      0   9501   1950      0      0  22317      4      0      -      -      0  14402   2106 
    1    154     60      -    100      0      0      0      0      0   9501   1905      0      0  22317  22317      0      -      -      0  18151   1878 
    0    176     61      -    100      0      0      0      0      0   9501   1950      0      0  22317      4      0      -      -      0  18286   1968 
    1    154     60      -    100      5      0      0      0      0   9501   1905      0      0  22317  22317      0      -      -      0  21332   2339 
    0    178     61      -    100      5      0      0      0      0   9501   1950      0      0  22317      4      0      -      -      0  14136   2816 
    1    153     60      -    100      0      0      0      0      0   9501   1905      0      0  22317  22317      0      -      -      0  19854   2099 
    0    177     61      -    100      0      0      0      0      0   9501   1950      0      0  22317      4      0      -      -      0  20033   1703 
    1    154     60      -    100      0      0      0      0      0   9501   1905      0      0  22317  22317      0      -      -      0  12992   2203 
    0    178     61      -    100      5      0      0      0      0   9501   1950      0      0  22317      4      0      -      -      0  19303   2338 
    1    154     60      -    100      0      0      0      0      0   9501   1905      0      0  22317  22317      0      -      -      0  18783   2859 
    0    178     61      -    100      5      0      0      0      0   9501   1950      0      0  22317      4      0      -      -      0  16154   1952 
    1    154     60      -    100      0      0      0      0      0   9501   1905      0      0  22317  22317      0      -      -      0  22152   1886 
    0    179     61      -    100      0      0      0      0      0   9501   1950      0      0  22317      4      0      -      -      0  19575   2026 
    1    153     60      -    100      0      0      0      0      0   9501   1905      0      0  22317  22317      0      -      -      0  17627   2225 
    0    176     61      -    100      3      0      0      0      0   9501   1950      0      0  22317      4      0      -      -      0  14375   2104 
    1    154     60      -    100      0      0      0      0      0   9501   1905      0      0  22317  22317      0      -      -      0  16405   1969 
    0    177     61      -    100      0      0      0      0      0   9501   1950      0      0  22317      4      0      -      -      0  14303   2179 
    1    153     60      -    100      0      0      0      0      0   9501   1905      0      0  22317  22317      0      -      -      0  15220   2076 
    0    178     61      -    100      0      0      0      0      0   9501   1950      0      0  22317      4      0      -      -      0  22682   2391 
    1    153     60      -    100      0      0      0      0      0   9501   1905      0      0  22317  22317      0      -      -      0  17183   1650 
# gpu    pwr  gtemp  mtemp     sm    mem    enc    dec    jpg    ofa   mclk   pclk  pviol  tviol     fb   bar1   ccpm  sbecc  dbecc    pci  rxpci  txpci 
# Idx      W      C      C      %      %      %      %      %      %    MHz    MHz      %   bool     MB     MB     MB   errs   errs   errs   MB/s   MB/s 
    0    178     61      -    100      0      0      0      0      0   9501   1950      0      0  22317      4      0      -      -      0  20647   2004 
    1    153     60      -    100      5      0      0      0      0   9501   1905      0      0  22317  22317      0      -      -      0  14301   2060 
    0    177     61      -    100      0      0      0      0      0   9501   1950      0      0  22317      4      0      -      -      0  20036   2362 
    1    153     60      -    100      5      0      0      0      0   9501   1905      0      0  22317  22317      0      -      -      0  18383   1969 
    0    178     61      -    100      0      0      0      0      0   9501   1950      0      0  22317      4      0      -      -      0  21250   2144 
    1    154     60      -    100      0      0      0      0      0   9501   1905      0      0  22317  22317      0      -      -      0  18352   2338 
    0    177     61      -    100      0      0      0      0      0   9501   1950      0      0  22317      4      0      -      -      0  16949   1806 
    1    153     60      -    100      0      0      0      0      0   9501   1905      0      0  22317  22317      0      -      -      0  22324   2146 
    0    178     61      -    100      9      0      0      0      0   9501   1950      0      0  22317      4      0      -      -      0  16916   1971 
    1    154     60      -    100      6      0      0      0      0   9501   1905      0      0  22317  22317      0      -      -      0  20493   2249 
    0    177     61      -    100      0      0      0      0      0   9501   1950      0      0  22317      4      0      -      -      0  16822   1771 
    1    153     60      -    100      0      0      0      0      0   9501   1905      0      0  22317  22317      0      -      -      0  16810   2049 
    0    177     61      -    100      0      0      0      0      0   9501   1950      0      0  22317      4      0      -      -      0  20400   2164 
    1    153     60      -    100      5      0      0      0      0   9501   1905      0      0  22317  22317      0      -      -      0  15014   1909 
    0    177     61      -    100      0      0      0      0      0   9501   1950      0      0  22317      4      0      -      -      0  18792   2219 
    1    154     60      -    100      0      0      0      0      0   9501   1905      0      0  22317  22317      0      -      -      0  18857   2340 
    0    178     61      -    100      0      0      0      0      0   9501   1950      0      0  22317      4      0      -      -      0  21801   2163 
    1    153     60      -    100      0      0      0      0      0   9501   1905      0      0  22317  22317      0      -      -      0  20788   2592 
    0    177     61      -    100      0      0      0      0      0   9501   1950      0      0  22317      4      0      -      -      0  15708   1767 
    1    153     60      -    100      7      0      0      0      0   9501   1905      0      0  22317  22317      0      -      -      0  18294   1981 
    0    178     61      -    100      0      0      0      0      0   9501   1950      0      0  22317      4      0      -      -      0  16925   2341 
    1    153     60      -    100      0      0      0      0      0   9501   1905      0      0  22317  22317      0      -      -      0  20652   1942 
    0    177     61      -    100      0      0      0      0      0   9501   1950      0      0  22317      4      0      -      -      0  15476   1849 
    1    153     60      -    100      0      0      0      0      0   9501   1905      0      0  22317  22317      0      -      -      0  14855   1656 
    0    178     61      -    100      0      0      0      0      0   9501   1950      0      0  22317      4      0      -      -      0  22084   1974 
    1    153     60      -    100      6      0      0      0      0   9501   1905      0      0  22317  22317      0      -      -      0  15172   1871 
    0    177     61      -    100      0      0      0      0      0   9501   1950      0      0  22317      4      0      -      -      0  21329   2057 
    1    153     60      -    100      0      0      0      0      0   9501   1905      0      0  22317  22317      0      -      -      0  15204   2135 
    0    178     61      -    100      0      0      0      0      0   9501   1950      0      0  22317      4      0      -      -      0  20845   2173 
    1    152     60      -    100      0      0      0      0      0   9501   1905      0      0  22317  22317      0      -      -      0  14873   1736 
    0    177     61      -    100      0      0      0      0      0   9501   1950      0      0  22317      4      0      -      -      0  21690   1918 
    1    153     60      -    100      0      0      0      0      0   9501   1905      0      0  22317  22317      0      -      -      0  20808   2305 
    0    178     61      -    100      0      0      0      0      0   9501   1950      0      0  22317      4      0      -      -      0  16597   2177 
    1    153     60      -    100      0      0      0      0      0   9501   1905      0      0  22317  22317      0      -      -      0  19145   2038 
    0    178     61      -    100      3      0      0      0      0   9501   1950      0      0  22317      4      0      -      -      0  21499   1798 
    1    153     60      -    100      0      0      0      0      0   9501   1905      0      0  22317  22317      0      -      -      0  18998   1641 
    0    177     61      -    100      0      0      0      0      0   9501   1950      0      0  22317      4      0      -      -      0  18156   1943 
    1    153     60      -    100      6      0      0      0      0   9501   1905      0      0  22317  22317      0      -      -      0  15219   1870 
    0    178     61      -    100      0      0      0      0      0   9501   1950      0      0  22317      4      0      -      -      0  20605   2286 
    1    153     60      -    100      0      0      0      0      0   9501   1905      0      0  22317  22317      0      -      -      0  16562   1915 
    0    178     61      -    100      0      0      0      0      0   9501   1950      0      0  22317      4      0      -      -      0  18075   1934 
    1    152     60      -    100      0      0      0      0      0   9501   1905      0      0  22317  22317      0      -      -      0  16634   1792 
    0    177     61      -    100      5      0      0      0      0   9501   1950      0      0  22317      4      0      -      -      0  18796   2350 
    1    153     60      -    100      0      0      0      0      0   9501   1905      0      0  22317  22317      0      -      -      0  18756   1998 
# gpu    pwr  gtemp  mtemp     sm    mem    enc    dec    jpg    ofa   mclk   pclk  pviol  tviol     fb   bar1   ccpm  sbecc  dbecc    pci  rxpci  txpci 
# Idx      W      C      C      %      %      %      %      %      %    MHz    MHz      %   bool     MB     MB     MB   errs   errs   errs   MB/s   MB/s 
    0    177     61      -    100      0      0      0      0      0   9501   1950      0      0  22317      4      0      -      -      0  17900   2313 
    1    154     60      -    100      0      0      0      0      0   9501   1905      0      0  22317  22317      0      -      -      0  23883   2233 
    0    178     61      -    100      5      0      0      0      0   9501   1950      0      0  22317      4      0      -      -      0  19308   2085 
    1    153     60      -    100      0      0      0      0      0   9501   1905      0      0  22317  22317      0      -      -      0  19100   2090 
    0    177     61      -    100      0      0      0      0      0   9501   1950      0      0  22317      4      0      -      -      0  21082   1666 
    1    153     60      -    100      0      0      0      0      0   9501   1905      0      0  22317  22317      0      -      -      0  20242   2311 
    0    176     61      -    100      0      0      0      0      0   9501   1950      0      0  22317      4      0      -      -      0  17584   2029 
    1    153     60      -    100      7      0      0      0      0   9501   1905      0      0  22317  22317      0      -      -      0  19293   2267 
    0    177     61      -    100      0      0      0      0      0   9501   1950      0      0  22317      4      0      -      -      0  21028   2339 
    1    153     60      -    100      0      0      0      0      0   9501   1905      0      0  22317  22317      0      -      -      0  17885   1943 
    0    177     61      -    100      5      0      0      0      0   9501   1950      0      0  22317      4      0      -      -      0  20105   2430 
    1    153     60      -    100      0      0      0      0      0   9501   1905      0      0  22317  22317      0      -      -      0  18293   2025 
    0    176     61      -    100      0      0      0      0      0   9501   1950      0      0  22317      4      0      -      -      0  16638   2136 
    1    153     60      -    100      0      0      0      0      0   9501   1905      0      0  22317  22317      0      -      -      0  18273   2104 
    0    177     61      -    100      5      0      0      0      0   9501   1950      0      0  22317      4      0      -      -      0  20285   1691 
    1    152     60      -    100      0      0      0      0      0   9501   1905      0      0  22317  22317      0      -      -      0  18380   2533 
    0    176     61      -    100      0      0      0      0      0   9501   1950      0      0  22317      4      0      -      -      0  20046   2029 
    1    154     60      -    100      0      0      0      0      0   9501   1905      0      0  22317  22317      0      -      -      0  18301   2091 
    0    177     60      -    100      0      0      0      0      0   9501   1950      0      0  22317      4      0      -      -      0  20571   2144 
    1    153     60      -    100      0      0      0      0      0   9501   1905      0      0  22317  22317      0      -      -      0  21947   2050 
    0    177     60      -    100      0      0      0      0      0   9501   1950      0      0  22317      4      0      -      -      0  18566   2177 
    1    152     60      -    100      0      0      0      0      0   9501   1905      0      0  22317  22317      0      -      -      0  20556   2314 
    0    176     61      -    100      0      0      0      0      0   9501   1950      0      0  22317      4      0      -      -      0  14308   2631 
    1    153     61      -    100      1      0      0      0      0   9501   1905      0      0  22317  22317      0      -      -      0  19607   1944 
    0    177     61      -    100      0      0      0      0      0   9501   1950      0      0  22317      4      0      -      -      0  18870   2114 
    1    153     60      -    100      0      0      0      0      0   9501   1905      0      0  22317  22317      0      -      -      0  18547   2305 
    0    177     60      -    100      4      0      0      0      0   9501   1950      0      0  22317      4      0      -      -      0  19842   2031 
    1    153     60      -    100      0      0      0      0      0   9501   1905      0      0  22317  22317      0      -      -      0  17616   1907 
    0    176     61      -    100      0      0      0      0      0   9501   1950      0      0  22317      4      0      -      -      0  22432   2292 
    1    153     60      -    100      5      0      0      0      0   9501   1905      0      0  22317  22317      0      -      -      0  21102   2314 
    0    176     60      -    100      0      0      0      0      0   9501   1950      0      0  22317      4      0      -      -      0  19150   2085 
    1    153     60      -    100      0      0      0      0      0   9501   1905      0      0  22317  22317      0      -      -      0  14952   1683 
    0    177     61      -    100      0      0      0      0      0   9501   1950      0      0  22317      4      0      -      -      0  17327   1663 
    1    152     60      -    100      1      0      0      0      0   9501   1905      0      0  22317  22317      0      -      -      0  14155   1742 
    0    177     60      -    100      0      0      0      0      0   9501   1950      0      0  22317      4      0      -      -      0  16139   1852 
    1    153     60      -    100      0      0      0      0      0   9501   1905      0      0  22317  22317      0      -      -      0  16896   2223 
    0    177     61      -    100      0      0      0      0      0   9501   1950      0      0  22317      4      0      -      -      0  20225   2537 
    1    154     61      -    100      5      0      0      0      0   9501   1905      0      0  22317  22317      0      -      -      0  19376   1714 
    0    176     60      -    100      5      0      0      0      0   9501   1950      0      0  22317      4      0      -      -      0  18809   2393 
    1    152     61      -    100      0      0      0      0      0   9501   1905      0      0  22317  22317      0      -      -      0  16860   1820 
    0    177     60      -    100      0      0      0      0      0   9501   1950      0      0  22317      4      0      -      -      0  21472   2651 
    1    153     61      -    100      5      0      0      0      0   9501   1905      0      0  22317  22317      0      -      -      0  18274   1833 
    0    177     60      -    100      7      0      0      0      0   9501   1950      0      0  22317      4      0      -      -      0  17657   2084 
    1    154     61      -    100      0      0      0      0      0   9501   1905      0      0  22317  22317      0      -      -      0  14999   1857 
# gpu    pwr  gtemp  mtemp     sm    mem    enc    dec    jpg    ofa   mclk   pclk  pviol  tviol     fb   bar1   ccpm  sbecc  dbecc    pci  rxpci  txpci 
# Idx      W      C      C      %      %      %      %      %      %    MHz    MHz      %   bool     MB     MB     MB   errs   errs   errs   MB/s   MB/s 
    0    177     60      -    100      6      0      0      0      0   9501   1950      0      0  22317      4      0      -      -      0  14259   2000 
    1    153     61      -    100      4      0      0      0      0   9501   1905      0      0  22317  22317      0      -      -      0  16165   2142 
    0    176     60      -    100      0      0      0      0      0   9501   1950      0      0  22317      4      0      -      -      0  21239   1949 
    1    153     61      -    100      0      0      0      0      0   9501   1905      0      0  22317  22317      0      -      -      0  19843   2421 
    0    176     60      -    100      7      0      0      0      0   9501   1950      0      0  22317      4      0      -      -      0  21381   2340 
    1    154     61      -    100      0      0      0      0      0   9501   1905      0      0  22317  22317      0      -      -      0  16411   2163 
    0    175     60      -    100      0      0      0      0      0   9501   1950      0      0  22317      4      0      -      -      0  20833   2345 
    1    153     61      -    100      0      0      0      0      0   9501   1905      0      0  22317  22317      0      -      -      0  17771   1933 
    0    176     60      -    100      7      0      0      0      0   9501   1950      0      0  22317      4      0      -      -      0  18870   2282 
    1    153     61      -    100      0      0      0      0      0   9501   1905      0      0  22317  22317      0      -      -      0  19127   2030 
    0    177     60      -    100      8      0      0      0      0   9501   1950      0      0  22317      4      0      -      -      0  14112   2229 
    1    154     61      -    100      0      0      0      0      0   9501   1905      0      0  22317  22317      0      -      -      0  17332   1713 
    0    177     60      -    100      0      0      0      0      0   9501   1950      0      0  22317      4      0      -      -      0  16111   2278 
    1    154     61      -    100      8      0      0      0      0   9501   1905      0      0  22317  22317      0      -      -      0  22324   2304 
    0    176     60      -    100      8      0      0      0      0   9501   1950      0      0  22317      4      0      -      -      0  12532   2270 
    1    154     61      -    100      0      0      0      0      0   9501   1905      0      0  22317  22317      0      -      -      0  16332   1906 
    0    176     60      -    100      0      0      0      0      0   9501   1950      0      0  22317      4      0      -      -      0  18091   2535 
    1    153     61      -    100      0      0      0      0      0   9501   1905      0      0  22317  22317      0      -      -      0  19081   1995 
    0    176     60      -    100      8      0      0      0      0   9501   1950      0      0  22317      4      0      -      -      0  19780   2283 
    1    154     61      -    100      0      0      0      0      0   9501   1905      0      0  22317  22317      0      -      -      0  22780   2309 
    0    179     60      -    100      0      0      0      0      0   9501   1950      0      0  22317      4      0      -      -      0  20358   3069 
    1    156     61      -    100      0      0      0      0      0   9501   1905      0      0  22317  22317      0      -      -      0  17527   3128 
    0    188     61      -    100      0      0      0      0      0   9501   1950      0      0  22317      4      0      -      -      0  20085   2371 
    1    163     61      -    100      0      0      0      0      0   9501   1905      0      0  22317  22317      0      -      -      0  13850   2846 
    0    176     60      -    100      0      0      0      0      0   9501   1950      0      0  22317      4      0      -      -      0  17425   2140 
    1    154     61      -    100      7      0      0      0      0   9501   1905      0      0  22317  22317      0      -      -      0  19794   1742 
    0    177     60      -    100      8      0      0      0      0   9501   1950      0      0  22317      4      0      -      -      0  23162   2928 
    1    156     61      -    100      0      0      0      0      0   9501   1905      0      0  22317  22317      0      -      -      0  23309   2977 
    0    179     60      -    100      0      0      0      0      0   9501   1950      0      0  22317      4      0      -      -      0  19378   2398 
    1    160     61      -    100      0      0      0      0      0   9501   1905      0      0  22317  22317      0      -      -      0  13727   2755 
    0    176     60      -    100      0      0      0      0      0   9501   1950      0      0  22317      4      0      -      -      0  19607   2058 
    1    157     61      -    100      0      0      0      0      0   9501   1905      0      0  22317  22317      0      -      -      0  14543   1627 
    0    175     60      -    100      0      0      0      0      0   9501   1950      0      0  22317      4      0      -      -      0  19322   2287 
    1    154     61      -    100      0      0      0      0      0   9501   1905      0      0  22317  22317      0      -      -      0  18920   2365 
    0    176     60      -    100      0      0      0      0      0   9501   1950      0      0  22317      4      0      -      -      0  19314   2419 
    1    153     61      -    100      0      0      0      0      0   9501   1905      0      0  22317  22317      0      -      -      0  19209   2043 
    0    176     60      -    100      0      0      0      0      0   9501   1950      0      0  22317      4      0      -      -      0  18804   2085 
    1    154     61      -    100      4      0      0      0      0   9501   1905      0      0  22317  22317      0      -      -      0  14853   1794 
    0    176     60      -    100      0      0      0      0      0   9501   1950      0      0  22317      4      0      -      -      0  22219   2420 
    1    154     61      -    100      0      0      0      0      0   9501   1905      0      0  22317  22317      0      -      -      0  16902   2026 
    0    176     60      -    100      0      0      0      0      0   9501   1950      0      0  22317      4      0      -      -      0  19845   2144 
    1    154     61      -    100      0      0      0      0      0   9501   1905      0      0  22317  22317      0      -      -      0  21482   2618 
    0    175     60      -    100      0      0      0      0      0   9501   1950      0      0  22317      4      0      -      -      0  17410   2025 
    1    153     61      -    100      0      0      0      0      0   9501   1905      0      0  22317  22317      0      -      -      0  19975   1935 
# gpu    pwr  gtemp  mtemp     sm    mem    enc    dec    jpg    ofa   mclk   pclk  pviol  tviol     fb   bar1   ccpm  sbecc  dbecc    pci  rxpci  txpci 
# Idx      W      C      C      %      %      %      %      %      %    MHz    MHz      %   bool     MB     MB     MB   errs   errs   errs   MB/s   MB/s 
    0    176     60      -    100      0      0      0      0      0   9501   1950      0      0  22317      4      0      -      -      0  14340   2399 
    1    153     61      -    100      0      0      0      0      0   9501   1905      0      0  22317  22317      0      -      -      0  21688   2426 
    0    175     60      -    100      0      0      0      0      0   9501   1950      0      0  22317      4      0      -      -      0  13167   2697 
    1    154     61      -    100      2      0      0      0      0   9501   1905      0      0  22317  22317      0      -      -      0  18141   1977 
    0    175     60      -    100      0      0      0      0      0   9501   1950      0      0  22317      4      0      -      -      0  13568   2721 
    1    154     61      -    100      0      0      0      0      0   9501   1905      0      0  22317  22317      0      -      -      0  19748   2133 
    0    176     60      -    100      0      0      0      0      0   9501   1950      0      0  22317      4      0      -      -      0  15331   1857 
    1    154     61      -    100      5      0      0      0      0   9501   1905      0      0  22317  22317      0      -      -      0  20213   2035 
    0    175     60      -    100      0      0      0      0      0   9501   1950      0      0  22317      4      0      -      -      0  17584   2057 
    1    153     61      -    100      0      0      0      0      0   9501   1905      0      0  22317  22317      0      -      -      0  15108   1561 
    0    176     60      -    100      0      0      0      0      0   9501   1950      0      0  22317      4      0      -      -      0  15439   1993 
    1    154     61      -    100      7      0      0      0      0   9501   1905      0      0  22317  22317      0      -      -      0  20155   2436 
    0    175     60      -    100      0      0      0      0      0   9501   1950      0      0  22317      4      0      -      -      0  20537   2314 
    1    154     61      -    100      8      0      0      0      0   9501   1905      0      0  22317  22317      0      -      -      0  21575   2477 
    0    177     61      -    100      0      0      0      0      0   9501   1950      0      0  22317      4      0      -      -      0  18261   2962 
    1    156     61      -    100      0      0      0      0      0   9501   1905      0      0  22317  22317      0      -      -      0  14345   2954 
    0    185     60      -    100      0      0      0      0      0   9501   1950      0      0  22317      4      0      -      -      0  20795   2641 
    1    165     62      -    100      0      0      0      0      0   9501   1905      0      0  22317  22317      0      -      -      0  18062   1765 
    0    180     60      -    100      5      0      0      0      0   9501   1950      0      0  22317      4      0      -      -      0  20079   2367 
    1    154     61      -    100      0      0      0      0      0   9501   1905      0      0  22317  22317      0      -      -      0  22557   1944 
    0    176     60      -    100      0      0      0      0      0   9501   1950      0      0  22317      4      0      -      -      0  28719   2827 
    1    156     61      -    100      5      0      0      0      0   9501   1905      0      0  22317  22317      0      -      -      0  23590   2874 
    0    179     60      -    100      0      0      0      0      0   9501   1950      0      0  22317      4      0      -      -      0  16413   1874 
    1    157     61      -    100      0      0      0      0      0   9501   1905      0      0  22317  22317      0      -      -      0  18311   1733 
    0    176     60      -    100      5      0      0      0      0   9501   1950      0      0  22317      4      0      -      -      0  21718   2567 
    1    158     61      -    100      0      0      0      0      0   9501   1905      0      0  22317  22317      0      -      -      0  16656   2335 
    0    177     60      -    100      0      0      0      0      0   9501   1950      0      0  22317      4      0      -      -      0  21612   2461 
    1    153     61      -    100      0      0      0      0      0   9501   1905      0      0  22317  22317      0      -      -      0  22179   2404 
    0    175     60      -    100      0      0      0      0      0   9501   1950      0      0  22317      4      0      -      -      0  21239   1638 
    1    154     61      -    100      6      0      0      0      0   9501   1905      0      0  22317  22317      0      -      -      0  25408   2354 
    0    178     60      -    100      0      0      0      0      0   9501   1950      0      0  22317      4      0      -      -      0  19300   2723 
    1    156     61      -    100      0      0      0      0      0   9501   1905      0      0  22317  22317      0      -      -      0  22112   2658 
    0    184     61      -    100     14      0      0      0      0   9501   1950      0      0  22317      4      0      -      -      0  13757   2755 
    1    162     61      -    100      0      0      0      0      0   9501   1905      0      0  22317  22317      0      -      -      0  19579   2110 
    0    181     60      -    100      0      0      0      0      0   9501   1950      0      0  22317      4      0      -      -      0  18222   2460 
    1    154     61      -    100      0      0      0      0      0   9501   1905      0      0  22317  22317      0      -      -      0  17244   1822 
    0    176     60      -    100      0      0      0      0      0   9501   1950      0      0  22317      4      0      -      -      0  10080   1776 
    1    154     61      -    100      6      0      0      0      0   9501   1905      0      0  22317  22317      0      -      -      0  21549   2074 
    0    177     60      -    100      0      0      0      0      0   9501   1950      0      0  22317      4      0      -      -      0  19148   2506 
    1    155     61      -    100      0      0      0      0      0   9501   1905      0      0  22317  22317      0      -      -      0  15886   2611 
    0    177     60      -    100      0      0      0      0      0   9501   1950      0      0  22317      4      0      -      -      0  21961   2065 
    1    154     61      -    100      0      0      0      0      0   9501   1905      0      0  22317  22317      0      -      -      0  20017   2424 
    0    176     60      -    100      0      0      0      0      0   9501   1950      0      0  22317      4      0      -      -      0  21050   2682 
    1    154     61      -    100      0      0      0      0      0   9501   1905      0      0  22317  22317      0      -      -      0  23036   2595 
# gpu    pwr  gtemp  mtemp     sm    mem    enc    dec    jpg    ofa   mclk   pclk  pviol  tviol     fb   bar1   ccpm  sbecc  dbecc    pci  rxpci  txpci 
# Idx      W      C      C      %      %      %      %      %      %    MHz    MHz      %   bool     MB     MB     MB   errs   errs   errs   MB/s   MB/s 
    0    176     60      -    100      0      0      0      0      0   9501   1950      0      0  22317      4      0      -      -      0  16731   2879 
    1    155     61      -    100      6      0      0      0      0   9501   1905      0      0  22317  22317      0      -      -      0  17511   2655 
    0    180     60      -    100      0      0      0      0      0   9501   1950      0      0  22317      4      0      -      -      0  21455   2495 
    1    163     62      -    100      0      0      0      0      0   9501   1905      0      0  22317  22317      0      -      -      0  16304   2497 
    0    183     60      -    100      8      0      0      0      0   9501   1950      0      0  22317      4      0      -      -      0  22988   1211 
    1    154     61      -    100      0      0      0      0      0   9501   1905      0      0  22317  22317      0      -      -      0  24488   1622 
    0    176     60      -    100      0      0      0      0      0   9501   1950      0      0  22317      4      0      -      -      0  22255   3027 
    1    155     61      -    100      0      0      0      0      0   9501   1905      0      0  22317  22317      0      -      -      0  26084   3467 
    0    181     60      -    100      0      0      0      0      0   9501   1950      0      0  22317      4      0      -      -      0  26038   2248 
    1    158     61      -    100      0      0      0      0      0   9501   1905      0      0  22317  22317      0      -      -      0  13473   2870 
    0    178     60      -    100      8      0      0      0      0   9501   1950      0      0  22317      4      0      -      -      0  22526   2283 
    1    159     61      -    100      0      0      0      0      0   9501   1905      0      0  22317  22317      0      -      -      0  15891   2278 
    0    175     60      -    100      0      0      0      0      0   9501   1950      0      0  22317      4      0      -      -      0  19982   2370 
    1    154     61      -    100      0      0      0      0      0   9501   1905      0      0  22317  22317      0      -      -      0  18848   2385 
    0    177     60      -    100      0      0      0      0      0   9501   1950      0      0  22317      4      0      -      -      0  17104   2152 
    1    154     61      -    100      0      0      0      0      0   9501   1905      0      0  22317  22317      0      -      -      0  18042   2028 
    0    175     60      -    100      0      0      0      0      0   9501   1950      0      0  22317      4      0      -      -      0  22770   2171 
    1    154     61      -    100      0      0      0      0      0   9501   1905      0      0  22317  22317      0      -      -      0  20980   2566 
    0    177     60      -    100      0      0      0      0      0   9501   1950      0      0  22317      4      0      -      -      0  13565   2369 
    1    153     61      -    100      0      0      0      0      0   9501   1905      0      0  22317  22317      0      -      -      0  15884   2125 
    0    176     60      -    100      0      0      0      0      0   9501   1950      0      0  22317      4      0      -      -      0  19795   2055 
    1    154     61      -    100      7      0      0      0      0   9501   1905      0      0  22317  22317      0      -      -      0  13300   2710 
    0    176     60      -    100      8      0      0      0      0   9501   1950      0      0  22317      4      0      -      -      0  15634   1951 
    1    154     61      -    100      0      0      0      0      0   9501   1905      0      0  22317  22317      0      -      -      0  20093   1918 
    0    175     60      -    100      0      0      0      0      0   9501   1950      0      0  22317      4      0      -      -      0  17604   1825 
    1    154     61      -    100      0      0      0      0      0   9501   1905      0      0  22317  22317      0      -      -      0  16873   1936 
    0    177     60      -    100      7      0      0      0      0   9501   1950      0      0  22317      4      0      -      -      0  18890   2732 
    1    153     61      -    100      0      0      0      0      0   9501   1905      0      0  22317  22317      0      -      -      0  19517   2112 
    0    176     60      -    100      0      0      0      0      0   9501   1950      0      0  22317      4      0      -      -      0  17289   1950 
    1    153     61      -    100      0      0      0      0      0   9501   1905      0      0  22317  22317      0      -      -      0  19526   2140 
    0    176     60      -    100      0      0      0      0      0   9501   1950      0      0  22317      4      0      -      -      0  20286   1932 
    1    154     61      -    100      0      0      0      0      0   9501   1905      0      0  22317  22317      0      -      -      0  19738   2408 
    0    175     60      -    100      0      0      0      0      0   9501   1950      0      0  22317      4      0      -      -      0  20307   2134 
    1    154     61      -    100      0      0      0      0      0   9501   1905      0      0  22317  22317      0      -      -      0  19982   2399 
    0    176     60      -    100      0      0      0      0      0   9501   1950      0      0  22317      4      0      -      -      0  13336   2725 
    1    153     61      -    100      0      0      0      0      0   9501   1905      0      0  22317  22317      0      -      -      0  18312   1990 
    0    177     60      -    100      0      0      0      0      0   9501   1950      0      0  22317      4      0      -      -      0  20077   2289 
    1    153     61      -    100      0      0      0      0      0   9501   1905      0      0  22317  22317      0      -      -      0  12560   2639 
    0    176     60      -    100      0      0      0      0      0   9501   1950      0      0  22317      4      0      -      -      0  20036   2115 
    1    155     61      -    100      0      0      0      0      0   9501   1905      0      0  22317  22317      0      -      -      0  20037   2225 
    0    176     60      -    100      0      0      0      0      0   9501   1950      0      0  22317      4      0      -      -      0  20191   2404 
    1    154     61      -    100      7      0      0      0      0   9501   1905      0      0  22317  22317      0      -      -      0  19834   2160 
    0    177     60      -    100      0      0      0      0      0   9501   1950      0      0  22317      4      0      -      -      0  20040   2400 
    1    153     61      -    100      0      0      0      0      0   9501   1905      0      0  22317  22317      0      -      -      0  18139   2484 
# gpu    pwr  gtemp  mtemp     sm    mem    enc    dec    jpg    ofa   mclk   pclk  pviol  tviol     fb   bar1   ccpm  sbecc  dbecc    pci  rxpci  txpci 
# Idx      W      C      C      %      %      %      %      %      %    MHz    MHz      %   bool     MB     MB     MB   errs   errs   errs   MB/s   MB/s 
    0    176     60      -    100      6      0      0      0      0   9501   1950      0      0  22317      4      0      -      -      0  21068   2338 
    1    154     61      -    100      0      0      0      0      0   9501   1905      0      0  22317  22317      0      -      -      0  21424   2170 
    0    177     60      -    100      8      0      0      0      0   9501   1950      0      0  22317      4      0      -      -      0  14297   1622 
    1    153     61      -    100      0      0      0      0      0   9501   1905      0      0  22317  22317      0      -      -      0  22772   2145 
    0    176     60      -    100      0      0      0      0      0   9501   1950      0      0  22317      4      0      -      -      0  23017   2265 
    1    153     61      -    100      0      0      0      0      0   9501   1905      0      0  22317  22317      0      -      -      0  23176   2767 
    0    180     61      -    100      0      0      0      0      0   9501   1950      0      0  22317      4      0      -      -      0  20822   3461 
    1    159     61      -    100      2      0      0      0      0   9501   1905      0      0  22317  22317      0      -      -      0  25116   3237 
    0    192     61      -    100      8      0      0      0      0   9501   1950      0      0  22317      4      0      -      -      0  14361   2479 
    1    167     61      -    100      0      0      0      0      0   9501   1905      0      0  22317  22317      0      -      -      0  14544   2782 
    0    180     60      -    100      0      0      0      0      0   9501   1950      0      0  22317      4      0      -      -      0  23189   2739 
    1    154     61      -    100      0      0      0      0      0   9501   1905      0      0  22317  22317      0      -      -      0  21275   2146 
    0    178     60      -    100      0      0      0      0      0   9501   1950      0      0  22317      4      0      -      -      0  12904   2358 
    1    156     61      -    100      0      0      0      0      0   9501   1905      0      0  22317  22317      0      -      -      0  20171   3000 
    0    179     60      -    100      0      0      0      0      0   9501   1950      0      0  22317      4      0      -      -      0  18283   2208 
    1    157     61      -    100      0      0      0      0      0   9501   1905      0      0  22317  22317      0      -      -      0  21580   2366 
    0    176     60      -    100      0      0      0      0      0   9501   1950      0      0  22317      4      0      -      -      0   9764   1668 
    1    158     61      -    100      0      0      0      0      0   9501   1905      0      0  22317  22317      0      -      -      0  21933   2291 
    0    180     61      -    100      0      0      0      0      0   9501   1950      0      0  22317      4      0      -      -      0  20061   2400 
    1    160     61      -    100      0      0      0      0      0   9501   1905      0      0  22317  22317      0      -      -      0  22191   2224 
    0    187     61      -    100      0      0      0      0      0   9501   1950      0      0  22317      4      0      -      -      0  22223   2858 
    1    164     61      -    100      0      0      0      0      0   9501   1905      0      0  22317  22317      0      -      -      0  19196   2034 
    0    176     60      -    100      0      0      0      0      0   9501   1950      0      0  22317      4      0      -      -      0  23257   2510 
    1    153     61      -    100      0      0      0      0      0   9501   1905      0      0  22317  22317      0      -      -      0  20836   2648 
    0    176     60      -    100      0      0      0      0      0   9501   1950      0      0  22317      4      0      -      -      0  22027   2918 
    1    155     61      -    100      6      0      0      0      0   9501   1905      0      0  22317  22317      0      -      -      0  13280   2321 
    0    180     60      -    100      0      0      0      0      0   9501   1950      0      0  22317      4      0      -      -      0   1997   2489 
    1    157     61      -    100      0      0      0      0      0   9501   1905      0      0  22317  22317      0      -      -      0  16056   2336 
    0    181     60      -    100      0      0      0      0      0   9501   1950      0      0  22317      4      0      -      -      0  14664   1870 
    1    159     61      -    100      5      0      0      0      0   9501   1905      0      0  22317  22317      0      -      -      0  19824   1710 
    0    177     60      -    100      6      0      0      0      0   9501   1950      0      0  22317      4      0      -      -      0  20045   2560 
    1    155     61      -    100      0      0      0      0      0   9501   1905      0      0  22317  22317      0      -      -      0  20543   2157 
    0    176     60      -    100      0      0      0      0      0   9501   1950      0      0  22317      4      0      -      -      0  14495   3010 
    1    154     61      -    100      0      0      0      0      0   9501   1905      0      0  22317  22317      0      -      -      0  20484   2419 
    0    177     60      -    100      0      0      0      0      0   9501   1950      0      0  22317      4      0      -      -      0  21330   2369 
    1    155     61      -    100      6      0      0      0      0   9501   1905      0      0  22317  22317      0      -      -      0  23279   2513 
    0    177     61      -    100      8      0      0      0      0   9501   1950      0      0  22317      4      0      -      -      0  23378   2539 
    1    153     61      -    100      0      0      0      0      0   9501   1905      0      0  22317  22317      0      -      -      0  19256   2275 
    0    176     60      -    100      0      0      0      0      0   9501   1950      0      0  22317      4      0      -      -      0  15679   2325 
    1    155     61      -    100      7      0      0      0      0   9501   1905      0      0  22317  22317      0      -      -      0  21075   2361 
    0    177     60      -    100      7      0      0      0      0   9501   1950      0      0  22317      4      0      -      -      0  15495   2219 
    1    153     61      -    100      0      0      0      0      0   9501   1905      0      0  22317  22317      0      -      -      0  21679   2566 
    0    176     60      -    100      0      0      0      0      0   9501   1950      0      0  22317      4      0      -      -      0  17123   1704 
    1    153     61      -    100      0      0      0      0      0   9501   1905      0      0  22317  22317      0      -      -      0  21908   2193 
# gpu    pwr  gtemp  mtemp     sm    mem    enc    dec    jpg    ofa   mclk   pclk  pviol  tviol     fb   bar1   ccpm  sbecc  dbecc    pci  rxpci  txpci 
# Idx      W      C      C      %      %      %      %      %      %    MHz    MHz      %   bool     MB     MB     MB   errs   errs   errs   MB/s   MB/s 
    0    177     61      -    100      0      0      0      0      0   9501   1950      0      0  22317      4      0      -      -      0  19002   2489 
    1    154     61      -    100      0      0      0      0      0   9501   1905      0      0  22317  22317      0      -      -      0  22203   2395 
    0    178     60      -    100      1      0      0      0      0   9501   1950      0      0  22317      4      0      -      -      0  21479   2048 
    1    153     61      -    100      0      0      0      0      0   9501   1905      0      0  22317  22317      0      -      -      0  15922   2068 
    0    176     61      -    100      7      0      0      0      0   9501   1950      0      0  22317      4      0      -      -      0  14740   2422 
    1    154     61      -    100      0      0      0      0      0   9501   1905      0      0  22317  22317      0      -      -      0  14980   2297 
    0    177     60      -    100      0      0      0      0      0   9501   1950      0      0  22317      4      0      -      -      0  20341   2360 
    1    153     61      -    100      0      0      0      0      0   9501   1905      0      0  22317  22317      0      -      -      0  19348   2287 
    0    176     60      -    100      0      0      0      0      0   9501   1950      0      0  22317      4      0      -      -      0  13550   2696 
    1    154     61      -    100      1      0      0      0      0   9501   1905      0      0  22317  22317      0      -      -      0  19318   2111 
    0    177     60      -    100      1      0      0      0      0   9501   1950      0      0  22317      4      0      -      -      0  22676   2598 
    1    153     61      -    100      0      0      0      0      0   9501   1905      0      0  22317  22317      0      -      -      0  12810   2525 
    0    176     60      -    100      0      0      0      0      0   9501   1950      0      0  22317      4      0      -      -      0  20586   1973 
    1    154     61      -    100      0      0      0      0      0   9501   1905      0      0  22317  22317      0      -      -      0  23168   2625 
    0    177     61      -    100      0      0      0      0      0   9501   1950      0      0  22317      4      0      -      -      0  21567   2591 
    1    154     61      -    100      0      0      0      0      0   9501   1905      0      0  22317  22317      0      -      -      0  21103   2446 
    0    177     60      -    100      0      0      0      0      0   9501   1950      0      0  22317      4      0      -      -      0  20385   2034 
    1    153     61      -    100      0      0      0      0      0   9501   1905      0      0  22317  22317      0      -      -      0  19609   2173 
    0    177     60      -    100      8      0      0      0      0   9501   1950      0      0  22317      4      0      -      -      0  14237   2925 
    1    154     61      -    100      0      0      0      0      0   9501   1905      0      0  22317  22317      0      -      -      0  18847   1972 
    0    177     60      -    100      0      0      0      0      0   9501   1950      0      0  22317      4      0      -      -      0  19088   2433 
    1    153     61      -    100      0      0      0      0      0   9501   1905      0      0  22317  22317      0      -      -      0  13338   2762 
    0    176     60      -    100      0      0      0      0      0   9501   1950      0      0  22317      4      0      -      -      0  21054   2375 
    1    153     61      -    100      8      0      0      0      0   9501   1905      0      0  22317  22317      0      -      -      0  18576   2369 
    0    177     60      -    100      8      0      0      0      0   9501   1950      0      0  22317      4      0      -      -      0  18872   2343 
    1    153     61      -    100      0      0      0      0      0   9501   1905      0      0  22317  22317      0      -      -      0  19287   2332 
    0    176     60      -    100      0      0      0      0      0   9501   1950      0      0  22317      4      0      -      -      0  20187   1593 
    1    153     61      -    100      0      0      0      0      0   9501   1905      0      0  22317  22317      0      -      -      0  26375   2707 
    0    177     60      -    100      0      0      0      0      0   9501   1950      0      0  22317      4      0      -      -      0  12051   2662 
    1    154     61      -    100      0      0      0      0      0   9501   1905      0      0  22317  22317      0      -      -      0  18913   2301 
    0    177     60      -    100      0      0      0      0      0   9501   1950      0      0  22317      4      0      -      -      0  16410   2221 
    1    154     61      -    100      0      0      0      0      0   9501   1905      0      0  22317  22317      0      -      -      0  20829   2563 
    0    177     60      -    100      0      0      0      0      0   9501   1950      0      0  22317      4      0      -      -      0  23187   2796 
    1    154     61      -    100      8      0      0      0      0   9501   1905      0      0  22317  22317      0      -      -      0  21236   2031 
    0    177     61      -    100      7      0      0      0      0   9501   1950      0      0  22317      4      0      -      -      0  12113   2668 
    1    153     61      -    100      0      0      0      0      0   9501   1905      0      0  22317  22317      0      -      -      0  19499   2256 
    0    176     60      -    100      0      0      0      0      0   9501   1950      0      0  22317      4      0      -      -      0  18971   2453 
    1    153     61      -    100      0      0      0      0      0   9501   1905      0      0  22317  22317      0      -      -      0  11901   2525 
    0    177     61      -    100      0      0      0      0      0   9501   1950      0      0  22317      4      0      -      -      0  22456   2568 
    1    153     61      -    100      0      0      0      0      0   9501   1905      0      0  22317  22317      0      -      -      0  19268   2341 
    0    176     60      -    100      0      0      0      0      0   9501   1950      0      0  22317      4      0      -      -      0  17775   2152 
    1    153     61      -    100      0      0      0      0      0   9501   1905      0      0  22317  22317      0      -      -      0  16630   1874 
    0    177     60      -    100      5      0      0      0      0   9501   1950      0      0  22317      4      0      -      -      0  19343   2349 
    1    154     61      -    100      1      0      0      0      0   9501   1905      0      0  22317  22317      0      -      -      0  20308   2477 
# gpu    pwr  gtemp  mtemp     sm    mem    enc    dec    jpg    ofa   mclk   pclk  pviol  tviol     fb   bar1   ccpm  sbecc  dbecc    pci  rxpci  txpci 
# Idx      W      C      C      %      %      %      %      %      %    MHz    MHz      %   bool     MB     MB     MB   errs   errs   errs   MB/s   MB/s 
    0    176     60      -    100      0      0      0      0      0   9501   1950      0      0  22317      4      0      -      -      0  18600   2625 
    1    153     61      -    100      0      0      0      0      0   9501   1905      0      0  22317  22317      0      -      -      0  18840   2115 
    0    176     60      -    100      0      0      0      0      0   9501   1950      0      0  22317      4      0      -      -      0  19791   2334 
    1    154     61      -    100      0      0      0      0      0   9501   1905      0      0  22317  22317      0      -      -      0  22078   2677 
    0    178     61      -    100      6      0      0      0      0   9501   1950      0      0  22317      4      0      -      -      0  20689   2430 
    1    153     61      -    100      0      0      0      0      0   9501   1905      0      0  22317  22317      0      -      -      0  18409   1773 
    0    177     60      -    100      0      0      0      0      0   9501   1950      0      0  22317      4      0      -      -      0  21004   2314 
    1    154     61      -    100      5      0      0      0      0   9501   1905      0      0  22317  22317      0      -      -      0  18828   2005 
    0    177     61      -    100      5      0      0      0      0   9501   1950      0      0  22317      4      0      -      -      0  21992   2195 
    1    154     61      -    100      0      0      0      0      0   9501   1905      0      0  22317  22317      0      -      -      0  21768   2491 
    0    177     60      -    100      0      0      0      0      0   9501   1950      0      0  22317      4      0      -      -      0  19129   2303 
    1    153     61      -    100      0      0      0      0      0   9501   1905      0      0  22317  22317      0      -      -      0  20905   2338 
    0    177     61      -    100      0      0      0      0      0   9501   1950      0      0  22317      4      0      -      -      0  16113   2021 
    1    154     61      -    100      0      0      0      0      0   9501   1905      0      0  22317  22317      0      -      -      0  19556   1702 
    0    176     61      -    100      5      0      0      0      0   9501   1950      0      0  22317      4      0      -      -      0  21310   2369 
    1    153     61      -    100      0      0      0      0      0   9501   1905      0      0  22317  22317      0      -      -      0  19307   2055 
    0    176     60      -    100      0      0      0      0      0   9501   1950      0      0  22317      4      0      -      -      0  23522   2682 
    1    154     61      -    100      0      0      0      0      0   9501   1905      0      0  22317  22317      0      -      -      0  18782   2515 
    0    177     61      -    100      0      0      0      0      0   9501   1950      0      0  22317      4      0      -      -      0  13195   2589 
    1    153     61      -    100      0      0      0      0      0   9501   1905      0      0  22317  22317      0      -      -      0  19460   2122 
    0    176     60      -    100      0      0      0      0      0   9501   1950      0      0  22317      4      0      -      -      0  22591   2434 
    1    153     61      -    100      4      0      0      0      0   9501   1905      0      0  22317  22317      0      -      -      0  20126   2916 
    0    178     61      -    100      0      0      0      0      0   9501   1950      0      0  22317      4      0      -      -      0  21230   2091 
    1    154     61      -    100      0      0      0      0      0   9501   1905      0      0  22317  22317      0      -      -      0  16161   2130 
    0    177     60      -    100      0      0      0      0      0   9501   1950      0      0  22317      4      0      -      -      0  19381   2513 
    1    153     61      -    100      0      0      0      0      0   9501   1905      0      0  22317  22317      0      -      -      0  17574   1745 
    0    177     61      -    100      0      0      0      0      0   9501   1950      0      0  22317      4      0      -      -      0  21537   2483 
    1    154     61      -    100      5      0      0      0      0   9501   1905      0      0  22317  22317      0      -      -      0  21026   2149 
    0    176     61      -    100      0      0      0      0      0   9501   1950      0      0  22317      4      0      -      -      0  22031   2123 
    1    153     61      -    100      0      0      0      0      0   9501   1905      0      0  22317  22317      0      -      -      0  20996   2396 
    0    177     60      -    100      8      0      0      0      0   9501   1950      0      0  22317      4      0      -      -      0  19549   2380 
    1    154     61      -    100      0      0      0      0      0   9501   1905      0      0  22317  22317      0      -      -      0  23940   2161 
    0    177     61      -    100      0      0      0      0      0   9501   1950      0      0  22317      4      0      -      -      0  14356   1678 
    1    153     61      -    100      0      0      0      0      0   9501   1905      0      0  22317  22317      0      -      -      0  15218   2896 
    0    177     60      -    100      1      0      0      0      0   9501   1950      0      0  22317      4      0      -      -      0  19379   2191 
    1    154     61      -    100      5      0      0      0      0   9501   1905      0      0  22317  22317      0      -      -      0  17398   2168 
    0    177     61      -    100      0      0      0      0      0   9501   1950      0      0  22317      4      0      -      -      0  18859   2428 
    1    153     61      -    100      0      0      0      0      0   9501   1905      0      0  22317  22317      0      -      -      0  17642   1871 
    0    177     61      -    100      0      0      0      0      0   9501   1950      0      0  22317      4      0      -      -      0  21609   2373 
    1    154     61      -    100      4      0      0      0      0   9501   1905      0      0  22317  22317      0      -      -      0  19344   2116 
    0    176     60      -    100      0      0      0      0      0   9501   1950      0      0  22317      4      0      -      -      0  14317   2462 
    1    154     61      -    100      7      0      0      0      0   9501   1905      0      0  22317  22317      0      -      -      0  18892   2000 
    0    177     61      -    100      0      0      0      0      0   9501   1950      0      0  22317      4      0      -      -      0  18532   2086 
    1    153     61      -    100      0      0      0      0      0   9501   1905      0      0  22317  22317      0      -      -      0  16884   1992 
# gpu    pwr  gtemp  mtemp     sm    mem    enc    dec    jpg    ofa   mclk   pclk  pviol  tviol     fb   bar1   ccpm  sbecc  dbecc    pci  rxpci  txpci 
# Idx      W      C      C      %      %      %      %      %      %    MHz    MHz      %   bool     MB     MB     MB   errs   errs   errs   MB/s   MB/s 
    0    177     61      -    100      7      0      0      0      0   9501   1950      0      0  22317      4      0      -      -      0  19827   1920 
    1    154     61      -    100      0      0      0      0      0   9501   1905      0      0  22317  22317      0      -      -      0  14430   1949 
    0    176     60      -    100      0      0      0      0      0   9501   1950      0      0  22317      4      0      -      -      0  19796   2575 
    1    154     61      -    100      7      0      0      0      0   9501   1905      0      0  22317  22317      0      -      -      0  20329   1906 
    0    177     60      -    100      8      0      0      0      0   9501   1950      0      0  22317      4      0      -      -      0  20310   2371 
    1    153     61      -    100      0      0      0      0      0   9501   1905      0      0  22317  22317      0      -      -      0  17496   1873 
    0    177     60      -    100      0      0      0      0      0   9501   1950      0      0  22317      4      0      -      -      0  21113   2104 
    1    154     61      -    100      7      0      0      0      0   9501   1905      0      0  22317  22317      0      -      -      0  21323   2586 
    0    177     60      -    100      0      0      0      0      0   9501   1950      0      0  22317      4      0      -      -      0  14361   2931 
    1    153     61      -    100      0      0      0      0      0   9501   1905      0      0  22317  22317      0      -      -      0  21263   2058 
    0    176     61      -    100      0      0      0      0      0   9501   1950      0      0  22317      4      0      -      -      0  18901   2638 
    1    154     61      -    100      0      0      0      0      0   9501   1905      0      0  22317  22317      0      -      -      0  26128   2240 
    0    177     61      -    100      0      0      0      0      0   9501   1950      0      0  22317      4      0      -      -      0  19837   2030 
    1    153     61      -    100      0      0      0      0      0   9501   1905      0      0  22317  22317      0      -      -      0  24735   2686 
    0    176     60      -    100      0      0      0      0      0   9501   1950      0      0  22317      4      0      -      -      0  21099   2820 
    1    153     61      -    100      0      0      0      0      0   9501   1905      0      0  22317  22317      0      -      -      0  20351   2135 
    0    176     61      -    100      0      0      0      0      0   9501   1950      0      0  22317      4      0      -      -      0  22418   2291 
    1    154     61      -    100      7      0      0      0      0   9501   1905      0      0  22317  22317      0      -      -      0  17664   1774 
    0    176     60      -    100      0      0      0      0      0   9501   1950      0      0  22317      4      0      -      -      0  24483   1840 
    1    154     61      -    100      8      0      0      0      0   9501   1905      0      0  22317  22317      0      -      -      0  20577   2535 
    0    177     61      -    100      7      0      0      0      0   9501   1950      0      0  22317      4      0      -      -      0  14965   2924 
    1    154     61      -    100      0      0      0      0      0   9501   1905      0      0  22317  22317      0      -      -      0  20021   1902 
    0    177     61      -    100      0      0      0      0      0   9501   1950      0      0  22317      4      0      -      -      0  15904   1704 
    1    153     61      -    100      6      0      0      0      0   9501   1905      0      0  22317  22317      0      -      -      0  22039   2096 
    0    177     61      -    100      7      0      0      0      0   9501   1950      0      0  22317      4      0      -      -      0  14410   2412 
    1    154     61      -    100      0      0      0      0      0   9501   1905      0      0  22317  22317      0      -      -      0  13244   2669 
    0    177     60      -    100      0      0      0      0      0   9501   1950      0      0  22317      4      0      -      -      0  20950   2035 
    1    154     61      -    100      0      0      0      0      0   9501   1905      0      0  22317  22317      0      -      -      0  20090   2114 
    0    177     60      -    100      0      0      0      0      0   9501   1950      0      0  22317      4      0      -      -      0  19059   2453 
    1    154     61      -    100      0      0      0      0      0   9501   1905      0      0  22317  22317      0      -      -      0  18572   1800 
    0    176     60      -    100      5      0      0      0      0   9501   1950      0      0  22317      4      0      -      -      0  18314   1945 
    1    154     61      -    100      0      0      0      0      0   9501   1905      0      0  22317  22317      0      -      -      0  22649   2597 
    0    177     60      -    100      0      0      0      0      0   9501   1950      0      0  22317      4      0      -      -      0  21066   1944 
    1    154     61      -    100      0      0      0      0      0   9501   1905      0      0  22317  22317      0      -      -      0  19753   2387 
    0    177     60      -    100      0      0      0      0      0   9501   1950      0      0  22317      4      0      -      -      0  20488   2483 
    1    154     61      -    100      7      0      0      0      0   9501   1905      0      0  22317  22317      0      -      -      0  18133   2086 
    0    177     60      -    100      0      0      0      0      0   9501   1950      0      0  22317      4      0      -      -      0  18738   1637 
    1    154     61      -    100      0      0      0      0      0   9501   1905      0      0  22317  22317      0      -      -      0  18783   1952 
    0    177     61      -    100      0      0      0      0      0   9501   1950      0      0  22317      4      0      -      -      0  19243   2276 
    1    154     61      -    100      7      0      0      0      0   9501   1905      0      0  22317  22317      0      -      -      0  20049   2045 
    0    177     60      -    100      0      0      0      0      0   9501   1950      0      0  22317      4      0      -      -      0  17196   2377 
    1    154     61      -    100      0      0      0      0      0   9501   1905      0      0  22317  22317      0      -      -      0  17578   1911 
    0    177     60      -    100      0      0      0      0      0   9501   1950      0      0  22317      4      0      -      -      0  20132   2424 
    1    153     61      -    100      0      0      0      0      0   9501   1905      0      0  22317  22317      0      -      -      0  12595   2554 
# gpu    pwr  gtemp  mtemp     sm    mem    enc    dec    jpg    ofa   mclk   pclk  pviol  tviol     fb   bar1   ccpm  sbecc  dbecc    pci  rxpci  txpci 
# Idx      W      C      C      %      %      %      %      %      %    MHz    MHz      %   bool     MB     MB     MB   errs   errs   errs   MB/s   MB/s 
    0    176     61      -    100      5      0      0      0      0   9501   1950      0      0  22317      4      0      -      -      0  18327   2136 
    1    154     61      -    100      6      0      0      0      0   9501   1905      0      0  22317  22317      0      -      -      0  11367   2305 
    0    176     60      -    100      0      0      0      0      0   9501   1950      0      0  22317      4      0      -      -      0  12358   2611 
    1    154     61      -    100      4      0      0      0      0   9501   1905      0      0  22317  22317      0      -      -      0  18820   2082 
    0    177     60      -    100      0      0      0      0      0   9501   1950      0      0  22317      4      0      -      -      0  15564   1512 
    1    154     61      -    100      0      0      0      0      0   9501   1905      0      0  22317  22317      0      -      -      0  18853   2114 
    0    177     61      -    100      0      0      0      0      0   9501   1950      0      0  22317      4      0      -      -      0  22842   1663 
    1    154     61      -    100      0      0      0      0      0   9501   1905      0      0  22317  22317      0      -      -      0  12064   2496 
    0    177     60      -    100      0      0      0      0      0   9501   1950      0      0  22317      4      0      -      -      0  16918   1877 
    1    153     61      -    100      0      0      0      0      0   9501   1905      0      0  22317  22317      0      -      -      0  17799   2148 
    0    176     60      -    100      0      0      0      0      0   9501   1950      0      0  22317      4      0      -      -      0  19033   2331 
    1    154     61      -    100      5      0      0      0      0   9501   1905      0      0  22317  22317      0      -      -      0  17748   2335 
    0    177     60      -    100      0      0      0      0      0   9501   1950      0      0  22317      4      0      -      -      0  18782   2398 
    1    154     61      -    100      5      0      0      0      0   9501   1905      0      0  22317  22317      0      -      -      0  20509   2020 
    0    177     60      -    100      0      0      0      0      0   9501   1950      0      0  22317      4      0      -      -      0  14675   1747 
    1    154     61      -    100      0      0      0      0      0   9501   1905      0      0  22317  22317      0      -      -      0  15085   1938 
    0    177     60      -    100      5      0      0      0      0   9501   1950      0      0  22317      4      0      -      -      0  14268   2524 
    1    154     61      -    100      0      0      0      0      0   9501   1905      0      0  22317  22317      0      -      -      0  13740   1766 
    0    177     60      -    100      0      0      0      0      0   9501   1950      0      0  22317      4      0      -      -      0  17711   2524 
    1    154     61      -    100      0      0      0      0      0   9501   1905      0      0  22317  22317      0      -      -      0  15453   1765 
    0    176     60      -    100      0      0      0      0      0   9501   1950      0      0  22317      4      0      -      -      0  19135   2170 
    1    154     61      -    100      4      0      0      0      0   9501   1905      0      0  22317  22317      0      -      -      0  14382   1709 
    0    177     60      -    100      0      0      0      0      0   9501   1950      0      0  22317      4      0      -      -      0  19512   2317 
    1    154     61      -    100      0      0      0      0      0   9501   1905      0      0  22317  22317      0      -      -      0  16899   1715 
    0    176     60      -    100      0      0      0      0      0   9501   1950      0      0  22317      4      0      -      -      0  19591   2102 
    1    154     61      -    100      5      0      0      0      0   9501   1905      0      0  22317  22317      0      -      -      0  21090   2162 
    0    176     60      -    100      0      0      0      0      0   9501   1950      0      0  22317      4      0      -      -      0  23433   2124 
    1    154     61      -    100      0      0      0      0      0   9501   1905      0      0  22317  22317      0      -      -      0  21265   2515 
    0    176     60      -    100      0      0      0      0      0   9501   1950      0      0  22317      4      0      -      -      0  22878   2028 
    1    154     61      -    100      4      0      0      0      0   9501   1905      0      0  22317  22317      0      -      -      0  17670   2349 
    0    177     60      -    100      0      0      0      0      0   9501   1950      0      0  22317      4      0      -      -      0  16597   1845 
    1    153     61      -    100      0      0      0      0      0   9501   1905      0      0  22317  22317      0      -      -      0  14347   1789 
    0    177     60      -    100      0      0      0      0      0   9501   1950      0      0  22317      4      0      -      -      0  19785   2430 
    1    154     61      -    100      0      0      0      0      0   9501   1905      0      0  22317  22317      0      -      -      0  19752   2389 
    0    176     60      -    100      0      0      0      0      0   9501   1950      0      0  22317      4      0      -      -      0  12868   2748 
    1    154     61      -    100      0      0      0      0      0   9501   1905      0      0  22317  22317      0      -      -      0  18882   2029 
    0    177     60      -    100      0      0      0      0      0   9501   1950      0      0  22317      4      0      -      -      0  14429   2361 
    1    154     61      -    100      0      0      0      0      0   9501   1905      0      0  22317  22317      0      -      -      0  14351   2704 
    0    176     60      -    100      0      0      0      0      0   9501   1950      0      0  22317      4      0      -      -      0  22697   2351 
    1    154     61      -    100      8      0      0      0      0   9501   1905      0      0  22317  22317      0      -      -      0  21085   2419 
    0    176     61      -    100      4      0      0      0      0   9501   1950      0      0  22317      4      0      -      -      0  20482   2343 
    1    154     61      -    100      5      0      0      0      0   9501   1905      0      0  22317  22317      0      -      -      0  16670   1637 
    0    176     60      -    100      0      0      0      0      0   9501   1950      0      0  22317      4      0      -      -      0  16427   1712 
    1    154     61      -    100      0      0      0      0      0   9501   1905      0      0  22317  22317      0      -      -      0  18385   2131 
# gpu    pwr  gtemp  mtemp     sm    mem    enc    dec    jpg    ofa   mclk   pclk  pviol  tviol     fb   bar1   ccpm  sbecc  dbecc    pci  rxpci  txpci 
# Idx      W      C      C      %      %      %      %      %      %    MHz    MHz      %   bool     MB     MB     MB   errs   errs   errs   MB/s   MB/s 
    0    177     60      -    100      0      0      0      0      0   9501   1950      0      0  22317      4      0      -      -      0  21518   1647 
    1    154     61      -    100      0      0      0      0      0   9501   1905      0      0  22317  22317      0      -      -      0  17578   2228 
    0    177     60      -    100      0      0      0      0      0   9501   1950      0      0  22317      4      0      -      -      0  20067   1661 
    1    154     61      -    100      0      0      0      0      0   9501   1905      0      0  22317  22317      0      -      -      0  18140   1935 
    0    176     60      -    100      8      0      0      0      0   9501   1950      0      0  22317      4      0      -      -      0  22002   2198 
    1    154     61      -    100      0      0      0      0      0   9501   1905      0      0  22317  22317      0      -      -      0  18385   2390 
    0    178     61      -    100      0      0      0      0      0   9501   1950      0      0  22317      4      0      -      -      0  14038   2394 
    1    155     61      -    100      0      0      0      0      0   9501   1905      0      0  22317  22317      0      -      -      0  22661   2938 
    0    185     61      -    100      0      0      0      0      0   9501   1950      0      0  22317      4      0      -      -      0  19057   1944 
    1    161     61      -    100      0      0      0      0      0   9501   1905      0      0  22317  22317      0      -      -      0  19473   2261 
    0    180     60      -    100      0      0      0      0      0   9501   1950      0      0  22317      4      0      -      -      0  22434   2481 
    1    153     61      -    100      0      0      0      0      0   9501   1905      0      0  22317  22317      0      -      -      0  20034   2058 
    0    178     60      -    100      0      0      0      0      0   9501   1950      0      0  22317      4      0      -      -      0  19794   2832 
    1    157     61      -    100      8      0      0      0      0   9501   1905      0      0  22317  22317      0      -      -      0  22756   2797 
    0    181     60      -    100      0      0      0      0      0   9501   1950      0      0  22317      4      0      -      -      0  16358   2078 
    1    159     61      -    100      7      0      0      0      0   9501   1905      0      0  22317  22317      0      -      -      0  20123   2409 
    0    177     60      -    100      5      0      0      0      0   9501   1950      0      0  22317      4      0      -      -      0  19533   1775 
    1    154     61      -    100      0      0      0      0      0   9501   1905      0      0  22317  22317      0      -      -      0  21069   2374 
    0    177     60      -    100      0      0      0      0      0   9501   1950      0      0  22317      4      0      -      -      0  17896   2447 
    1    154     61      -    100      0      0      0      0      0   9501   1905      0      0  22317  22317      0      -      -      0  15667   1710 
    0    177     60      -    100      7      0      0      0      0   9501   1950      0      0  22317      4      0      -      -      0  17834   2340 
    1    154     61      -    100      0      0      0      0      0   9501   1905      0      0  22317  22317      0      -      -      0  18155   1914 
    0    177     61      -    100      0      0      0      0      0   9501   1950      0      0  22317      4      0      -      -      0  18325   1933 
    1    154     61      -    100      0      0      0      0      0   9501   1905      0      0  22317  22317      0      -      -      0  19860   2256 
    0    176     61      -    100      4      0      0      0      0   9501   1950      0      0  22317      4      0      -      -      0  18145   2459 
    1    154     61      -    100      7      0      0      0      0   9501   1905      0      0  22317  22317      0      -      -      0  19853   2168 
    0    177     60      -    100      0      0      0      0      0   9501   1950      0      0  22317      4      0      -      -      0  24276   2255 
    1    154     61      -    100      0      0      0      0      0   9501   1905      0      0  22317  22317      0      -      -      0  21106   2389 
    0    176     60      -    100      0      0      0      0      0   9501   1950      0      0  22317      4      0      -      -      0  22283   2345 
    1    154     61      -    100      0      0      0      0      0   9501   1905      0      0  22317  22317      0      -      -      0  17051   2245 
    0    177     60      -    100      0      0      0      0      0   9501   1950      0      0  22317      4      0      -      -      0  21492   2401 
    1    154     61      -    100      0      0      0      0      0   9501   1905      0      0  22317  22317      0      -      -      0  18126   2253 
    0    177     60      -    100      0      0      0      0      0   9501   1950      0      0  22317      4      0      -      -      0  22708   2346 
    1    155     61      -    100      7      0      0      0      0   9501   1905      0      0  22317  22317      0      -      -      0  21071   2477 
    0    177     60      -    100      0      0      0      0      0   9501   1950      0      0  22317      4      0      -      -      0  20459   2824 
    1    155     61      -    100      0      0      0      0      0   9501   1905      0      0  22317  22317      0      -      -      0  20521   2280 
    0    177     60      -    100      5      0      0      0      0   9501   1950      0      0  22317      4      0      -      -      0  20100   2174 
    1    154     61      -    100      0      0      0      0      0   9501   1905      0      0  22317  22317      0      -      -      0  18537   2510 
    0    176     60      -    100      0      0      0      0      0   9501   1950      0      0  22317      4      0      -      -      0  15955   1654 
    1    153     61      -    100      0      0      0      0      0   9501   1905      0      0  22317  22317      0      -      -      0  18382   1655 
    0    177     61      -    100      0      0      0      0      0   9501   1950      0      0  22317      4      0      -      -      0  21532   2622 
    1    154     61      -    100      0      0      0      0      0   9501   1905      0      0  22317  22317      0      -      -      0  20595   1869 
    0    177     60      -    100      1      0      0      0      0   9501   1950      0      0  22317      4      0      -      -      0  22546   2426 
    1    153     61      -    100      0      0      0      0      0   9501   1905      0      0  22317  22317      0      -      -      0  22213   2481 
# gpu    pwr  gtemp  mtemp     sm    mem    enc    dec    jpg    ofa   mclk   pclk  pviol  tviol     fb   bar1   ccpm  sbecc  dbecc    pci  rxpci  txpci 
# Idx      W      C      C      %      %      %      %      %      %    MHz    MHz      %   bool     MB     MB     MB   errs   errs   errs   MB/s   MB/s 
    0    176     60      -    100      0      0      0      0      0   9501   1950      0      0  22317      4      0      -      -      0  22494   2349 
    1    154     61      -    100      2      0      0      0      0   9501   1905      0      0  22317  22317      0      -      -      0  24246   2348 
    0    177     60      -    100      5      0      0      0      0   9501   1950      0      0  22317      4      0      -      -      0  15143   1925 
    1    154     61      -    100      0      0      0      0      0   9501   1905      0      0  22317  22317      0      -      -      0  20838   1832 
    0    177     60      -    100      0      0      0      0      0   9501   1950      0      0  22317      4      0      -      -      0  16445   1766 
    1    154     61      -    100      5      0      0      0      0   9501   1905      0      0  22317  22317      0      -      -      0  17527   2219 
    0    177     60      -    100      0      0      0      0      0   9501   1950      0      0  22317      4      0      -      -      0  18370   1904 
    1    154     61      -    100      0      0      0      0      0   9501   1905      0      0  22317  22317      0      -      -      0  17902   2234 
    0    177     60      -    100      0      0      0      0      0   9501   1950      0      0  22317      4      0      -      -      0  19594   2311 
    1    154     61      -    100      0      0      0      0      0   9501   1905      0      0  22317  22317      0      -      -      0  20330   2371 
    0    176     60      -    100      0      0      0      0      0   9501   1950      0      0  22317      4      0      -      -      0  17836   2057 
    1    154     61      -    100      0      0      0      0      0   9501   1905      0      0  22317  22317      0      -      -      0  16842   2021 
    0    177     60      -    100      7      0      0      0      0   9501   1950      0      0  22317      4      0      -      -      0  17994   1831 
    1    154     61      -    100      0      0      0      0      0   9501   1905      0      0  22317  22317      0      -      -      0  16654   1612 
    0    177     60      -    100      0      0      0      0      0   9501   1950      0      0  22317      4      0      -      -      0  17082   2036 
    1    154     61      -    100      5      0      0      0      0   9501   1905      0      0  22317  22317      0      -      -      0  19653   2309 
    0    176     61      -    100      0      0      0      0      0   9501   1950      0      0  22317      4      0      -      -      0  17147   1850 
    1    154     61      -    100      5      0      0      0      0   9501   1905      0      0  22317  22317      0      -      -      0  18290   2257 
    0    177     60      -    100      0      0      0      0      0   9501   1950      0      0  22317      4      0      -      -      0  14953   1952 
    1    154     61      -    100      0      0      0      0      0   9501   1905      0      0  22317  22317      0      -      -      0  16298   2266 
    0    177     60      -    100      0      0      0      0      0   9501   1950      0      0  22317      4      0      -      -      0  19299   2027 
    1    154     61      -    100      0      0      0      0      0   9501   1905      0      0  22317  22317      0      -      -      0  11632   2220 
    0    177     60      -    100      6      0      0      0      0   9501   1950      0      0  22317      4      0      -      -      0  18515   2303 
    1    154     61      -    100      4      0      0      0      0   9501   1905      0      0  22317  22317      0      -      -      0  22445   2230 
    0    176     61      -    100      0      0      0      0      0   9501   1950      0      0  22317      4      0      -      -      0  14994   1569 
    1    154     61      -    100      0      0      0      0      0   9501   1905      0      0  22317  22317      0      -      -      0  21182   2161 
    0    177     60      -    100      1      0      0      0      0   9501   1950      0      0  22317      4      0      -      -      0  23401   1852 
    1    154     61      -    100      0      0      0      0      0   9501   1905      0      0  22317  22317      0      -      -      0  13287   2683 
    0    177     60      -    100      8      0      0      0      0   9501   1950      0      0  22317      4      0      -      -      0  21009   2085 
    1    155     61      -    100      0      0      0      0      0   9501   1905      0      0  22317  22317      0      -      -      0  20832   1883 
    0    177     60      -    100      0      0      0      0      0   9501   1950      0      0  22317      4      0      -      -      0  16695   1791 
    1    153     61      -    100      0      0      0      0      0   9501   1905      0      0  22317  22317      0      -      -      0  16900   2077 
    0    177     60      -    100      0      0      0      0      0   9501   1950      0      0  22317      4      0      -      -      0  21787   2270 
    1    154     61      -    100      0      0      0      0      0   9501   1905      0      0  22317  22317      0      -      -      0  17648   2139 
    0    176     60      -    100      0      0      0      0      0   9501   1950      0      0  22317      4      0      -      -      0  19834   2477 
    1    154     61      -    100      7      0      0      0      0   9501   1905      0      0  22317  22317      0      -      -      0  19279   1773 
    0    177     60      -    100      7      0      0      0      0   9501   1950      0      0  22317      4      0      -      -      0  17416   2079 
    1    153     61      -    100      0      0      0      0      0   9501   1905      0      0  22317  22317      0      -      -      0  19802   1875 
    0    176     61      -    100      0      0      0      0      0   9501   1950      0      0  22317      4      0      -      -      0  20555   2066 
    1    154     61      -    100      7      0      0      0      0   9501   1905      0      0  22317  22317      0      -      -      0  16171   1964 
    0    176     60      -    100      0      0      0      0      0   9501   1950      0      0  22317      4      0      -      -      0  16890   2314 
    1    154     61      -    100      8      0      0      0      0   9501   1905      0      0  22317  22317      0      -      -      0  21056   2263 
    0    177     60      -    100      9      0      0      0      0   9501   1950      0      0  22317      4      0      -      -      0  20983   2424 
    1    154     61      -    100      0      0      0      0      0   9501   1905      0      0  22317  22317      0      -      -      0  16660   2131 
# gpu    pwr  gtemp  mtemp     sm    mem    enc    dec    jpg    ofa   mclk   pclk  pviol  tviol     fb   bar1   ccpm  sbecc  dbecc    pci  rxpci  txpci 
# Idx      W      C      C      %      %      %      %      %      %    MHz    MHz      %   bool     MB     MB     MB   errs   errs   errs   MB/s   MB/s 
    0    176     60      -    100      0      0      0      0      0   9501   1950      0      0  22317      4      0      -      -      0  14433   2130 
    1    154     61      -    100      7      0      0      0      0   9501   1905      0      0  22317  22317      0      -      -      0  19311   2121 
    0    177     60      -    100      0      0      0      0      0   9501   1950      0      0  22317      4      0      -      -      0  17282   2254 
    1    154     61      -    100      0      0      0      0      0   9501   1905      0      0  22317  22317      0      -      -      0  17896   2092 
    0    177     60      -    100      6      0      0      0      0   9501   1950      0      0  22317      4      0      -      -      0  22678   2062 
    1    154     61      -    100      0      0      0      0      0   9501   1905      0      0  22317  22317      0      -      -      0  14693   1762 
    0    177     60      -    100      0      0      0      0      0   9501   1950      0      0  22317      4      0      -      -      0  19920   1918 
    1    154     61      -    100      4      0      0      0      0   9501   1905      0      0  22317  22317      0      -      -      0  18641   2337 
    0    177     60      -    100      7      0      0      0      0   9501   1950      0      0  22317      4      0      -      -      0  17437   1939 
    1    154     61      -    100      0      0      0      0      0   9501   1905      0      0  22317  22317      0      -      -      0  17383   2561 
    0    176     60      -    100      0      0      0      0      0   9501   1950      0      0  22317      4      0      -      -      0  19073   1855 
    1    154     61      -    100      7      0      0      0      0   9501   1905      0      0  22317  22317      0      -      -      0  19589   1730 
    0    177     60      -    100      0      0      0      0      0   9501   1950      0      0  22317      4      0      -      -      0  18943   1975 
    1    154     61      -    100      0      0      0      0      0   9501   1905      0      0  22317  22317      0      -      -      0  19888   2385 
    0    177     60      -    100      5      0      0      0      0   9501   1950      0      0  22317      4      0      -      -      0  18953   1823 
    1    154     61      -    100      7      0      0      0      0   9501   1905      0      0  22317  22317      0      -      -      0  19322   2109 
    0    176     60      -    100      0      0      0      0      0   9501   1950      0      0  22317      4      0      -      -      0  16952   1646 
    1    154     61      -    100      0      0      0      0      0   9501   1905      0      0  22317  22317      0      -      -      0  16891   1967 
    0    177     60      -    100      5      0      0      0      0   9501   1950      0      0  22317      4      0      -      -      0  16943   1875 
    1    154     61      -    100      0      0      0      0      0   9501   1905      0      0  22317  22317      0      -      -      0  17152   2025 
    0    177     60      -    100      0      0      0      0      0   9501   1950      0      0  22317      4      0      -      -      0  14168   1660 
    1    154     61      -    100      0      0      0      0      0   9501   1905      0      0  22317  22317      0      -      -      0  17012   1890 
    0    177     60      -    100      0      0      0      0      0   9501   1950      0      0  22317      4      0      -      -      0  16770   2316 
    1    154     61      -    100      0      0      0      0      0   9501   1905      0      0  22317  22317      0      -      -      0  15449   1869 
    0    177     60      -    100      5      0      0      0      0   9501   1950      0      0  22317      4      0      -      -      0  16843   2000 
    1    154     61      -    100      1      0      0      0      0   9501   1905      0      0  22317  22317      0      -      -      0  18056   1743 
    0    176     61      -    100      5      0      0      0      0   9501   1950      0      0  22317      4      0      -      -      0  15260   1662 
    1    155     61      -    100      6      0      0      0      0   9501   1905      0      0  22317  22317      0      -      -      0  15418   1929 
    0    176     60      -    100      0      0      0      0      0   9501   1950      0      0  22317      4      0      -      -      0  18364   2058 
    1    154     61      -    100      0      0      0      0      0   9501   1905      0      0  22317  22317      0      -      -      0  13460   2422 
    0    178     60      -    100      0      0      0      0      0   9501   1950      0      0  22317      4      0      -      -      0  14391   1802 
    1    154     61      -    100      0      0      0      0      0   9501   1905      0      0  22317  22317      0      -      -      0  23022   2337 
    0    176     60      -    100      0      0      0      0      0   9501   1950      0      0  22317      4      0      -      -      0  22431   2437 
    1    153     61      -    100      0      0      0      0      0   9501   1905      0      0  22317  22317      0      -      -      0  11896   2568 
    0    177     60      -    100      5      0      0      0      0   9501   1950      0      0  22317      4      0      -      -      0  22538   2227 
    1    154     61      -    100      0      0      0      0      0   9501   1905      0      0  22317  22317      0      -      -      0  13545   2685 
    0    177     60      -    100      0      0      0      0      0   9501   1950      0      0  22317      4      0      -      -      0  17919   2138 
    1    154     61      -    100      0      0      0      0      0   9501   1905      0      0  22317  22317      0      -      -      0  14946   1759 
    0    177     60      -    100      5      0      0      0      0   9501   1950      0      0  22317      4      0      -      -      0  21023   2063 
    1    153     61      -    100      0      0      0      0      0   9501   1905      0      0  22317  22317      0      -      -      0  14417   1967 
    0    176     60      -    100      0      0      0      0      0   9501   1950      0      0  22317      4      0      -      -      0  21905   2517 
    1    154     61      -    100      0      0      0      0      0   9501   1905      0      0  22317  22317      0      -      -      0  19458   1781 
    0    177     60      -    100      5      0      0      0      0   9501   1950      0      0  22317      4      0      -      -      0  19063   2418 
    1    153     61      -    100      0      0      0      0      0   9501   1905      0      0  22317  22317      0      -      -      0  17799   2018 
# gpu    pwr  gtemp  mtemp     sm    mem    enc    dec    jpg    ofa   mclk   pclk  pviol  tviol     fb   bar1   ccpm  sbecc  dbecc    pci  rxpci  txpci 
# Idx      W      C      C      %      %      %      %      %      %    MHz    MHz      %   bool     MB     MB     MB   errs   errs   errs   MB/s   MB/s 
    0    176     60      -    100      0      0      0      0      0   9501   1950      0      0  22317      4      0      -      -      0  20559   2723 
    1    154     61      -    100      5      0      0      0      0   9501   1905      0      0  22317  22317      0      -      -      0  20573   2400 
    0    176     60      -    100      0      0      0      0      0   9501   1950      0      0  22317      4      0      -      -      0  22044   2629 
    1    153     61      -    100      0      0      0      0      0   9501   1905      0      0  22317  22317      0      -      -      0  17430   2217 
    0    176     60      -    100      6      0      0      0      0   9501   1950      0      0  22317      4      0      -      -      0  14401   2738 
    1    154     61      -    100      0      0      0      0      0   9501   1905      0      0  22317  22317      0      -      -      0  19020   2190 
    0    178     60      -    100      0      0      0      0      0   9501   1950      0      0  22317      4      0      -      -      0  20824   2427 
    1    153     61      -    100      0      0      0      0      0   9501   1905      0      0  22317  22317      0      -      -      0  19141   2632 
    0    176     61      -    100      0      0      0      0      0   9501   1950      0      0  22317      4      0      -      -      0  20815   2030 
    1    154     61      -    100      6      0      0      0      0   9501   1905      0      0  22317  22317      0      -      -      0  20334   2530 
    0    177     60      -    100      5      0      0      0      0   9501   1950      0      0  22317      4      0      -      -      0  19483   2482 
    1    153     61      -    100      0      0      0      0      0   9501   1905      0      0  22317  22317      0      -      -      0  18090   1846 
    0    177     60      -    100      5      0      0      0      0   9501   1950      0      0  22317      4      0      -      -      0  14287   2456 
    1    154     61      -    100      0      0      0      0      0   9501   1905      0      0  22317  22317      0      -      -      0  19152   2245 
    0    177     60      -    100      0      0      0      0      0   9501   1950      0      0  22317      4      0      -      -      0  11864   2526 
    1    153     61      -    100      0      0      0      0      0   9501   1905      0      0  22317  22317      0      -      -      0  20079   2282 
    0    176     60      -    100      0      0      0      0      0   9501   1950      0      0  22317      4      0      -      -      0  17344   1708 
    1    154     61      -    100      5      0      0      0      0   9501   1905      0      0  22317  22317      0      -      -      0  13986   2582 
    0    177     60      -    100      0      0      0      0      0   9501   1950      0      0  22317      4      0      -      -      0  23502   2538 
    1    154     61      -    100      0      0      0      0      0   9501   1905      0      0  22317  22317      0      -      -      0  18832   2614 
    0    179     61      -    100      0      0      0      0      0   9501   1950      0      0  22317      4      0      -      -      0  16967   2471 
    1    156     61      -    100      0      0      0      0      0   9501   1905      0      0  22317  22317      0      -      -      0  18122   2666 
    0    185     61      -    100      0      0      0      0      0   9501   1950      0      0  22317      4      0      -      -      0  19538   1906 
    1    161     61      -    100      0      0      0      0      0   9501   1905      0      0  22317  22317      0      -      -      0  21118   2386 
    0    176     61      -    100      0      0      0      0      0   9501   1950      0      0  22317      4      0      -      -      0  16623   2447 
    1    154     61      -    100      0      0      0      0      0   9501   1905      0      0  22317  22317      0      -      -      0  21097   2162 
    0    179     61      -    100      0      0      0      0      0   9501   1950      0      0  22317      4      0      -      -      0  24543   3604 
    1    156     61      -    100      0      0      0      0      0   9501   1905      0      0  22317  22317      0      -      -      0  32639   2486 
    0    182     60      -    100      3      0      0      0      0   9501   1950      0      0  22317      4      0      -      -      0  13577   2547 
    1    158     61      -    100      0      0      0      0      0   9501   1905      0      0  22317  22317      0      -      -      0  18292   1944 
    0    176     60      -    100      0      0      0      0      0   9501   1950      0      0  22317      4      0      -      -      0  13095   2525 
    1    154     61      -    100      4      0      0      0      0   9501   1905      0      0  22317  22317      0      -      -      0  19054   2031 
    0    177     60      -    100      0      0      0      0      0   9501   1950      0      0  22317      4      0      -      -      0  20793   2541 
    1    153     61      -    100      0      0      0      0      0   9501   1905      0      0  22317  22317      0      -      -      0  19957   2784 
    0    177     60      -    100      7      0      0      0      0   9501   1950      0      0  22317      4      0      -      -      0  20056   1748 
    1    154     61      -    100      0      0      0      0      0   9501   1905      0      0  22317  22317      0      -      -      0  12559   2497 
    0    176     60      -    100      0      0      0      0      0   9501   1950      0      0  22317      4      0      -      -      0  16676   1645 
    1    154     61      -    100      7      0      0      0      0   9501   1905      0      0  22317  22317      0      -      -      0  21489   2002 
    0    177     60      -    100      0      0      0      0      0   9501   1950      0      0  22317      4      0      -      -      0  17063   2457 
    1    154     61      -    100      0      0      0      0      0   9501   1905      0      0  22317  22317      0      -      -      0  17278   1860 
    0    177     60      -    100      6      0      0      0      0   9501   1950      0      0  22317      4      0      -      -      0  12105   2668 
    1    154     61      -    100      0      0      0      0      0   9501   1905      0      0  22317  22317      0      -      -      0  19868   2084 
    0    176     60      -    100      0      0      0      0      0   9501   1950      0      0  22317      4      0      -      -      0  18854   2311 
    1    154     61      -    100      0      0      0      0      0   9501   1905      0      0  22317  22317      0      -      -      0  21323   2191 
# gpu    pwr  gtemp  mtemp     sm    mem    enc    dec    jpg    ofa   mclk   pclk  pviol  tviol     fb   bar1   ccpm  sbecc  dbecc    pci  rxpci  txpci 
# Idx      W      C      C      %      %      %      %      %      %    MHz    MHz      %   bool     MB     MB     MB   errs   errs   errs   MB/s   MB/s 
    0    177     60      -    100      0      0      0      0      0   9501   1950      0      0  22317      4      0      -      -      0  16605   1945 
    1    154     61      -    100      1      0      0      0      0   9501   1905      0      0  22317  22317      0      -      -      0  19866   2084 
    0    176     60      -    100      0      0      0      0      0   9501   1950      0      0  22317      4      0      -      -      0  16872   1993 
    1    154     61      -    100      0      0      0      0      0   9501   1905      0      0  22317  22317      0      -      -      0  18813   2094 
    0    177     60      -    100      0      0      0      0      0   9501   1950      0      0  22317      4      0      -      -      0  15416   2269 
    1    153     61      -    100      0      0      0      0      0   9501   1905      0      0  22317  22317      0      -      -      0  17384   2030 
    0    177     60      -    100      0      0      0      0      0   9501   1950      0      0  22317      4      0      -      -      0  18342   1732 
    1    154     61      -    100      9      0      0      0      0   9501   1905      0      0  22317  22317      0      -      -      0  17004   1666 
    0    177     60      -    100      0      0      0      0      0   9501   1950      0      0  22317      4      0      -      -      0  21256   2313 
    1    155     61      -    100      0      0      0      0      0   9501   1905      0      0  22317  22317      0      -      -      0  16389   1922 
    0    177     60      -    100      0      0      0      0      0   9501   1950      0      0  22317      4      0      -      -      0  20982   2380 
    1    154     61      -    100      0      0      0      0      0   9501   1905      0      0  22317  22317      0      -      -      0  19873   2362 
    0    176     60      -    100      0      0      0      0      0   9501   1950      0      0  22317      4      0      -      -      0  13888   2650 
    1    153     61      -    100      0      0      0      0      0   9501   1905      0      0  22317  22317      0      -      -      0  21292   2228 
    0    177     61      -    100      7      0      0      0      0   9501   1950      0      0  22317      4      0      -      -      0  20119   1880 
    1    154     61      -    100      0      0      0      0      0   9501   1905      0      0  22317  22317      0      -      -      0  13040   2420 
    0    176     60      -    100      0      0      0      0      0   9501   1950      0      0  22317      4      0      -      -      0  18054   1970 
    1    153     61      -    100      0      0      0      0      0   9501   1905      0      0  22317  22317      0      -      -      0  20525   2472 
    0    178     60      -    100      0      0      0      0      0   9501   1950      0      0  22317      4      0      -      -      0  16248   1995 
    1    154     61      -    100      0      0      0      0      0   9501   1905      0      0  22317  22317      0      -      -      0  17825   1635 
    0    176     60      -    100      0      0      0      0      0   9501   1950      0      0  22317      4      0      -      -      0  21787   2179 
    1    154     61      -    100      0      0      0      0      0   9501   1905      0      0  22317  22317      0      -      -      0  16840   1943 
    0    178     60      -    100      5      0      0      0      0   9501   1950      0      0  22317      4      0      -      -      0  16895   2341 
    1    153     61      -    100      0      0      0      0      0   9501   1905      0      0  22317  22317      0      -      -      0  21546   2135 
    0    176     60      -    100      0      0      0      0      0   9501   1950      0      0  22317      4      0      -      -      0  13877   2701 
    1    155     61      -    100      0      0      0      0      0   9501   1905      0      0  22317  22317      0      -      -      0  20298   2370 
    0    177     60      -    100      5      0      0      0      0   9501   1950      0      0  22317      4      0      -      -      0  16140   2069 
    1    153     61      -    100      0      0      0      0      0   9501   1905      0      0  22317  22317      0      -      -      0  19679   2697 
    0    176     60      -    100      0      0      0      0      0   9501   1950      0      0  22317      4      0      -      -      0  19123   2194 
    1    154     61      -    100      5      0      0      0      0   9501   1905      0      0  22317  22317      0      -      -      0  20613   2484 
    0    177     60      -    100      4      0      0      0      0   9501   1950      0      0  22317      4      0      -      -      0  22394   2256 
    1    153     61      -    100      0      0      0      0      0   9501   1905      0      0  22317  22317      0      -      -      0  15712   1897 
    0    177     60      -    100      0      0      0      0      0   9501   1950      0      0  22317      4      0      -      -      0  18036   2116 
    1    153     61      -    100      0      0      0      0      0   9501   1905      0      0  22317  22317      0      -      -      0  19979   2085 
    0    178     60      -    100      0      0      0      0      0   9501   1950      0      0  22317      4      0      -      -      0  13804   2818 
    1    154     61      -    100      3      0      0      0      0   9501   1905      0      0  22317  22317      0      -      -      0  18980   2013 
    0    177     60      -    100      0      0      0      0      0   9501   1950      0      0  22317      4      0      -      -      0  19898   2543 
    1    153     61      -    100      0      0      0      0      0   9501   1905      0      0  22317  22317      0      -      -      0  21469   2097 
    0    177     60      -    100      5      0      0      0      0   9501   1950      0      0  22317      4      0      -      -      0  21090   1758 
    1    154     61      -    100      0      0      0      0      0   9501   1905      0      0  22317  22317      0      -      -      0  13242   2650 
    0    177     60      -    100      0      0      0      0      0   9501   1950      0      0  22317      4      0      -      -      0  17801   2219 
    1    153     61      -    100      0      0      0      0      0   9501   1905      0      0  22317  22317      0      -      -      0  23752   2131 
    0    177     61      -    100      0      0      0      0      0   9501   1950      0      0  22317      4      0      -      -      0  20968   2226 
    1    154     61      -    100      0      0      0      0      0   9501   1905      0      0  22317  22317      0      -      -      0  20506   2084 
# gpu    pwr  gtemp  mtemp     sm    mem    enc    dec    jpg    ofa   mclk   pclk  pviol  tviol     fb   bar1   ccpm  sbecc  dbecc    pci  rxpci  txpci 
# Idx      W      C      C      %      %      %      %      %      %    MHz    MHz      %   bool     MB     MB     MB   errs   errs   errs   MB/s   MB/s 
    0    177     60      -    100      0      0      0      0      0   9501   1950      0      0  22317      4      0      -      -      0  21493   2958 
    1    153     61      -    100      0      0      0      0      0   9501   1905      0      0  22317  22317      0      -      -      0  23003   2739 
    0    176     60      -    100      0      0      0      0      0   9501   1950      0      0  22317      4      0      -      -      0  20306   2527 
    1    154     61      -    100      0      0      0      0      0   9501   1905      0      0  22317  22317      0      -      -      0  18328   2004 
    0    176     60      -    100      0      0      0      0      0   9501   1950      0      0  22317      4      0      -      -      0  23726   1980 
    1    153     61      -    100      2      0      0      0      0   9501   1905      0      0  22317  22317      0      -      -      0  22785   2531 
    0    176     60      -    100      0      0      0      0      0   9501   1950      0      0  22317      4      0      -      -      0  16602   1748 
    1    154     61      -    100      0      0      0      0      0   9501   1905      0      0  22317  22317      0      -      -      0  22699   2139 
    0    177     60      -    100      0      0      0      0      0   9501   1950      0      0  22317      4      0      -      -      0  18535   2704 
    1    153     61      -    100      0      0      0      0      0   9501   1905      0      0  22317  22317      0      -      -      0  18343   2129 
    0    177     61      -    100      7      0      0      0      0   9501   1950      0      0  22317      4      0      -      -      0  19830   2292 
    1    154     61      -    100      0      0      0      0      0   9501   1905      0      0  22317  22317      0      -      -      0  22241   2121 
    0    176     60      -    100      0      0      0      0      0   9501   1950      0      0  22317      4      0      -      -      0  18325   1708 
    1    153     61      -    100      0      0      0      0      0   9501   1905      0      0  22317  22317      0      -      -      0  14471   2811 
    0    177     60      -    100      7      0      0      0      0   9501   1950      0      0  22317      4      0      -      -      0  16730   2221 
    1    154     61      -    100      0      0      0      0      0   9501   1905      0      0  22317  22317      0      -      -      0  21661   1890 
    0    176     60      -    100      0      0      0      0      0   9501   1950      0      0  22317      4      0      -      -      0  21797   2420 
    1    154     61      -    100      0      0      0      0      0   9501   1905      0      0  22317  22317      0      -      -      0  18543   2226 
    0    177     60      -    100      6      0      0      0      0   9501   1950      0      0  22317      4      0      -      -      0  19105   2285 
    1    153     61      -    100      0      0      0      0      0   9501   1905      0      0  22317  22317      0      -      -      0  21608   2202 
    0    176     60      -    100      0      0      0      0      0   9501   1950      0      0  22317      4      0      -      -      0  23759   2596 
    1    154     61      -    100      8      0      0      0      0   9501   1905      0      0  22317  22317      0      -      -      0  19842   2542 
    0    177     60      -    100      8      0      0      0      0   9501   1950      0      0  22317      4      0      -      -      0  18368   2513 
    1    153     61      -    100      0      0      0      0      0   9501   1905      0      0  22317  22317      0      -      -      0  23257   2229 
    0    177     60      -    100      0      0      0      0      0   9501   1950      0      0  22317      4      0      -      -      0  17656   2423 
    1    153     61      -    100      0      0      0      0      0   9501   1905      0      0  22317  22317      0      -      -      0  19549   2710 
    0    177     60      -    100      0      0      0      0      0   9501   1950      0      0  22317      4      0      -      -      0  17829   2195 
    1    154     61      -    100      0      0      0      0      0   9501   1905      0      0  22317  22317      0      -      -      0  19287   2580 
    0    177     60      -    100      0      0      0      0      0   9501   1950      0      0  22317      4      0      -      -      0  22889   2592 
    1    153     61      -    100      0      0      0      0      0   9501   1905      0      0  22317  22317      0      -      -      0  18796   2037 
    0    177     60      -    100      0      0      0      0      0   9501   1950      0      0  22317      4      0      -      -      0  20552   1748 
    1    154     61      -    100      0      0      0      0      0   9501   1905      0      0  22317  22317      0      -      -      0  21098   2587 
    0    177     60      -    100      0      0      0      0      0   9501   1950      0      0  22317      4      0      -      -      0  20525   2938 
    1    153     61      -    100      0      0      0      0      0   9501   1905      0      0  22317  22317      0      -      -      0  21230   2173 
    0    177     60      -    100      0      0      0      0      0   9501   1950      0      0  22317      4      0      -      -      0  19054   2152 
    1    153     61      -    100      0      0      0      0      0   9501   1905      0      0  22317  22317      0      -      -      0  21492   2310 
    0    177     61      -    100      4      0      0      0      0   9501   1950      0      0  22317      4      0      -      -      0  15876   2306 
    1    154     61      -    100      7      0      0      0      0   9501   1905      0      0  22317  22317      0      -      -      0  22956   2281 
    0    177     60      -    100      0      0      0      0      0   9501   1950      0      0  22317      4      0      -      -      0  13363   1646 
    1    153     61      -    100      0      0      0      0      0   9501   1905      0      0  22317  22317      0      -      -      0  24185   2168 
    0    176     60      -    100      0      0      0      0      0   9501   1950      0      0  22317      4      0      -      -      0  18624   2369 
    1    153     61      -    100      0      0      0      0      0   9501   1905      0      0  22317  22317      0      -      -      0  21087   2440 
    0    178     60      -    100      0      0      0      0      0   9501   1950      0      0  22317      4      0      -      -      0  22215   2881 
    1    154     61      -    100      0      0      0      0      0   9501   1905      0      0  22317  22317      0      -      -      0  20130   1848 
# gpu    pwr  gtemp  mtemp     sm    mem    enc    dec    jpg    ofa   mclk   pclk  pviol  tviol     fb   bar1   ccpm  sbecc  dbecc    pci  rxpci  txpci 
# Idx      W      C      C      %      %      %      %      %      %    MHz    MHz      %   bool     MB     MB     MB   errs   errs   errs   MB/s   MB/s 
    0    177     60      -    100      6      0      0      0      0   9501   1950      0      0  22317      4      0      -      -      0  21099   2312 
    1    153     61      -    100      0      0      0      0      0   9501   1905      0      0  22317  22317      0      -      -      0  20863   2426 
    0    176     60      -    100      0      0      0      0      0   9501   1950      0      0  22317      4      0      -      -      0  19873   2144 
    1    153     61      -    100      0      0      0      0      0   9501   1905      0      0  22317  22317      0      -      -      0  14180   2793 
    0    177     61      -    100      8      0      0      0      0   9501   1950      0      0  22317      4      0      -      -      0  24235   2761 
    1    153     61      -    100      8      0      0      0      0   9501   1905      0      0  22317  22317      0      -      -      0  19225   2161 
    0    177     60      -    100      1      0      0      0      0   9501   1950      0      0  22317      4      0      -      -      0  23556   2678 
    1    153     61      -    100      0      0      0      0      0   9501   1905      0      0  22317  22317      0      -      -      0  23029   2738 
    0    177     60      -    100      0      0      0      0      0   9501   1950      0      0  22317      4      0      -      -      0  17938   2372 
    1    153     61      -    100      0      0      0      0      0   9501   1905      0      0  22317  22317      0      -      -      0  23234   2413 
    0    176     60      -    100      0      0      0      0      0   9501   1950      0      0  22317      4      0      -      -      0  12184   2428 
    1    155     61      -    100      2      0      0      0      0   9501   1905      0      0  22317  22317      0      -      -      0  18622   3450 
    0    180     60      -    100      0      0      0      0      0   9501   1950      0      0  22317      4      0      -      -      0  21616   3140 
    1    157     61      -    100      0      0      0      0      0   9501   1905      0      0  22317  22317      0      -      -      0  18694   2178 
    0    184     61      -    100      0      0      0      0      0   9501   1950      0      0  22317      4      0      -      -      0  22559   2278 
    1    160     61      -    100      0      0      0      0      0   9501   1905      0      0  22317  22317      0      -      -      0  14213   2753 
    0    176     60      -    100      0      0      0      0      0   9501   1950      0      0  22317      4      0      -      -      0  24725   2656 
    1    155     61      -    100      6      0      0      0      0   9501   1905      0      0  22317  22317      0      -      -      0  18743   2263 
    0    179     60      -    100      0      0      0      0      0   9501   1950      0      0  22317      4      0      -      -      0  27278   2469 
    1    155     61      -    100      0      0      0      0      0   9501   1905      0      0  22317  22317      0      -      -      0  29734   3573 
    0    182     61      -    100      0      0      0      0      0   9501   1950      0      0  22317      4      0      -      -      0  17493   2321 
    1    159     61      -    100      5      0      0      0      0   9501   1905      0      0  22317  22317      0      -      -      0  13020   2840 
    0    177     60      -    100      0      0      0      0      0   9501   1950      0      0  22317      4      0      -      -      0  25246   2515 
    1    154     61      -    100      0      0      0      0      0   9501   1905      0      0  22317  22317      0      -      -      0  16096   2183 
    0    177     60      -    100      0      0      0      0      0   9501   1950      0      0  22317      4      0      -      -      0  21271   2172 
    1    153     61      -    100      0      0      0      0      0   9501   1905      0      0  22317  22317      0      -      -      0  19865   2613 
    0    176     60      -    100      0      0      0      0      0   9501   1950      0      0  22317      4      0      -      -      0  11177   2497 
    1    155     61      -    100      0      0      0      0      0   9501   1905      0      0  22317  22317      0      -      -      0  19850   2027 
    0    176     60      -    100      0      0      0      0      0   9501   1950      0      0  22317      4      0      -      -      0  12388   2554 
    1    153     61      -    100      0      0      0      0      0   9501   1905      0      0  22317  22317      0      -      -      0  18593   2024 
    0    177     60      -    100      5      0      0      0      0   9501   1950      0      0  22317      4      0      -      -      0  19124   1776 
    1    154     61      -    100      0      0      0      0      0   9501   1905      0      0  22317  22317      0      -      -      0  12793   2554 
    0    177     60      -    100      0      0      0      0      0   9501   1950      0      0  22317      4      0      -      -      0  19442   2142 
    1    154     61      -    100      0      0      0      0      0   9501   1905      0      0  22317  22317      0      -      -      0  20605   1834 
    0    177     60      -    100      0      0      0      0      0   9501   1950      0      0  22317      4      0      -      -      0  18376   1944 
    1    153     61      -    100      5      0      0      0      0   9501   1905      0      0  22317  22317      0      -      -      0  18145   2193 
    0    176     60      -    100      0      0      0      0      0   9501   1950      0      0  22317      4      0      -      -      0  21061   2148 
    1    154     61      -    100      5      0      0      0      0   9501   1905      0      0  22317  22317      0      -      -      0  16151   2156 
    0    177     60      -    100      5      0      0      0      0   9501   1950      0      0  22317      4      0      -      -      0  17100   2315 
    1    154     61      -    100      0      0      0      0      0   9501   1905      0      0  22317  22317      0      -      -      0  18823   2024 
    0    176     60      -    100      0      0      0      0      0   9501   1950      0      0  22317      4      0      -      -      0  23527   2377 
    1    154     61      -    100      5      0      0      0      0   9501   1905      0      0  22317  22317      0      -      -      0  21739   2415 
    0    177     60      -    100      0      0      0      0      0   9501   1950      0      0  22317      4      0      -      -      0  16762   1678 
    1    154     61      -    100      0      0      0      0      0   9501   1905      0      0  22317  22317      0      -      -      0  24881   2431 
# gpu    pwr  gtemp  mtemp     sm    mem    enc    dec    jpg    ofa   mclk   pclk  pviol  tviol     fb   bar1   ccpm  sbecc  dbecc    pci  rxpci  txpci 
# Idx      W      C      C      %      %      %      %      %      %    MHz    MHz      %   bool     MB     MB     MB   errs   errs   errs   MB/s   MB/s 
    0    177     60      -    100      0      0      0      0      0   9501   1950      0      0  22317      4      0      -      -      0  17683   2273 
    1    154     61      -    100      0      0      0      0      0   9501   1905      0      0  22317  22317      0      -      -      0  17187   1718 
    0    177     60      -    100      5      0      0      0      0   9501   1950      0      0  22317      4      0      -      -      0  18411   1969 
    1    154     61      -    100      5      0      0      0      0   9501   1905      0      0  22317  22317      0      -      -      0  16542   2277 
    0    176     60      -    100      0      0      0      0      0   9501   1950      0      0  22317      4      0      -      -      0  20616   2399 
    1    154     61      -    100      8      0      0      0      0   9501   1905      0      0  22317  22317      0      -      -      0  21090   2227 
    0    176     60      -    100      0      0      0      0      0   9501   1950      0      0  22317      4      0      -      -      0  39109   2119 
    1    154     61      -    100      0      0      0      0      0   9501   1905      0      0  22317  22317      0      -      -      0  10743   1688 
    0    177     60      -    100      0      0      0      0      0   9501   1950      0      0  22317      4      0      -      -      0  18868   1941 
    1    155     61      -    100      7      0      0      0      0   9501   1905      0      0  22317  22317      0      -      -      0  22402   2794 
    0    178     60      -    100      8      0      0      0      0   9501   1950      0      0  22317      4      0      -      -      0  18350   2472 
    1    153     61      -    100      0      0      0      0      0   9501   1905      0      0  22317  22317      0      -      -      0  19028   2226 
    0    176     60      -    100      0      0      0      0      0   9501   1950      0      0  22317      4      0      -      -      0  14320   2724 
    1    155     61      -    100      0      0      0      0      0   9501   1905      0      0  22317  22317      0      -      -      0  19601   2313 
    0    177     60      -    100      8      0      0      0      0   9501   1950      0      0  22317      4      0      -      -      0  16806   2354 
    1    154     61      -    100      0      0      0      0      0   9501   1905      0      0  22317  22317      0      -      -      0  19892   2379 
    0    178     60      -    100      0      0      0      0      0   9501   1950      0      0  22317      4      0      -      -      0  19038   2354 
    1    155     61      -    100      0      0      0      0      0   9501   1905      0      0  22317  22317      0      -      -      0  21652   2002 
    0    180     61      -    100      0      0      0      0      0   9501   1950      0      0  22317      4      0      -      -      0  18375   1746 
    1    160     62      -    100      0      0      0      0      0   9501   1905      0      0  22317  22317      0      -      -      0  17895   2074 
    0    184     60      -    100      0      0      0      0      0   9501   1950      0      0  22317      4      0      -      -      0  15598   1847 
    1    156     61      -    100      0      0      0      0      0   9501   1905      0      0  22317  22317      0      -      -      0  21421   2512 
    0    176     60      -    100      0      0      0      0      0   9501   1950      0      0  22317      4      0      -      -      0  26862   2937 
    1    153     61      -    100      0      0      0      0      0   9501   1905      0      0  22317  22317      0      -      -      0  12474   2579 
    0    177     61      -    100      7      0      0      0      0   9501   1950      0      0  22317      4      0      -      -      0  15204   2228 
    1    154     61      -    100      0      0      0      0      0   9501   1905      0      0  22317  22317      0      -      -      0  19838   2358 
    0    177     60      -    100      0      0      0      0      0   9501   1950      0      0  22317      4      0      -      -      0  17599   1743 
    1    153     61      -    100      0      0      0      0      0   9501   1905      0      0  22317  22317      0      -      -      0  19219   2264 
    0    176     60      -    100      6      0      0      0      0   9501   1950      0      0  22317      4      0      -      -      0  14878   1654 
    1    154     61      -    100      0      0      0      0      0   9501   1905      0      0  22317  22317      0      -      -      0  18612   1620 
    0    176     60      -    100      0      0      0      0      0   9501   1950      0      0  22317      4      0      -      -      0  18810   2233 
    1    154     61      -    100      6      0      0      0      0   9501   1905      0      0  22317  22317      0      -      -      0  11855   2497 
    0    176     60      -    100      0      0      0      0      0   9501   1950      0      0  22317      4      0      -      -      0  14725   1871 
    1    154     61      -    100      0      0      0      0      0   9501   1905      0      0  22317  22317      0      -      -      0  18152   1612 
    0    177     60      -    100      0      0      0      0      0   9501   1950      0      0  22317      4      0      -      -      0  17474   1898 
    1    153     61      -    100      0      0      0      0      0   9501   1905      0      0  22317  22317      0      -      -      0  19277   2224 
    0    176     60      -    100      0      0      0      0      0   9501   1950      0      0  22317      4      0      -      -      0  19739   2147 
    1    154     61      -    100      0      0      0      0      0   9501   1905      0      0  22317  22317      0      -      -      0  17637   2218 
    0    177     60      -    100      0      0      0      0      0   9501   1950      0      0  22317      4      0      -      -      0  18336   2473 
    1    153     61      -    100      0      0      0      0      0   9501   1905      0      0  22317  22317      0      -      -      0  23746   2372 
    0    176     60      -    100      0      0      0      0      0   9501   1950      0      0  22317      4      0      -      -      0  13095   2668 
    1    154     61      -    100      5      0      0      0      0   9501   1905      0      0  22317  22317      0      -      -      0  21237   2227 
    0    177     60      -    100      0      0      0      0      0   9501   1950      0      0  22317      4      0      -      -      0  20360   2513 
    1    153     61      -    100      0      0      0      0      0   9501   1905      0      0  22317  22317      0      -      -      0  10912   2582 
# gpu    pwr  gtemp  mtemp     sm    mem    enc    dec    jpg    ofa   mclk   pclk  pviol  tviol     fb   bar1   ccpm  sbecc  dbecc    pci  rxpci  txpci 
# Idx      W      C      C      %      %      %      %      %      %    MHz    MHz      %   bool     MB     MB     MB   errs   errs   errs   MB/s   MB/s 
    0    176     60      -    100      0      0      0      0      0   9501   1950      0      0  22317      4      0      -      -      0  19851   2199 
    1    154     61      -    100      3      0      0      0      0   9501   1905      0      0  22317  22317      0      -      -      0  20338   2275 
    0    177     60      -    100      8      0      0      0      0   9501   1950      0      0  22317      4      0      -      -      0  20085   2393 
    1    154     61      -    100      0      0      0      0      0   9501   1905      0      0  22317  22317      0      -      -      0  17920   1846 
    0    177     60      -    100      0      0      0      0      0   9501   1950      0      0  22317      4      0      -      -      0  19438   2391 
    1    154     61      -    100      5      0      0      0      0   9501   1905      0      0  22317  22317      0      -      -      0  21233   2173 
    0    177     61      -    100      7      0      0      0      0   9501   1950      0      0  22317      4      0      -      -      0  19318   2196 
    1    154     61      -    100      0      0      0      0      0   9501   1905      0      0  22317  22317      0      -      -      0  23381   2455 
    0    176     60      -    100      0      0      0      0      0   9501   1950      0      0  22317      4      0      -      -      0  16199   1832 
    1    153     61      -    100      0      0      0      0      0   9501   1905      0      0  22317  22317      0      -      -      0  22922   2411 
    0    176     60      -    100      0      0      0      0      0   9501   1950      0      0  22317      4      0      -      -      0  20115   2504 
    1    154     61      -    100      6      0      0      0      0   9501   1905      0      0  22317  22317      0      -      -      0  21925   2570 
    0    178     60      -    100      0      0      0      0      0   9501   1950      0      0  22317      4      0      -      -      0  28248   2138 
    1    153     61      -    100      0      0      0      0      0   9501   1905      0      0  22317  22317      0      -      -      0  14860   3073 
    0    177     60      -    100      0      0      0      0      0   9501   1950      0      0  22317      4      0      -      -      0  19804   2258 
    1    155     61      -    100      1      0      0      0      0   9501   1905      0      0  22317  22317      0      -      -      0  17915   2422 
    0    177     61      -    100      0      0      0      0      0   9501   1950      0      0  22317      4      0      -      -      0  19054   2282 
    1    153     61      -    100      0      0      0      0      0   9501   1905      0      0  22317  22317      0      -      -      0  19861   2304 
    0    176     60      -    100      0      0      0      0      0   9501   1950      0      0  22317      4      0      -      -      0  12847   2782 
    1    153     61      -    100      1      0      0      0      0   9501   1905      0      0  22317  22317      0      -      -      0  21359   2082 
    0    177     61      -    100      0      0      0      0      0   9501   1950      0      0  22317      4      0      -      -      0  17892   2226 
    1    154     61      -    100      5      0      0      0      0   9501   1905      0      0  22317  22317      0      -      -      0  18726   2827 
    0    176     60      -    100      6      0      0      0      0   9501   1950      0      0  22317      4      0      -      -      0  19563   2202 
    1    153     61      -    100      0      0      0      0      0   9501   1905      0      0  22317  22317      0      -      -      0  17625   2317 
    0    176     61      -    100      5      0      0      0      0   9501   1950      0      0  22317      4      0      -      -      0  20359   2533 
    1    154     61      -    100      7      0      0      0      0   9501   1905      0      0  22317  22317      0      -      -      0  18139   1970 
    0    176     60      -    100      0      0      0      0      0   9501   1950      0      0  22317      4      0      -      -      0  23472   2274 
    1    153     61      -    100      0      0      0      0      0   9501   1905      0      0  22317  22317      0      -      -      0  20112   2500 
    0    176     60      -    100      0      0      0      0      0   9501   1950      0      0  22317      4      0      -      -      0  12914   2480 
    1    154     61      -    100      0      0      0      0      0   9501   1905      0      0  22317  22317      0      -      -      0  16899   1742 
    0    176     60      -    100      5      0      0      0      0   9501   1950      0      0  22317      4      0      -      -      0  10991   2695 
    1    153     61      -    100      0      0      0      0      0   9501   1905      0      0  22317  22317      0      -      -      0  17347   2165 
    0    176     61      -    100      0      0      0      0      0   9501   1950      0      0  22317      4      0      -      -      0  18386   2315 
    1    154     61      -    100      0      0      0      0      0   9501   1905      0      0  22317  22317      0      -      -      0  19402   1938 
    0    176     60      -    100      0      0      0      0      0   9501   1950      0      0  22317      4      0      -      -      0  21164   2430 
    1    154     61      -    100      0      0      0      0      0   9501   1905      0      0  22317  22317      0      -      -      0  13568   2610 
    0    177     61      -    100      5      0      0      0      0   9501   1950      0      0  22317      4      0      -      -      0  14218   1912 
    1    153     61      -    100      0      0      0      0      0   9501   1905      0      0  22317  22317      0      -      -      0  18799   2177 
    0    177     60      -    100      0      0      0      0      0   9501   1950      0      0  22317      4      0      -      -      0  19509   2106 
    1    154     61      -    100      8      0      0      0      0   9501   1905      0      0  22317  22317      0      -      -      0  16887   1790 
    0    177     61      -    100      5      0      0      0      0   9501   1950      0      0  22317      4      0      -      -      0  18867   2196 
    1    154     61      -    100      0      0      0      0      0   9501   1905      0      0  22317  22317      0      -      -      0  16912   1887 
    0    176     61      -    100      0      0      0      0      0   9501   1950      0      0  22317      4      0      -      -      0  23270   2449 
    1    154     61      -    100      0      0      0      0      0   9501   1905      0      0  22317  22317      0      -      -      0  18074   2318 
# gpu    pwr  gtemp  mtemp     sm    mem    enc    dec    jpg    ofa   mclk   pclk  pviol  tviol     fb   bar1   ccpm  sbecc  dbecc    pci  rxpci  txpci 
# Idx      W      C      C      %      %      %      %      %      %    MHz    MHz      %   bool     MB     MB     MB   errs   errs   errs   MB/s   MB/s 
    0    177     60      -    100      5      0      0      0      0   9501   1950      0      0  22317      4      0      -      -      0  18782   2333 
    1    153     61      -    100      0      0      0      0      0   9501   1905      0      0  22317  22317      0      -      -      0  23564   2349 
    0    176     60      -    100      0      0      0      0      0   9501   1950      0      0  22317      4      0      -      -      0  13625   1855 
    1    154     61      -    100      8      0      0      0      0   9501   1905      0      0  22317  22317      0      -      -      0  20010   2167 
    0    176     60      -    100      0      0      0      0      0   9501   1950      0      0  22317      4      0      -      -      0  18857   2197 
    1    153     61      -    100      0      0      0      0      0   9501   1905      0      0  22317  22317      0      -      -      0  13895   2790 
    0    176     60      -    100      0      0      0      0      0   9501   1950      0      0  22317      4      0      -      -      0  21024   2732 
    1    154     61      -    100      8      0      0      0      0   9501   1905      0      0  22317  22317      0      -      -      0  19608   1803 
    0    177     60      -    100      7      0      0      0      0   9501   1950      0      0  22317      4      0      -      -      0  14295   2343 
    1    154     61      -    100      0      0      0      0      0   9501   1905      0      0  22317  22317      0      -      -      0  18538   1849 
    0    177     60      -    100      0      0      0      0      0   9501   1950      0      0  22317      4      0      -      -      0  20039   2284 
    1    154     61      -    100      7      0      0      0      0   9501   1905      0      0  22317  22317      0      -      -      0  14977   1875 
    0    176     60      -    100      0      0      0      0      0   9501   1950      0      0  22317      4      0      -      -      0  20871   1880 
    1    154     61      -    100      0      0      0      0      0   9501   1905      0      0  22317  22317      0      -      -      0  14171   1931 
    0    176     60      -    100      6      0      0      0      0   9501   1950      0      0  22317      4      0      -      -      0  16851   1744 
    1    154     61      -    100      0      0      0      0      0   9501   1905      0      0  22317  22317      0      -      -      0  18626   2359 
    0    177     60      -    100      7      0      0      0      0   9501   1950      0      0  22317      4      0      -      -      0  18296   2075 
    1    154     61      -    100      6      0      0      0      0   9501   1905      0      0  22317  22317      0      -      -      0  15063   2001 
    0    177     60      -    100      0      0      0      0      0   9501   1950      0      0  22317      4      0      -      -      0  20310   2198 
    1    154     61      -    100      6      0      0      0      0   9501   1905      0      0  22317  22317      0      -      -      0  16775   2105 
    0    177     60      -    100      0      0      0      0      0   9501   1950      0      0  22317      4      0      -      -      0  17647   1944 
    1    153     61      -    100      0      0      0      0      0   9501   1905      0      0  22317  22317      0      -      -      0  16670   1936 
    0    177     60      -    100      0      0      0      0      0   9501   1950      0      0  22317      4      0      -      -      0  16889   1804 
    1    154     61      -    100      0      0      0      0      0   9501   1905      0      0  22317  22317      0      -      -      0  17882   2115 
    0    176     60      -    100      0      0      0      0      0   9501   1950      0      0  22317      4      0      -      -      0  24090   2429 
    1    154     61      -    100      0      0      0      0      0   9501   1905      0      0  22317  22317      0      -      -      0  18870   2202 
    0    176     61      -    100      0      0      0      0      0   9501   1950      0      0  22317      4      0      -      -      0  22461   2287 
    1    153     61      -    100      1      0      0      0      0   9501   1905      0      0  22317  22317      0      -      -      0  19349   2426 
    0    177     60      -    100      0      0      0      0      0   9501   1950      0      0  22317      4      0      -      -      0  13588   2779 
    1    153     61      -    100      0      0      0      0      0   9501   1905      0      0  22317  22317      0      -      -      0  19766   2225 
    0    176     60      -    100      7      0      0      0      0   9501   1950      0      0  22317      4      0      -      -      0  15570   1764 
    1    154     61      -    100      0      0      0      0      0   9501   1905      0      0  22317  22317      0      -      -      0  23523   2344 
    0    177     60      -    100      0      0      0      0      0   9501   1950      0      0  22317      4      0      -      -      0  16917   1675 
    1    154     61      -    100      0      0      0      0      0   9501   1905      0      0  22317  22317      0      -      -      0  14010   2475 
    0    177     60      -    100      6      0      0      0      0   9501   1950      0      0  22317      4      0      -      -      0  13128   1717 
    1    153     61      -    100      0      0      0      0      0   9501   1905      0      0  22317  22317      0      -      -      0  21047   2115 
    0    177     60      -    100      0      0      0      0      0   9501   1950      0      0  22317      4      0      -      -      0  21783   2352 
    1    154     61      -    100      0      0      0      0      0   9501   1905      0      0  22317  22317      0      -      -      0  19152   2383 
    0    177     60      -    100      0      0      0      0      0   9501   1950      0      0  22317      4      0      -      -      0  14116   2731 
    1    154     61      -    100      5      0      0      0      0   9501   1905      0      0  22317  22317      0      -      -      0  19541   2117 
    0    177     60      -    100      0      0      0      0      0   9501   1950      0      0  22317      4      0      -      -      0  16380   2305 
    1    153     61      -    100      0      0      0      0      0   9501   1905      0      0  22317  22317      0      -      -      0  16280   1762 
    0    176     60      -    100      0      0      0      0      0   9501   1950      0      0  22317      4      0      -      -      0  21570   2433 
    1    154     61      -    100      0      0      0      0      0   9501   1905      0      0  22317  22317      0      -      -      0  20360   2704 
# gpu    pwr  gtemp  mtemp     sm    mem    enc    dec    jpg    ofa   mclk   pclk  pviol  tviol     fb   bar1   ccpm  sbecc  dbecc    pci  rxpci  txpci 
# Idx      W      C      C      %      %      %      %      %      %    MHz    MHz      %   bool     MB     MB     MB   errs   errs   errs   MB/s   MB/s 
    0    177     61      -    100      7      0      0      0      0   9501   1950      0      0  22317      4      0      -      -      0  21351   2564 
    1    153     61      -    100      0      0      0      0      0   9501   1905      0      0  22317  22317      0      -      -      0  20506   2226 
    0    176     60      -    100      0      0      0      0      0   9501   1950      0      0  22317      4      0      -      -      0  16305   2696 
    1    153     61      -    100      6      0      0      0      0   9501   1905      0      0  22317  22317      0      -      -      0  21127   2581 
    0    177     60      -    100      0      0      0      0      0   9501   1950      0      0  22317      4      0      -      -      0  20805   1843 
    1    154     61      -    100      0      0      0      0      0   9501   1905      0      0  22317  22317      0      -      -      0  13559   2753 
    0    177     60      -    100      8      0      0      0      0   9501   1950      0      0  22317      4      0      -      -      0  20065   2116 
    1    153     61      -    100      0      0      0      0      0   9501   1905      0      0  22317  22317      0      -      -      0  21097   2561 
    0    177     60      -    100      0      0      0      0      0   9501   1950      0      0  22317      4      0      -      -      0  17572   1852 
    1    154     61      -    100      5      0      0      0      0   9501   1905      0      0  22317  22317      0      -      -      0  16677   1935 
    0    177     60      -    100      0      0      0      0      0   9501   1950      0      0  22317      4      0      -      -      0  21760   2143 
    1    154     61      -    100      5      0      0      0      0   9501   1905      0      0  22317  22317      0      -      -      0  16880   2172 
    0    177     61      -    100      0      0      0      0      0   9501   1950      0      0  22317      4      0      -      -      0  21056   2198 
    1    154     61      -    100      0      0      0      0      0   9501   1905      0      0  22317  22317      0      -      -      0  14377   1833 
    0    177     60      -    100      0      0      0      0      0   9501   1950      0      0  22317      4      0      -      -      0  19334   2540 
    1    154     61      -    100      5      0      0      0      0   9501   1905      0      0  22317  22317      0      -      -      0  18906   2052 
    0    177     60      -    100      5      0      0      0      0   9501   1950      0      0  22317      4      0      -      -      0  15145   2097 
    1    153     61      -    100      0      0      0      0      0   9501   1905      0      0  22317  22317      0      -      -      0  21205   2182 
    0    176     61      -    100      0      0      0      0      0   9501   1950      0      0  22317      4      0      -      -      0  14447   1710 
    1    154     61      -    100      5      0      0      0      0   9501   1905      0      0  22317  22317      0      -      -      0  19354   2617 
    0    178     60      -    100      0      0      0      0      0   9501   1950      0      0  22317      4      0      -      -      0  14480   2069 
    1    153     61      -    100      0      0      0      0      0   9501   1905      0      0  22317  22317      0      -      -      0  20667   1848 
    0    177     60      -    100      0      0      0      0      0   9501   1950      0      0  22317      4      0      -      -      0  17776   2684 
    1    154     61      -    100      8      0      0      0      0   9501   1905      0      0  22317  22317      0      -      -      0  19489   1976 
    0    178     61      -    100      4      0      0      0      0   9501   1950      0      0  22317      4      0      -      -      0  20602   2343 
    1    154     61      -    100      0      0      0      0      0   9501   1905      0      0  22317  22317      0      -      -      0  17516   1697 
    0    176     60      -    100      0      0      0      0      0   9501   1950      0      0  22317      4      0      -      -      0  16621   1669 
    1    154     61      -    100      0      0      0      0      0   9501   1905      0      0  22317  22317      0      -      -      0  15178   1802 
    0    176     60      -    100      0      0      0      0      0   9501   1950      0      0  22317      4      0      -      -      0  17648   1690 
    1    154     61      -    100      6      0      0      0      0   9501   1905      0      0  22317  22317      0      -      -      0  19858   2245 
    0    177     60      -    100      5      0      0      0      0   9501   1950      0      0  22317      4      0      -      -      0  17637   1826 
    1    153     61      -    100      0      0      0      0      0   9501   1905      0      0  22317  22317      0      -      -      0  17287   2329 
    0    177     60      -    100      5      0      0      0      0   9501   1950      0      0  22317      4      0      -      -      0  14941   1872 
    1    154     61      -    100      2      0      0      0      0   9501   1905      0      0  22317  22317      0      -      -      0  20118   1749 
    0    177     60      -    100      0      0      0      0      0   9501   1950      0      0  22317      4      0      -      -      0  22592   1784 
    1    154     61      -    100      0      0      0      0      0   9501   1905      0      0  22317  22317      0      -      -      0  20352   2312 
    0    177     60      -    100      0      0      0      0      0   9501   1950      0      0  22317      4      0      -      -      0  19594   1939 
    1    153     61      -    100      0      0      0      0      0   9501   1905      0      0  22317  22317      0      -      -      0  14956   2279 
    0    177     60      -    100      0      0      0      0      0   9501   1950      0      0  22317      4      0      -      -      0  16628   2240 
    1    154     61      -    100      0      0      0      0      0   9501   1905      0      0  22317  22317      0      -      -      0  21277   2171 
    0    177     60      -    100      5      0      0      0      0   9501   1950      0      0  22317      4      0      -      -      0  13294   2726 
    1    153     61      -    100      0      0      0      0      0   9501   1905      0      0  22317  22317      0      -      -      0  19205   1907 
    0    177     60      -    100      0      0      0      0      0   9501   1950      0      0  22317      4      0      -      -      0  12155   2468 
    1    154     61      -    100      7      0      0      0      0   9501   1905      0      0  22317  22317      0      -      -      0  18783   1748 
# gpu    pwr  gtemp  mtemp     sm    mem    enc    dec    jpg    ofa   mclk   pclk  pviol  tviol     fb   bar1   ccpm  sbecc  dbecc    pci  rxpci  txpci 
# Idx      W      C      C      %      %      %      %      %      %    MHz    MHz      %   bool     MB     MB     MB   errs   errs   errs   MB/s   MB/s 
    0    177     60      -    100      0      0      0      0      0   9501   1950      0      0  22317      4      0      -      -      0   9273   1834 
    1    153     61      -    100      0      0      0      0      0   9501   1905      0      0  22317  22317      0      -      -      0  21928   2077 
    0    176     60      -    100      2      0      0      0      0   9501   1950      0      0  22317      4      0      -      -      0  15211   1620 
    1    154     61      -    100      0      0      0      0      0   9501   1905      0      0  22317  22317      0      -      -      0  19126   1911 
    0    177     60      -    100      0      0      0      0      0   9501   1950      0      0  22317      4      0      -      -      0  13829   2468 
    1    154     61      -    100      0      0      0      0      0   9501   1905      0      0  22317  22317      0      -      -      0  19027   2258 
    0    177     60      -    100      5      0      0      0      0   9501   1950      0      0  22317      4      0      -      -      0  17339   1941 
    1    153     61      -    100      0      0      0      0      0   9501   1905      0      0  22317  22317      0      -      -      0  12691   2497 
    0    177     60      -    100      0      0      0      0      0   9501   1950      0      0  22317      4      0      -      -      0  16347   2069 
    1    154     61      -    100      3      0      0      0      0   9501   1905      0      0  22317  22317      0      -      -      0  21558   1822 
    0    177     60      -    100      0      0      0      0      0   9501   1950      0      0  22317      4      0      -      -      0  17820   1945 
    1    153     61      -    100      0      0      0      0      0   9501   1905      0      0  22317  22317      0      -      -      0  18861   2315 
    0    177     60      -    100      7      0      0      0      0   9501   1950      0      0  22317      4      0      -      -      0  19552   2453 
    1    154     61      -    100      7      0      0      0      0   9501   1905      0      0  22317  22317      0      -      -      0  19854   2058 
    0    176     60      -    100      0      0      0      0      0   9501   1950      0      0  22317      4      0      -      -      0  20272   2090 
    1    153     61      -    100      1      0      0      0      0   9501   1905      0      0  22317  22317      0      -      -      0  21559   2361 
    0    177     60      -    100      7      0      0      0      0   9501   1950      0      0  22317      4      0      -      -      0  20071   2284 
    1    155     61      -    100      0      0      0      0      0   9501   1905      0      0  22317  22317      0      -      -      0  20051   2339 
    0    176     60      -    100      0      0      0      0      0   9501   1950      0      0  22317      4      0      -      -      0  20569   1650 
    1    153     61      -    100      0      0      0      0      0   9501   1905      0      0  22317  22317      0      -      -      0  35220   3034 
    0    183     61      -    100      0      0      0      0      0   9501   1950      0      0  22317      4      0      -      -      0  17430   2905 
    1    161     61      -    100      0      0      0      0      0   9501   1905      0      0  22317  22317      0      -      -      0  21889   2871 
    0    184     60      -    100      0      0      0      0      0   9501   1950      0      0  22317      4      0      -      -      0  16274   1735 
    1    163     61      -    100      0      0      0      0      0   9501   1905      0      0  22317  22317      0      -      -      0  24909   2226 
    0    177     61      -    100      7      0      0      0      0   9501   1950      0      0  22317      4      0      -      -      0  16965   2480 
    1    154     61      -    100      0      0      0      0      0   9501   1905      0      0  22317  22317      0      -      -      0   8957   2358 
    0    179     60      -    100      0      0      0      0      0   9501   1950      0      0  22317      4      0      -      -      0  26832   2182 
    1    157     61      -    100      0      0      0      0      0   9501   1905      0      0  22317  22317      0      -      -      0  24377   2478 
    0    180     61      -    100      0      0      0      0      0   9501   1950      0      0  22317      4      0      -      -      0  19022   2427 
    1    165     62      -    100      0      0      0      0      0   9501   1905      0      0  22317  22317      0      -      -      0  19558   1858 
    0    185     61      -    100      0      0      0      0      0   9501   1950      0      0  22317      4      0      -      -      0  17098   2216 
    1    156     61      -    100      0      0      0      0      0   9501   1905      0      0  22317  22317      0      -      -      0  21602   2112 
    0    176     60      -    100      0      0      0      0      0   9501   1950      0      0  22317      4      0      -      -      0  22052   2062 
    1    154     61      -    100      0      0      0      0      0   9501   1905      0      0  22317  22317      0      -      -      0  20553   2257 
    0    177     60      -    100      8      0      0      0      0   9501   1950      0      0  22317      4      0      -      -      0  20081   2545 
    1    153     61      -    100      0      0      0      0      0   9501   1905      0      0  22317  22317      0      -      -      0  24156   2339 
    0    177     60      -    100      0      0      0      0      0   9501   1950      0      0  22317      4      0      -      -      0  16738   1872 
    1    154     61      -    100      0      0      0      0      0   9501   1905      0      0  22317  22317      0      -      -      0  18882   2224 
    0    177     60      -    100      0      0      0      0      0   9501   1950      0      0  22317      4      0      -      -      0  20577   2392 
    1    154     61      -    100      0      0      0      0      0   9501   1905      0      0  22317  22317      0      -      -      0  16340   2023 
    0    178     60      -    100      7      0      0      0      0   9501   1950      0      0  22317      4      0      -      -      0  23467   3042 
    1    153     61      -    100      0      0      0      0      0   9501   1905      0      0  22317  22317      0      -      -      0  28756   3300 
    0    180     61      -    100      0      0      0      0      0   9501   1950      0      0  22317      4      0      -      -      0  16072   2195 
    1    156     61      -    100      0      0      0      0      0   9501   1905      0      0  22317  22317      0      -      -      0  24203   2597 
# gpu    pwr  gtemp  mtemp     sm    mem    enc    dec    jpg    ofa   mclk   pclk  pviol  tviol     fb   bar1   ccpm  sbecc  dbecc    pci  rxpci  txpci 
# Idx      W      C      C      %      %      %      %      %      %    MHz    MHz      %   bool     MB     MB     MB   errs   errs   errs   MB/s   MB/s 
    0    182     60      -    100      0      0      0      0      0   9501   1950      0      0  22317      4      0      -      -      0  17111   2022 
    1    157     61      -    100      0      0      0      0      0   9501   1905      0      0  22317  22317      0      -      -      0  16647   2476 
    0    178     61      -    100      5      0      0      0      0   9501   1950      0      0  22317      4      0      -      -      0  15642   1992 
    1    153     61      -    100      0      0      0      0      0   9501   1905      0      0  22317  22317      0      -      -      0  19999   2345 
    0    177     61      -    100      0      0      0      0      0   9501   1950      0      0  22317      4      0      -      -      0  15583   2126 
    1    154     61      -    100      0      0      0      0      0   9501   1905      0      0  22317  22317      0      -      -      0  17446   1623 
    0    177     60      -    100      0      0      0      0      0   9501   1950      0      0  22317      4      0      -      -      0  17659   1919 
    1    154     61      -    100      0      0      0      0      0   9501   1905      0      0  22317  22317      0      -      -      0  18293   2033 
    0    177     61      -    100      0      0      0      0      0   9501   1950      0      0  22317      4      0      -      -      0  19346   2302 
    1    154     61      -    100      0      0      0      0      0   9501   1905      0      0  22317  22317      0      -      -      0  17412   2028 
    0    176     60      -    100      0      0      0      0      0   9501   1950      0      0  22317      4      0      -      -      0  18386   2248 
    1    154     61      -    100      0      0      0      0      0   9501   1905      0      0  22317  22317      0      -      -      0  23885   2091 
    0    177     60      -    100      7      0      0      0      0   9501   1950      0      0  22317      4      0      -      -      0  14276   2286 
    1    154     61      -    100      7      0      0      0      0   9501   1905      0      0  22317  22317      0      -      -      0  19517   2319 
    0    176     60      -    100      0      0      0      0      0   9501   1950      0      0  22317      4      0      -      -      0  17705   2226 
    1    153     61      -    100      0      0      0      0      0   9501   1905      0      0  22317  22317      0      -      -      0  18874   1798 
    0    177     60      -    100      0      0      0      0      0   9501   1950      0      0  22317      4      0      -      -      0  18778   2426 
    1    154     61      -    100      7      0      0      0      0   9501   1905      0      0  22317  22317      0      -      -      0  17677   2138 
    0    177     60      -    100      5      0      0      0      0   9501   1950      0      0  22317      4      0      -      -      0  17413   2212 
    1    153     61      -    100      0      0      0      0      0   9501   1905      0      0  22317  22317      0      -      -      0  21105   2059 
    0    176     60      -    100      0      0      0      0      0   9501   1950      0      0  22317      4      0      -      -      0  22313   2200 
    1    154     61      -    100      8      0      0      0      0   9501   1905      0      0  22317  22317      0      -      -      0  18474   2337 
    0    177     60      -    100      0      0      0      0      0   9501   1950      0      0  22317      4      0      -      -      0  22683   2262 
    1    154     61      -    100      8      0      0      0      0   9501   1905      0      0  22317  22317      0      -      -      0  21783   2628 
    0    176     60      -    100      0      0      0      0      0   9501   1950      0      0  22317      4      0      -      -      0  19135   2446 
    1    154     61      -    100      0      0      0      0      0   9501   1905      0      0  22317  22317      0      -      -      0  23510   2255 
    0    178     60      -    100      6      0      0      0      0   9501   1950      0      0  22317      4      0      -      -      0  16930   2021 
    1    153     61      -    100      0      0      0      0      0   9501   1905      0      0  22317  22317      0      -      -      0  17658   2567 
    0    176     60      -    100      0      0      0      0      0   9501   1950      0      0  22317      4      0      -      -      0  19507   2238 
    1    154     61      -    100      2      0      0      0      0   9501   1905      0      0  22317  22317      0      -      -      0  19372   2228 
    0    177     61      -    100      0      0      0      0      0   9501   1950      0      0  22317      4      0      -      -      0  17094   2437 
    1    153     61      -    100      0      0      0      0      0   9501   1905      0      0  22317  22317      0      -      -      0  22530   2145 
    0    177     60      -    100      0      0      0      0      0   9501   1950      0      0  22317      4      0      -      -      0  23528   2262 
    1    154     61      -    100      0      0      0      0      0   9501   1905      0      0  22317  22317      0      -      -      0  20790   2519 
    0    177     60      -    100      6      0      0      0      0   9501   1950      0      0  22317      4      0      -      -      0  17033   1674 
    1    153     61      -    100      0      0      0      0      0   9501   1905      0      0  22317  22317      0      -      -      0  22525   2346 
    0    178     60      -    100      0      0      0      0      0   9501   1950      0      0  22317      4      0      -      -      0  19273   2160 
    1    153     61      -    100      0      0      0      0      0   9501   1905      0      0  22317  22317      0      -      -      0  22223   2506 
    0    176     60      -    100      0      0      0      0      0   9501   1950      0      0  22317      4      0      -      -      0  19625   2331 
    1    155     61      -    100      7      0      0      0      0   9501   1905      0      0  22317  22317      0      -      -      0  16696   1900 
    0    178     60      -    100      2      0      0      0      0   9501   1950      0      0  22317      4      0      -      -      0  20030   2373 
    1    153     61      -    100      0      0      0      0      0   9501   1905      0      0  22317  22317      0      -      -      0  17635   1855 
    0    176     60      -    100      0      0      0      0      0   9501   1950      0      0  22317      4      0      -      -      0  24179   2653 
    1    153     61      -    100      7      0      0      0      0   9501   1905      0      0  22317  22317      0      -      -      0  23005   2731 
# gpu    pwr  gtemp  mtemp     sm    mem    enc    dec    jpg    ofa   mclk   pclk  pviol  tviol     fb   bar1   ccpm  sbecc  dbecc    pci  rxpci  txpci 
# Idx      W      C      C      %      %      %      %      %      %    MHz    MHz      %   bool     MB     MB     MB   errs   errs   errs   MB/s   MB/s 
    0    177     60      -    100      5      0      0      0      0   9501   1950      0      0  22317      4      0      -      -      0  13649   2529 
    1    154     61      -    100      0      0      0      0      0   9501   1905      0      0  22317  22317      0      -      -      0  17797   1716 
    0    176     60      -    100      0      0      0      0      0   9501   1950      0      0  22317      4      0      -      -      0  14784   2439 
    1    154     61      -    100      0      0      0      0      0   9501   1905      0      0  22317  22317      0      -      -      0  18345   2007 
    0    177     60      -    100      0      0      0      0      0   9501   1950      0      0  22317      4      0      -      -      0  17962   2643 
    1    154     61      -    100      0      0      0      0      0   9501   1905      0      0  22317  22317      0      -      -      0  19324   2057 
    0    177     60      -    100      0      0      0      0      0   9501   1950      0      0  22317      4      0      -      -      0  20123   2340 
    1    153     61      -    100      0      0      0      0      0   9501   1905      0      0  22317  22317      0      -      -      0  16093   1702 
    0    177     60      -    100      0      0      0      0      0   9501   1950      0      0  22317      4      0      -      -      0  22699   2350 
    1    154     61      -    100      0      0      0      0      0   9501   1905      0      0  22317  22317      0      -      -      0  16919   1999 
    0    176     60      -    100      0      0      0      0      0   9501   1950      0      0  22317      4      0      -      -      0  21500   2059 
    1    154     61      -    100      5      0      0      0      0   9501   1905      0      0  22317  22317      0      -      -      0  23462   2709 
    0    177     60      -    100      8      0      0      0      0   9501   1950      0      0  22317      4      0      -      -      0  22563   2450 
    1    153     61      -    100      0      0      0      0      0   9501   1905      0      0  22317  22317      0      -      -      0  13045   2478 
    0    177     60      -    100      0      0      0      0      0   9501   1950      0      0  22317      4      0      -      -      0  18840   1686 
    1    154     61      -    100      5      0      0      0      0   9501   1905      0      0  22317  22317      0      -      -      0  18618   2144 
    0    177     61      -    100      0      0      0      0      0   9501   1950      0      0  22317      4      0      -      -      0  21964   2690 
    1    153     61      -    100      0      0      0      0      0   9501   1905      0      0  22317  22317      0      -      -      0  19876   1897 
    0    177     60      -    100      1      0      0      0      0   9501   1950      0      0  22317      4      0      -      -      0  23728   2674 
    1    153     61      -    100      0      0      0      0      0   9501   1905      0      0  22317  22317      0      -      -      0  18755   2667 
    0    176     60      -    100      0      0      0      0      0   9501   1950      0      0  22317      4      0      -      -      0  21166   1788 
    1    154     61      -    100      5      0      0      0      0   9501   1905      0      0  22317  22317      0      -      -      0  13983   1911 
    0    177     60      -    100      8      0      0      0      0   9501   1950      0      0  22317      4      0      -      -      0  21733   2340 
    1    153     61      -    100      0      0      0      0      0   9501   1905      0      0  22317  22317      0      -      -      0  18771   2534 
    0    177     60      -    100      0      0      0      0      0   9501   1950      0      0  22317      4      0      -      -      0  18901   2584 
    1    154     61      -    100      6      0      0      0      0   9501   1905      0      0  22317  22317      0      -      -      0  22271   2451 
    0    176     60      -    100      0      0      0      0      0   9501   1950      0      0  22317      4      0      -      -      0  15397   2157 
    1    154     61      -    100      0      0      0      0      0   9501   1905      0      0  22317  22317      0      -      -      0  19314   1992 
    0    177     60      -    100      0      0      0      0      0   9501   1950      0      0  22317      4      0      -      -      0  17634   2112 
    1    154     61      -    100      5      0      0      0      0   9501   1905      0      0  22317  22317      0      -      -      0  20982   2340 
    0    178     61      -    100      0      0      0      0      0   9501   1950      0      0  22317      4      0      -      -      0  21540   2515 
    1    153     61      -    100      0      0      0      0      0   9501   1905      0      0  22317  22317      0      -      -      0  22922   2263 
    0    179     61      -    100      6      0      0      0      0   9501   1950      0      0  22317      4      0      -      -      0  20491   3520 
    1    156     61      -    100      0      0      0      0      0   9501   1905      0      0  22317  22317      0      -      -      0  21368   3066 
    0    186     62      -    100     20      0      0      0      0   9501   1950      0      0  22317      4      0      -      -      0  24619   2622 
    1    161     61      -    100      0      0      0      0      0   9501   1905      0      0  22317  22317      0      -      -      0  17699   2328 
    0    177     60      -    100      0      0      0      0      0   9501   1950      0      0  22317      4      0      -      -      0  20665   1653 
    1    154     61      -    100      0      0      0      0      0   9501   1905      0      0  22317  22317      0      -      -      0  20842   2282 
    0    180     61      -    100      0      0      0      0      0   9501   1950      0      0  22317      4      0      -      -      0  12392   2264 
    1    156     61      -    100      0      0      0      0      0   9501   1905      0      0  22317  22317      0      -      -      0  22067   2961 
    0    183     60      -    100      0      0      0      0      0   9501   1950      0      0  22317      4      0      -      -      0  21585   2104 
    1    160     61      -    100      0      0      0      0      0   9501   1905      0      0  22317  22317      0      -      -      0  20267   2504 
    0    177     60      -    100      0      0      0      0      0   9501   1950      0      0  22317      4      0      -      -      0  23041   2150 
    1    154     61      -    100      3      0      0      0      0   9501   1905      0      0  22317  22317      0      -      -      0  21566   2475 
# gpu    pwr  gtemp  mtemp     sm    mem    enc    dec    jpg    ofa   mclk   pclk  pviol  tviol     fb   bar1   ccpm  sbecc  dbecc    pci  rxpci  txpci 
# Idx      W      C      C      %      %      %      %      %      %    MHz    MHz      %   bool     MB     MB     MB   errs   errs   errs   MB/s   MB/s 
    0    176     60      -    100      0      0      0      0      0   9501   1950      0      0  22317      4      0      -      -      0  17660   1770 
    1    154     61      -    100      0      0      0      0      0   9501   1905      0      0  22317  22317      0      -      -      0  18200   1937 
    0    176     60      -    100      0      0      0      0      0   9501   1950      0      0  22317      4      0      -      -      0  15356   2097 
    1    154     61      -    100      0      0      0      0      0   9501   1905      0      0  22317  22317      0      -      -      0  20108   1973 
    0    177     60      -    100      7      0      0      0      0   9501   1950      0      0  22317      4      0      -      -      0  21754   1799 
    1    154     61      -    100      0      0      0      0      0   9501   1905      0      0  22317  22317      0      -      -      0  22274   2623 
    0    176     60      -    100      0      0      0      0      0   9501   1950      0      0  22317      4      0      -      -      0  15458   2433 
    1    154     61      -    100      0      0      0      0      0   9501   1905      0      0  22317  22317      0      -      -      0  16117   2154 
    0    177     60      -    100      0      0      0      0      0   9501   1950      0      0  22317      4      0      -      -      0  11172   2476 
    1    154     61      -    100      0      0      0      0      0   9501   1905      0      0  22317  22317      0      -      -      0  18613   1944 
    0    177     60      -    100      7      0      0      0      0   9501   1950      0      0  22317      4      0      -      -      0  12380   2582 
    1    153     61      -    100      0      0      0      0      0   9501   1905      0      0  22317  22317      0      -      -      0  17886   1877 
    0    176     60      -    100      0      0      0      0      0   9501   1950      0      0  22317      4      0      -      -      0  15455   1577 
    1    154     61      -    100      0      0      0      0      0   9501   1905      0      0  22317  22317      0      -      -      0  19132   1944 
    0    177     60      -    100      6      0      0      0      0   9501   1950      0      0  22317      4      0      -      -      0  20091   1800 
    1    154     61      -    100      6      0      0      0      0   9501   1905      0      0  22317  22317      0      -      -      0  17399   2052 
    0    177     60      -    100      5      0      0      0      0   9501   1950      0      0  22317      4      0      -      -      0  17833   2161 
    1    154     61      -    100      0      0      0      0      0   9501   1905      0      0  22317  22317      0      -      -      0  23344   2139 
    0    177     60      -    100      0      0      0      0      0   9501   1950      0      0  22317      4      0      -      -      0  17139   1718 
    1    153     61      -    100      0      0      0      0      0   9501   1905      0      0  22317  22317      0      -      -      0  19148   2108 
    0    177     60      -    100      5      0      0      0      0   9501   1950      0      0  22317      4      0      -      -      0  17095   2334 
    1    154     61      -    100      7      0      0      0      0   9501   1905      0      0  22317  22317      0      -      -      0  23162   2203 
    0    177     60      -    100      0      0      0      0      0   9501   1950      0      0  22317      4      0      -      -      0  21592   2504 
    1    154     61      -    100      0      0      0      0      0   9501   1905      0      0  22317  22317      0      -      -      0  20268   2473 
    0    176     60      -    100      0      0      0      0      0   9501   1950      0      0  22317      4      0      -      -      0  19814   2913 
    1    153     61      -    100      0      0      0      0      0   9501   1905      0      0  22317  22317      0      -      -      0  21057   2256 
    0    177     60      -    100      0      0      0      0      0   9501   1950      0      0  22317      4      0      -      -      0  13688   2804 
    1    153     61      -    100      6      0      0      0      0   9501   1905      0      0  22317  22317      0      -      -      0  15702   1710 
    0    178     60      -    100      0      0      0      0      0   9501   1950      0      0  22317      4      0      -      -      0  21259   2559 
    1    154     61      -    100      0      0      0      0      0   9501   1905      0      0  22317  22317      0      -      -      0  22024   2062 
    0    177     60      -    100      0      0      0      0      0   9501   1950      0      0  22317      4      0      -      -      0  14287   1659 
    1    154     61      -    100      1      0      0      0      0   9501   1905      0      0  22317  22317      0      -      -      0  14997   2935 
    0    177     60      -    100      0      0      0      0      0   9501   1950      0      0  22317      4      0      -      -      0  16922   2056 
    1    153     61      -    100      0      0      0      0      0   9501   1905      0      0  22317  22317      0      -      -      0  13844   2732 
    0    177     60      -    100      0      0      0      0      0   9501   1950      0      0  22317      4      0      -      -      0  17394   2171 
    1    153     61      -    100      0      0      0      0      0   9501   1905      0      0  22317  22317      0      -      -      0  11896   2668 
    0    177     60      -    100      0      0      0      0      0   9501   1950      0      0  22317      4      0      -      -      0  16396   2135 
    1    154     61      -    100      7      0      0      0      0   9501   1905      0      0  22317  22317      0      -      -      0  18664   2464 
    0    177     60      -    100      2      0      0      0      0   9501   1950      0      0  22317      4      0      -      -      0  22253   2283 
    1    153     61      -    100      0      0      0      0      0   9501   1905      0      0  22317  22317      0      -      -      0  16657   2168 
    0    177     60      -    100      5      0      0      0      0   9501   1950      0      0  22317      4      0      -      -      0  16202   2309 
    1    154     61      -    100      5      0      0      0      0   9501   1905      0      0  22317  22317      0      -      -      0  21721   2205 
    0    177     60      -    100      0      0      0      0      0   9501   1950      0      0  22317      4      0      -      -      0  13880   2816 
    1    153     61      -    100      0      0      0      0      0   9501   1905      0      0  22317  22317      0      -      -      0  21230   2201 
# gpu    pwr  gtemp  mtemp     sm    mem    enc    dec    jpg    ofa   mclk   pclk  pviol  tviol     fb   bar1   ccpm  sbecc  dbecc    pci  rxpci  txpci 
# Idx      W      C      C      %      %      %      %      %      %    MHz    MHz      %   bool     MB     MB     MB   errs   errs   errs   MB/s   MB/s 
    0    178     60      -    100      0      0      0      0      0   9501   1950      0      0  22317      4      0      -      -      0  15464   1927 
    1    153     61      -    100      0      0      0      0      0   9501   1905      0      0  22317  22317      0      -      -      0  12578   2411 
    0    176     60      -    100      0      0      0      0      0   9501   1950      0      0  22317      4      0      -      -      0  17955   2000 
    1    154     61      -    100      0      0      0      0      0   9501   1905      0      0  22317  22317      0      -      -      0  17390   2316 
    0    178     60      -    100      0      0      0      0      0   9501   1950      0      0  22317      4      0      -      -      0  14380   2078 
    1    154     61      -    100      5      0      0      0      0   9501   1905      0      0  22317  22317      0      -      -      0  16664   2026 
    0    177     60      -    100      0      0      0      0      0   9501   1950      0      0  22317      4      0      -      -      0  17185   2246 
    1    153     61      -    100      0      0      0      0      0   9501   1905      0      0  22317  22317      0      -      -      0  20855   2226 
    0    177     60      -    100      5      0      0      0      0   9501   1950      0      0  22317      4      0      -      -      0  17437   1695 
    1    153     61      -    100      0      0      0      0      0   9501   1905      0      0  22317  22317      0      -      -      0  21604   2246 
    0    176     60      -    100      0      0      0      0      0   9501   1950      0      0  22317      4      0      -      -      0  19096   2198 
    1    154     61      -    100      6      0      0      0      0   9501   1905      0      0  22317  22317      0      -      -      0  20257   2388 
    0    178     60      -    100      8      0      0      0      0   9501   1950      0      0  22317      4      0      -      -      0  21275   2541 
    1    153     61      -    100      0      0      0      0      0   9501   1905      0      0  22317  22317      0      -      -      0  21533   2205 
    0    177     60      -    100      0      0      0      0      0   9501   1950      0      0  22317      4      0      -      -      0  21789   2596 
    1    153     61      -    100      1      0      0      0      0   9501   1905      0      0  22317  22317      0      -      -      0  20977   2564 
    0    176     60      -    100      0      0      0      0      0   9501   1950      0      0  22317      4      0      -      -      0  15631   1698 
    1    154     61      -    100      0      0      0      0      0   9501   1905      0      0  22317  22317      0      -      -      0  22770   2222 
    0    177     60      -    100      8      0      0      0      0   9501   1950      0      0  22317      4      0      -      -      0  16595   2310 
    1    153     61      -    100      0      0      0      0      0   9501   1905      0      0  22317  22317      0      -      -      0  22663   1985 
    0    179     60      -    100      0      0      0      0      0   9501   1950      0      0  22317      4      0      -      -      0  20123   3255 
    1    157     61      -    100      0      0      0      0      0   9501   1905      0      0  22317  22317      0      -      -      0  21078   2884 
    0    186     61      -    100      0      0      0      0      0   9501   1950      0      0  22317      4      0      -      -      0  14945   2192 
    1    163     61      -    100      0      0      0      0      0   9501   1905      0      0  22317  22317      0      -      -      0  20304   2276 
    0    178     60      -    100      0      0      0      0      0   9501   1950      0      0  22317      4      0      -      -      0   8586   2795 
    1    153     61      -    100      0      0      0      0      0   9501   1905      0      0  22317  22317      0      -      -      0  27106   3173 
    0    181     61      -    100      0      0      0      0      0   9501   1950      0      0  22317      4      0      -      -      0  24881   3109 
    1    157     61      -    100      0      0      0      0      0   9501   1905      0      0  22317  22317      0      -      -      0  18020   2137 
    0    183     60      -    100      0      0      0      0      0   9501   1950      0      0  22317      4      0      -      -      0  21003   2004 
    1    158     61      -    100      0      0      0      0      0   9501   1905      0      0  22317  22317      0      -      -      0  16568   2113 
    0    177     60      -    100      0      0      0      0      0   9501   1950      0      0  22317      4      0      -      -      0  22265   2485 
    1    153     61      -    100      0      0      0      0      0   9501   1905      0      0  22317  22317      0      -      -      0  19017   2223 
    0    177     60      -    100      0      0      0      0      0   9501   1950      0      0  22317      4      0      -      -      0  21505   2480 
    1    154     61      -    100      7      0      0      0      0   9501   1905      0      0  22317  22317      0      -      -      0  18295   1944 
    0    177     60      -    100      7      0      0      0      0   9501   1950      0      0  22317      4      0      -      -      0  16503   2052 
    1    154     61      -    100      7      0      0      0      0   9501   1905      0      0  22317  22317      0      -      -      0  20504   2281 
    0    177     60      -    100      0      0      0      0      0   9501   1950      0      0  22317      4      0      -      -      0  15254   1640 
    1    154     61      -    100      0      0      0      0      0   9501   1905      0      0  22317  22317      0      -      -      0  24262   1951 
    0    178     61      -    100      0      0      0      0      0   9501   1950      0      0  22317      4      0      -      -      0  18229   1977 
    1    153     61      -    100      0      0      0      0      0   9501   1905      0      0  22317  22317      0      -      -      0  22518   2644 
    0    177     60      -    100      8      0      0      0      0   9501   1950      0      0  22317      4      0      -      -      0  19759   2170 
    1    154     61      -    100      0      0      0      0      0   9501   1905      0      0  22317  22317      0      -      -      0  15450   2297 
    0    176     60      -    100      0      0      0      0      0   9501   1950      0      0  22317      4      0      -      -      0  20060   1922 
    1    154     61      -    100      0      0      0      0      0   9501   1905      0      0  22317  22317      0      -      -      0  20604   2333 
# gpu    pwr  gtemp  mtemp     sm    mem    enc    dec    jpg    ofa   mclk   pclk  pviol  tviol     fb   bar1   ccpm  sbecc  dbecc    pci  rxpci  txpci 
# Idx      W      C      C      %      %      %      %      %      %    MHz    MHz      %   bool     MB     MB     MB   errs   errs   errs   MB/s   MB/s 
    0    177     60      -    100      1      0      0      0      0   9501   1950      0      0  22317      4      0      -      -      0  18690   2654 
    1    154     61      -    100      7      0      0      0      0   9501   1905      0      0  22317  22317      0      -      -      0  21075   2111 
    0    176     60      -    100      0      0      0      0      0   9501   1950      0      0  22317      4      0      -      -      0  15221   1710 
    1    153     61      -    100      0      0      0      0      0   9501   1905      0      0  22317  22317      0      -      -      0  13039   2668 
    0    177     60      -    100      0      0      0      0      0   9501   1950      0      0  22317      4      0      -      -      0  22353   1951 
    1    153     61      -    100      0      0      0      0      0   9501   1905      0      0  22317  22317      0      -      -      0  19864   2445 
    0    177     60      -    100      0      0      0      0      0   9501   1950      0      0  22317      4      0      -      -      0  17293   1660 
    1    154     61      -    100      0      0      0      0      0   9501   1905      0      0  22317  22317      0      -      -      0  19127   1875 
    0    177     60      -    100      0      0      0      0      0   9501   1950      0      0  22317      4      0      -      -      0  23430   2263 
    1    154     61      -    100      0      0      0      0      0   9501   1905      0      0  22317  22317      0      -      -      0  18555   2253 
    0    177     60      -    100      0      0      0      0      0   9501   1950      0      0  22317      4      0      -      -      0  19804   2377 
    1    154     61      -    100      0      0      0      0      0   9501   1905      0      0  22317  22317      0      -      -      0  19355   1802 
    0    176     60      -    100      0      0      0      0      0   9501   1950      0      0  22317      4      0      -      -      0  16866   1878 
    1    154     61      -    100      0      0      0      0      0   9501   1905      0      0  22317  22317      0      -      -      0  16203   1766 
    0    177     60      -    100      0      0      0      0      0   9501   1950      0      0  22317      4      0      -      -      0  17159   1882 
    1    154     61      -    100      0      0      0      0      0   9501   1905      0      0  22317  22317      0      -      -      0  17733   2482 
    0    177     60      -    100      8      0      0      0      0   9501   1950      0      0  22317      4      0      -      -      0  20340   2062 
    1    153     61      -    100      0      0      0      0      0   9501   1905      0      0  22317  22317      0      -      -      0  18556   2436 
    0    176     60      -    100      0      0      0      0      0   9501   1950      0      0  22317      4      0      -      -      0  21818   2251 
    1    154     61      -    100      0      0      0      0      0   9501   1905      0      0  22317  22317      0      -      -      0  17400   2331 
    0    177     60      -    100      6      0      0      0      0   9501   1950      0      0  22317      4      0      -      -      0  16812   2164 
    1    153     61      -    100      0      0      0      0      0   9501   1905      0      0  22317  22317      0      -      -      0  19671   1871 
    0    176     60      -    100      1      0      0      0      0   9501   1950      0      0  22317      4      0      -      -      0  20791   2093 
    1    154     61      -    100      6      0      0      0      0   9501   1905      0      0  22317  22317      0      -      -      0  16395   1930 
    0    177     60      -    100      0      0      0      0      0   9501   1950      0      0  22317      4      0      -      -      0  22008   2592 
    1    154     61      -    100      0      0      0      0      0   9501   1905      0      0  22317  22317      0      -      -      0  20793   2321 
    0    176     61      -    100      6      0      0      0      0   9501   1950      0      0  22317      4      0      -      -      0  13746   2495 
    1    153     61      -    100      0      0      0      0      0   9501   1905      0      0  22317  22317      0      -      -      0  17891   2211 
    0    178     60      -    100      6      0      0      0      0   9501   1950      0      0  22317      4      0      -      -      0  14220   1684 
    1    153     61      -    100      0      0      0      0      0   9501   1905      0      0  22317  22317      0      -      -      0  26759   2810 
    0    178     60      -    100      6      0      0      0      0   9501   1950      0      0  22317      4      0      -      -      0  21099   2001 
    1    154     61      -    100      0      0      0      0      0   9501   1905      0      0  22317  22317      0      -      -      0  20329   2341 
    0    176     60      -    100      0      0      0      0      0   9501   1950      0      0  22317      4      0      -      -      0  18621   1881 
    1    154     61      -    100      7      0      0      0      0   9501   1905      0      0  22317  22317      0      -      -      0  21110   2142 
    0    177     60      -    100      0      0      0      0      0   9501   1950      0      0  22317      4      0      -      -      0  21085   2200 
    1    154     61      -    100      0      0      0      0      0   9501   1905      0      0  22317  22317      0      -      -      0  20705   2422 
    0    176     61      -    100      5      0      0      0      0   9501   1950      0      0  22317      4      0      -      -      0  15739   1674 
    1    153     61      -    100      0      0      0      0      0   9501   1905      0      0  22317  22317      0      -      -      0  22276   2490 
    0    178     60      -    100      0      0      0      0      0   9501   1950      0      0  22317      4      0      -      -      0  16616   2248 
    1    154     61      -    100      0      0      0      0      0   9501   1905      0      0  22317  22317      0      -      -      0  22921   1871 
    0    176     60      -    100      0      0      0      0      0   9501   1950      0      0  22317      4      0      -      -      0  22007   2058 
    1    154     61      -    100      0      0      0      0      0   9501   1905      0      0  22317  22317      0      -      -      0  16917   2196 
    0    177     60      -    100      5      0      0      0      0   9501   1950      0      0  22317      4      0      -      -      0  19007   2347 
    1    154     61      -    100      0      0      0      0      0   9501   1905      0      0  22317  22317      0      -      -      0  19455   2066 
# gpu    pwr  gtemp  mtemp     sm    mem    enc    dec    jpg    ofa   mclk   pclk  pviol  tviol     fb   bar1   ccpm  sbecc  dbecc    pci  rxpci  txpci 
# Idx      W      C      C      %      %      %      %      %      %    MHz    MHz      %   bool     MB     MB     MB   errs   errs   errs   MB/s   MB/s 
    0    176     60      -    100      0      0      0      0      0   9501   1950      0      0  22317      4      0      -      -      0  19745   2147 
    1    154     61      -    100      0      0      0      0      0   9501   1905      0      0  22317  22317      0      -      -      0  20836   2590 
    0    178     60      -    100      0      0      0      0      0   9501   1950      0      0  22317      4      0      -      -      0  13259   2678 
    1    154     61      -    100      0      0      0      0      0   9501   1905      0      0  22317  22317      0      -      -      0  20288   2161 
    0    177     60      -    100      0      0      0      0      0   9501   1950      0      0  22317      4      0      -      -      0  18979   2148 
    1    154     61      -    100      0      0      0      0      0   9501   1905      0      0  22317  22317      0      -      -      0  14091   2818 
    0    178     60      -    100      5      0      0      0      0   9501   1950      0      0  22317      4      0      -      -      0  22981   2376 
    1    153     61      -    100      0      0      0      0      0   9501   1905      0      0  22317  22317      0      -      -      0  17653   2184 
    0    177     60      -    100      0      0      0      0      0   9501   1950      0      0  22317      4      0      -      -      0  23938   2913 
    1    154     61      -    100      6      0      0      0      0   9501   1905      0      0  22317  22317      0      -      -      0  19893   2353 
    0    177     60      -    100      0      0      0      0      0   9501   1950      0      0  22317      4      0      -      -      0  22065   1940 
    1    154     61      -    100      0      0      0      0      0   9501   1905      0      0  22317  22317      0      -      -      0  13970   2868 
    0    178     60      -    100      0      0      0      0      0   9501   1950      0      0  22317      4      0      -      -      0  21317   2336 
    1    153     61      -    100      0      0      0      0      0   9501   1905      0      0  22317  22317      0      -      -      0  16914   2168 
    0    176     60      -    100      0      0      0      0      0   9501   1950      0      0  22317      4      0      -      -      0  19380   2419 
    1    154     61      -    100      0      0      0      0      0   9501   1905      0      0  22317  22317      0      -      -      0  17596   1843 
    0    178     60      -    100      5      0      0      0      0   9501   1950      0      0  22317      4      0      -      -      0  19124   2450 
    1    153     61      -    100      0      0      0      0      0   9501   1905      0      0  22317  22317      0      -      -      0  25025   2250 
    0    177     60      -    100      0      0      0      0      0   9501   1950      0      0  22317      4      0      -      -      0  21322   3064 
    1    154     61      -    100      5      0      0      0      0   9501   1905      0      0  22317  22317      0      -      -      0  20079   2138 
    0    177     60      -    100      0      0      0      0      0   9501   1950      0      0  22317      4      0      -      -      0  21234   2336 
    1    153     61      -    100      0      0      0      0      0   9501   1905      0      0  22317  22317      0      -      -      0  18715   2625 
    0    177     60      -    100      7      0      0      0      0   9501   1950      0      0  22317      4      0      -      -      0  17950   1851 
    1    153     61      -    100      0      0      0      0      0   9501   1905      0      0  22317  22317      0      -      -      0  21551   2493 
    0    177     60      -    100      0      0      0      0      0   9501   1950      0      0  22317      4      0      -      -      0  20045   2447 
    1    154     61      -    100      6      0      0      0      0   9501   1905      0      0  22317  22317      0      -      -      0  19546   2066 
    0    177     60      -    100      0      0      0      0      0   9501   1950      0      0  22317      4      0      -      -      0  22065   2144 
    1    154     61      -    100      7      0      0      0      0   9501   1905      0      0  22317  22317      0      -      -      0  21478   2420 
    0    177     60      -    100      0      0      0      0      0   9501   1950      0      0  22317      4      0      -      -      0  14382   2844 
    1    154     61      -    100      0      0      0      0      0   9501   1905      0      0  22317  22317      0      -      -      0  18728   2007 
    0    177     60      -    100      7      0      0      0      0   9501   1950      0      0  22317      4      0      -      -      0  20273   1779 
    1    153     61      -    100      0      0      0      0      0   9501   1905      0      0  22317  22317      0      -      -      0  23547   2634 
    0    177     60      -    100      0      0      0      0      0   9501   1950      0      0  22317      4      0      -      -      0  19709   2335 
    1    156     61      -    100      0      0      0      0      0   9501   1905      0      0  22317  22317      0      -      -      0  19117   2297 
    0    188     61      -    100      0      0      0      0      0   9501   1950      0      0  22317      4      0      -      -      0  21082   3412 
    1    163     61      -    100      0      0      0      0      0   9501   1905      0      0  22317  22317      0      -      -      0  21063   2211 
    0    188     61      -    100      0      0      0      0      0   9501   1950      0      0  22317      4      0      -      -      0  18071   2315 
    1    161     61      -    100      1      0      0      0      0   9501   1905      0      0  22317  22317      0      -      -      0  23269   2356 
    0    177     60      -    100      0      0      0      0      0   9501   1950      0      0  22317      4      0      -      -      0  25922   3503 
    1    155     61      -    100      0      0      0      0      0   9501   1905      0      0  22317  22317      0      -      -      0  21043   2939 
    0    181     61      -    100      0      0      0      0      0   9501   1950      0      0  22317      4      0      -      -      0  18745   2086 
    1    160     61      -    100      0      0      0      0      0   9501   1905      0      0  22317  22317      0      -      -      0  16889   1999 
    0    183     60      -    100      0      0      0      0      0   9501   1950      0      0  22317      4      0      -      -      0  13590   2847 
    1    154     61      -    100      0      0      0      0      0   9501   1905      0      0  22317  22317      0      -      -      0  21099   2343 
# gpu    pwr  gtemp  mtemp     sm    mem    enc    dec    jpg    ofa   mclk   pclk  pviol  tviol     fb   bar1   ccpm  sbecc  dbecc    pci  rxpci  txpci 
# Idx      W      C      C      %      %      %      %      %      %    MHz    MHz      %   bool     MB     MB     MB   errs   errs   errs   MB/s   MB/s 
    0    178     61      -    100      8      0      0      0      0   9501   1950      0      0  22317      4      0      -      -      0  16839   2268 
    1    154     61      -    100      0      0      0      0      0   9501   1905      0      0  22317  22317      0      -      -      0  21346   2424 
    0    177     60      -    100      0      0      0      0      0   9501   1950      0      0  22317      4      0      -      -      0  16842   2161 
    1    154     61      -    100      0      0      0      0      0   9501   1905      0      0  22317  22317      0      -      -      0  20148   2386 
    0    178     61      -    100      7      0      0      0      0   9501   1950      0      0  22317      4      0      -      -      0  24903   2322 
    1    153     61      -    100      0      0      0      0      0   9501   1905      0      0  22317  22317      0      -      -      0  16794   2363 
    0    176     60      -    100      0      0      0      0      0   9501   1950      0      0  22317      4      0      -      -      0  18820   2293 
    1    154     61      -    100      7      0      0      0      0   9501   1905      0      0  22317  22317      0      -      -      0  17942   1796 
    0    177     60      -    100      0      0      0      0      0   9501   1950      0      0  22317      4      0      -      -      0  21331   2534 
    1    154     61      -    100      0      0      0      0      0   9501   1905      0      0  22317  22317      0      -      -      0  18869   2030 
    0    177     60      -    100      0      0      0      0      0   9501   1950      0      0  22317      4      0      -      -      0  23263   2647 
    1    154     61      -    100      0      0      0      0      0   9501   1905      0      0  22317  22317      0      -      -      0  23093   1760 
    0    177     60      -    100      0      0      0      0      0   9501   1950      0      0  22317      4      0      -      -      0  23505   2564 
    1    154     61      -    100      0      0      0      0      0   9501   1905      0      0  22317  22317      0      -      -      0  20199   2341 
    0    177     60      -    100      0      0      0      0      0   9501   1950      0      0  22317      4      0      -      -      0  22516   2319 
    1    154     61      -    100      0      0      0      0      0   9501   1905      0      0  22317  22317      0      -      -      0  19856   2560 
    0    178     60      -    100      0      0      0      0      0   9501   1950      0      0  22317      4      0      -      -      0  21477   2443 
    1    153     61      -    100      0      0      0      0      0   9501   1905      0      0  22317  22317      0      -      -      0  22269   2372 
    0    176     60      -    100      0      0      0      0      0   9501   1950      0      0  22317      4      0      -      -      0  16731   2025 
    1    153     61      -    100      0      0      0      0      0   9501   1905      0      0  22317  22317      0      -      -      0  13066   2667 
    0    177     60      -    100      5      0      0      0      0   9501   1950      0      0  22317      4      0      -      -      0  17003   1659 
    1    155     61      -    100      0      0      0      0      0   9501   1905      0      0  22317  22317      0      -      -      0  17882   2130 
    0    176     61      -    100      1      0      0      0      0   9501   1950      0      0  22317      4      0      -      -      0  22725   2709 
    1    154     61      -    100      5      0      0      0      0   9501   1905      0      0  22317  22317      0      -      -      0  19371   1835 
    0    178     60      -    100      0      0      0      0      0   9501   1950      0      0  22317      4      0      -      -      0  22739   2250 
    1    154     61      -    100      0      0      0      0      0   9501   1905      0      0  22317  22317      0      -      -      0  24866   2737 
    0    177     60      -    100      0      0      0      0      0   9501   1950      0      0  22317      4      0      -      -      0  16387   1593 
    1    154     61      -    100      0      0      0      0      0   9501   1905      0      0  22317  22317      0      -      -      0  23520   2257 
    0    178     60      -    100      0      0      0      0      0   9501   1950      0      0  22317      4      0      -      -      0  18302   2447 
    1    153     61      -    100      0      0      0      0      0   9501   1905      0      0  22317  22317      0      -      -      0  15553   1602 
    0    177     60      -    100      0      0      0      0      0   9501   1950      0      0  22317      4      0      -      -      0  19691   2317 
    1    154     61      -    100      5      0      0      0      0   9501   1905      0      0  22317  22317      0      -      -      0  18275   2168 
    0    178     60      -    100      5      0      0      0      0   9501   1950      0      0  22317      4      0      -      -      0  16214   1901 
    1    153     61      -    100      0      0      0      0      0   9501   1905      0      0  22317  22317      0      -      -      0  16553   1969 
    0    177     60      -    100      0      0      0      0      0   9501   1950      0      0  22317      4      0      -      -      0  21532   2620 
    1    154     61      -    100      5      0      0      0      0   9501   1905      0      0  22317  22317      0      -      -      0  18306   2167 
    0    178     60      -    100      5      0      0      0      0   9501   1950      0      0  22317      4      0      -      -      0  17550   2001 
    1    153     61      -    100      2      0      0      0      0   9501   1905      0      0  22317  22317      0      -      -      0  20740   2369 
    0    176     60      -    100      0      0      0      0      0   9501   1950      0      0  22317      4      0      -      -      0  13095   2475 
    1    154     61      -    100      0      0      0      0      0   9501   1905      0      0  22317  22317      0      -      -      0  18122   1932 
    0    177     60      -    100      5      0      0      0      0   9501   1950      0      0  22317      4      0      -      -      0  16362   2446 
    1    153     61      -    100      0      0      0      0      0   9501   1905      0      0  22317  22317      0      -      -      0  18376   2047 
    0    176     60      -    100      0      0      0      0      0   9501   1950      0      0  22317      4      0      -      -      0  12160   2554 
    1    154     61      -    100      0      0      0      0      0   9501   1905      0      0  22317  22317      0      -      -      0  16355   1927 
# gpu    pwr  gtemp  mtemp     sm    mem    enc    dec    jpg    ofa   mclk   pclk  pviol  tviol     fb   bar1   ccpm  sbecc  dbecc    pci  rxpci  txpci 
# Idx      W      C      C      %      %      %      %      %      %    MHz    MHz      %   bool     MB     MB     MB   errs   errs   errs   MB/s   MB/s 
    0    178     60      -    100      5      0      0      0      0   9501   1950      0      0  22317      4      0      -      -      0  12641   2867 
    1    154     61      -    100      5      0      0      0      0   9501   1905      0      0  22317  22317      0      -      -      0  18852   2080 
    0    178     60      -    100      5      0      0      0      0   9501   1950      0      0  22317      4      0      -      -      0  21583   1824 
    1    153     61      -    100      0      0      0      0      0   9501   1905      0      0  22317  22317      0      -      -      0  14670   2811 
    0    177     60      -    100      0      0      0      0      0   9501   1950      0      0  22317      4      0      -      -      0  17777   2084 
    1    154     61      -    100      0      0      0      0      0   9501   1905      0      0  22317  22317      0      -      -      0  20116   2532 
    0    178     60      -    100      8      0      0      0      0   9501   1950      0      0  22317      4      0      -      -      0  15547   2752 
    1    153     61      -    100      0      0      0      0      0   9501   1905      0      0  22317  22317      0      -      -      0  18287   1970 
    0    177     60      -    100      0      0      0      0      0   9501   1950      0      0  22317      4      0      -      -      0  21350   2031 
    1    154     61      -    100      5      0      0      0      0   9501   1905      0      0  22317  22317      0      -      -      0  19754   2675 
    0    178     61      -    100      0      0      0      0      0   9501   1950      0      0  22317      4      0      -      -      0  20736   2598 
    1    153     61      -    100      0      0      0      0      0   9501   1905      0      0  22317  22317      0      -      -      0  17663   2500 
    0    177     60      -    100      0      0      0      0      0   9501   1950      0      0  22317      4      0      -      -      0  18503   1648 
    1    153     61      -    100      5      0      0      0      0   9501   1905      0      0  22317  22317      0      -      -      0  23508   2147 
    0    177     60      -    100      8      0      0      0      0   9501   1950      0      0  22317      4      0      -      -      0  16903   2199 
    1    153     61      -    100      0      0      0      0      0   9501   1905      0      0  22317  22317      0      -      -      0  22779   2084 
    0    177     60      -    100      0      0      0      0      0   9501   1950      0      0  22317      4      0      -      -      0  21411   2641 
    1    154     61      -    100      0      0      0      0      0   9501   1905      0      0  22317  22317      0      -      -      0  17883   1882 
    0    176     61      -    100      0      0      0      0      0   9501   1950      0      0  22317      4      0      -      -      0  18365   2340 
    1    153     61      -    100      0      0      0      0      0   9501   1905      0      0  22317  22317      0      -      -      0  21407   2656 
    0    178     60      -    100      8      0      0      0      0   9501   1950      0      0  22317      4      0      -      -      0  14121   2902 
    1    153     61      -    100      0      0      0      0      0   9501   1905      0      0  22317  22317      0      -      -      0  18262   2056 
    0    176     60      -    100      0      0      0      0      0   9501   1950      0      0  22317      4      0      -      -      0  22453   1849 
    1    154     61      -    100      0      0      0      0      0   9501   1905      0      0  22317  22317      0      -      -      0  14488   2725 
    0    177     60      -    100      0      0      0      0      0   9501   1950      0      0  22317      4      0      -      -      0  18104   1833 
    1    153     61      -    100      0      0      0      0      0   9501   1905      0      0  22317  22317      0      -      -      0  20054   2076 
    0    177     60      -    100      0      0      0      0      0   9501   1950      0      0  22317      4      0      -      -      0  16654   1867 
    1    153     61      -    100      0      0      0      0      0   9501   1905      0      0  22317  22317      0      -      -      0  17352   2266 
    0    178     60      -    100      0      0      0      0      0   9501   1950      0      0  22317      4      0      -      -      0  18385   1781 
    1    154     61      -    100      0      0      0      0      0   9501   1905      0      0  22317  22317      0      -      -      0  17164   2283 
    0    177     60      -    100      0      0      0      0      0   9501   1950      0      0  22317      4      0      -      -      0  22987   2177 
    1    154     61      -    100      0      0      0      0      0   9501   1905      0      0  22317  22317      0      -      -      0  15688   1935 
    0    176     60      -    100      0      0      0      0      0   9501   1950      0      0  22317      4      0      -      -      0  16821   2249 
    1    154     61      -    100      5      0      0      0      0   9501   1905      0      0  22317  22317      0      -      -      0  16889   2086 
    0    177     60      -    100      0      0      0      0      0   9501   1950      0      0  22317      4      0      -      -      0  17128   2084 
    1    153     61      -    100      0      0      0      0      0   9501   1905      0      0  22317  22317      0      -      -      0  21091   2087 
    0    176     60      -    100      0      0      0      0      0   9501   1950      0      0  22317      4      0      -      -      0  22475   2340 
    1    154     61      -    100      1      0      0      0      0   9501   1905      0      0  22317  22317      0      -      -      0  23165   2598 
    0    178     61      -    100      8      0      0      0      0   9501   1950      0      0  22317      4      0      -      -      0  22776   2061 
    1    153     61      -    100      0      0      0      0      0   9501   1905      0      0  22317  22317      0      -      -      0  13979   2724 
    0    178     60      -    100      0      0      0      0      0   9501   1950      0      0  22317      4      0      -      -      0  22912   2420 
    1    155     61      -    100      8      0      0      0      0   9501   1905      0      0  22317  22317      0      -      -      0  19617   2340 
    0    180     60      -    100      0      0      0      0      0   9501   1950      0      0  22317      4      0      -      -      0  23881   2858 
    1    156     61      -    100      0      0      0      0      0   9501   1905      0      0  22317  22317      0      -      -      0  27397   2897 
# gpu    pwr  gtemp  mtemp     sm    mem    enc    dec    jpg    ofa   mclk   pclk  pviol  tviol     fb   bar1   ccpm  sbecc  dbecc    pci  rxpci  txpci 
# Idx      W      C      C      %      %      %      %      %      %    MHz    MHz      %   bool     MB     MB     MB   errs   errs   errs   MB/s   MB/s 
    0    184     61      -    100      0      0      0      0      0   9501   1950      0      0  22317      4      0      -      -      0  14238   2009 
    1    159     61      -    100      0      0      0      0      0   9501   1905      0      0  22317  22317      0      -      -      0  18951   2967 
    0    177     60      -    100      0      0      0      0      0   9501   1950      0      0  22317      4      0      -      -      0  20768   2318 
    1    153     61      -    100      0      0      0      0      0   9501   1905      0      0  22317  22317      0      -      -      0  18621   2361 
    0    178     60      -    100      0      0      0      0      0   9501   1950      0      0  22317      4      0      -      -      0  20786   2032 
    1    154     61      -    100      0      0      0      0      0   9501   1905      0      0  22317  22317      0      -      -      0  15110   1963 
    0    176     61      -    100      0      0      0      0      0   9501   1950      0      0  22317      4      0      -      -      0  20732   2458 
    1    153     61      -    100      0      0      0      0      0   9501   1905      0      0  22317  22317      0      -      -      0  20005   1797 
    0    178     60      -    100      0      0      0      0      0   9501   1950      0      0  22317      4      0      -      -      0  17086   2170 
    1    154     61      -    100      0      0      0      0      0   9501   1905      0      0  22317  22317      0      -      -      0  18092   2028 
    0    178     60      -    100      6      0      0      0      0   9501   1950      0      0  22317      4      0      -      -      0  16595   2134 
    1    154     61      -    100      0      0      0      0      0   9501   1905      0      0  22317  22317      0      -      -      0  18879   1770 
    0    178     60      -    100      0      0      0      0      0   9501   1950      0      0  22317      4      0      -      -      0  16823   1862 
    1    153     61      -    100      0      0      0      0      0   9501   1905      0      0  22317  22317      0      -      -      0  23769   1978 
    0    177     60      -    100      0      0      0      0      0   9501   1950      0      0  22317      4      0      -      -      0  22923   2244 
    1    154     61      -    100      0      0      0      0      0   9501   1905      0      0  22317  22317      0      -      -      0  20015   2311 
    0    178     60      -    100      5      0      0      0      0   9501   1950      0      0  22317      4      0      -      -      0  17128   2617 
    1    153     61      -    100      5      0      0      0      0   9501   1905      0      0  22317  22317      0      -      -      0  16200   1680 
    0    178     60      -    100      0      0      0      0      0   9501   1950      0      0  22317      4      0      -      -      0  14752   2737 
    1    154     61      -    100      0      0      0      0      0   9501   1905      0      0  22317  22317      0      -      -      0  19764   2144 
    0    178     60      -    100      5      0      0      0      0   9501   1950      0      0  22317      4      0      -      -      0  21477   2483 
    1    153     61      -    100      0      0      0      0      0   9501   1905      0      0  22317  22317      0      -      -      0  21826   2467 
    0    178     60      -    100      0      0      0      0      0   9501   1950      0      0  22317      4      0      -      -      0  20335   1886 
    1    154     61      -    100      0      0      0      0      0   9501   1905      0      0  22317  22317      0      -      -      0  18620   2360 
    0    177     60      -    100      0      0      0      0      0   9501   1950      0      0  22317      4      0      -      -      0  20277   2399 
    1    154     61      -    100      0      0      0      0      0   9501   1905      0      0  22317  22317      0      -      -      0  13112   2387 
    0    178     60      -    100      5      0      0      0      0   9501   1950      0      0  22317      4      0      -      -      0  18139   2317 
    1    153     61      -    100      0      0      0      0      0   9501   1905      0      0  22317  22317      0      -      -      0  14044   1776 
    0    178     60      -    100      0      0      0      0      0   9501   1950      0      0  22317      4      0      -      -      0  21324   2420 
    1    154     61      -    100      0      0      0      0      0   9501   1905      0      0  22317  22317      0      -      -      0  19763   1777 
    0    178     60      -    100      0      0      0      0      0   9501   1950      0      0  22317      4      0      -      -      0  21479   2314 
    1    153     61      -    100      0      0      0      0      0   9501   1905      0      0  22317  22317      0      -      -      0  18602   2076 
    0    177     60      -    100      0      0      0      0      0   9501   1950      0      0  22317      4      0      -      -      0  22703   2337 
    1    154     61      -    100      0      0      0      0      0   9501   1905      0      0  22317  22317      0      -      -      0  17308   2365 
    0    177     60      -    100      5      0      0      0      0   9501   1950      0      0  22317      4      0      -      -      0  16122   1994 
    1    154     61      -    100      0      0      0      0      0   9501   1905      0      0  22317  22317      0      -      -      0  20812   1986 
    0    177     60      -    100      5      0      0      0      0   9501   1950      0      0  22317      4      0      -      -      0  18818   1854 
    1    154     61      -    100      0      0      0      0      0   9501   1905      0      0  22317  22317      0      -      -      0  17945   1972 
    0    177     60      -    100      0      0      0      0      0   9501   1950      0      0  22317      4      0      -      -      0  14275   2328 
    1    154     61      -    100      5      0      0      0      0   9501   1905      0      0  22317  22317      0      -      -      0  15450   1848 
    0    177     60      -    100      0      0      0      0      0   9501   1950      0      0  22317      4      0      -      -      0  18712   2145 
    1    154     61      -    100      5      0      0      0      0   9501   1905      0      0  22317  22317      0      -      -      0  21208   1984 
    0    177     60      -    100      0      0      0      0      0   9501   1950      0      0  22317      4      0      -      -      0  19785   2446 
    1    153     61      -    100      0      0      0      0      0   9501   1905      0      0  22317  22317      0      -      -      0  18376   1751 
# gpu    pwr  gtemp  mtemp     sm    mem    enc    dec    jpg    ofa   mclk   pclk  pviol  tviol     fb   bar1   ccpm  sbecc  dbecc    pci  rxpci  txpci 
# Idx      W      C      C      %      %      %      %      %      %    MHz    MHz      %   bool     MB     MB     MB   errs   errs   errs   MB/s   MB/s 
    0    178     60      -    100      0      0      0      0      0   9501   1950      0      0  22317      4      0      -      -      0  18555   2563 
    1    154     61      -    100      0      0      0      0      0   9501   1905      0      0  22317  22317      0      -      -      0  22512   2340 
    0    178     61      -    100      0      0      0      0      0   9501   1950      0      0  22317      4      0      -      -      0  23654   2254 
    1    153     61      -    100      0      0      0      0      0   9501   1905      0      0  22317  22317      0      -      -      0  21214   2255 
    0    177     60      -    100      0      0      0      0      0   9501   1950      0      0  22317      4      0      -      -      0  20511   2228 
    1    154     61      -    100      5      0      0      0      0   9501   1905      0      0  22317  22317      0      -      -      0  13584   2582 
    0    176     61      -    100      5      0      0      0      0   9501   1950      0      0  22317      4      0      -      -      0  21504   2064 
    1    154     61      -    100      0      0      0      0      0   9501   1905      0      0  22317  22317      0      -      -      0  18320   2604 
    0    177     60      -    100      0      0      0      0      0   9501   1950      0      0  22317      4      0      -      -      0  20487   1825 
    1    154     61      -    100      0      0      0      0      0   9501   1905      0      0  22317  22317      0      -      -      0  17758   2386 
    0    177     60      -    100      0      0      0      0      0   9501   1950      0      0  22317      4      0      -      -      0  21936   2177 
    1    153     61      -    100      0      0      0      0      0   9501   1905      0      0  22317  22317      0      -      -      0  14721   1817 
    0    177     60      -    100      0      0      0      0      0   9501   1950      0      0  22317      4      0      -      -      0  17615   2000 
    1    154     61      -    100      5      0      0      0      0   9501   1905      0      0  22317  22317      0      -      -      0  23858   2221 
    0    177     60      -    100      0      0      0      0      0   9501   1950      0      0  22317      4      0      -      -      0  22038   2630 
    1    153     61      -    100      0      0      0      0      0   9501   1905      0      0  22317  22317      0      -      -      0  18901   2390 
    0    177     60      -    100      0      0      0      0      0   9501   1950      0      0  22317      4      0      -      -      0  15732   1730 
    1    154     61      -    100      7      0      0      0      0   9501   1905      0      0  22317  22317      0      -      -      0  21082   1949 
    0    177     61      -    100      4      0      0      0      0   9501   1950      0      0  22317      4      0      -      -      0  13538   1739 
    1    153     61      -    100      0      0      0      0      0   9501   1905      0      0  22317  22317      0      -      -      0  21362   1942 
    0    178     60      -    100      0      0      0      0      0   9501   1950      0      0  22317      4      0      -      -      0  17593   2375 
    1    153     61      -    100      0      0      0      0      0   9501   1905      0      0  22317  22317      0      -      -      0  18970   2795 
    0    178     60      -    100      7      0      0      0      0   9501   1950      0      0  22317      4      0      -      -      0  20535   1738 
    1    153     61      -    100      0      0      0      0      0   9501   1905      0      0  22317  22317      0      -      -      0  20066   2401 
    0    177     60      -    100      0      0      0      0      0   9501   1950      0      0  22317      4      0      -      -      0  20077   2083 
    1    154     61      -    100      0      0      0      0      0   9501   1905      0      0  22317  22317      0      -      -      0  17136   2169 
    0    177     60      -    100      0      0      0      0      0   9501   1950      0      0  22317      4      0      -      -      0  18804   2516 
    1    154     61      -    100      0      0      0      0      0   9501   1905      0      0  22317  22317      0      -      -      0  15385   1663 
    0    177     60      -    100      7      0      0      0      0   9501   1950      0      0  22317      4      0      -      -      0  22052   2320 
    1    154     61      -    100      0      0      0      0      0   9501   1905      0      0  22317  22317      0      -      -      0  15372   1993 
    0    177     60      -    100      0      0      0      0      0   9501   1950      0      0  22317      4      0      -      -      0  17148   2560 
    1    154     61      -    100      0      0      0      0      0   9501   1905      0      0  22317  22317      0      -      -      0  22844   2313 
    0    176     60      -    100      0      0      0      0      0   9501   1950      0      0  22317      4      0      -      -      0  13887   2883 
    1    153     61      -    100      0      0      0      0      0   9501   1905      0      0  22317  22317      0      -      -      0  21102   2373 
    0    177     60      -    100      7      0      0      0      0   9501   1950      0      0  22317      4      0      -      -      0  18120   1728 
    1    154     61      -    100      7      0      0      0      0   9501   1905      0      0  22317  22317      0      -      -      0  21579   2224 
    0    177     60      -    100      0      0      0      0      0   9501   1950      0      0  22317      4      0      -      -      0  16365   2368 
    1    154     61      -    100      0      0      0      0      0   9501   1905      0      0  22317  22317      0      -      -      0  21743   2082 
    0    177     60      -    100      0      0      0      0      0   9501   1950      0      0  22317      4      0      -      -      0  18325   2363 
    1    154     61      -    100      0      0      0      0      0   9501   1905      0      0  22317  22317      0      -      -      0  13846   2683 
    0    178     60      -    100      0      0      0      0      0   9501   1950      0      0  22317      4      0      -      -      0  15238   2137 
    1    153     61      -    100      0      0      0      0      0   9501   1905      0      0  22317  22317      0      -      -      0  19963   2377 
    0    177     60      -    100      0      0      0      0      0   9501   1950      0      0  22317      4      0      -      -      0  15335   2340 
    1    154     61      -    100      7      0      0      0      0   9501   1905      0      0  22317  22317      0      -      -      0  14169   1769 
# gpu    pwr  gtemp  mtemp     sm    mem    enc    dec    jpg    ofa   mclk   pclk  pviol  tviol     fb   bar1   ccpm  sbecc  dbecc    pci  rxpci  txpci 
# Idx      W      C      C      %      %      %      %      %      %    MHz    MHz      %   bool     MB     MB     MB   errs   errs   errs   MB/s   MB/s 
    0    177     60      -    100      0      0      0      0      0   9501   1950      0      0  22317      4      0      -      -      0  16880   2110 
    1    154     61      -    100      0      0      0      0      0   9501   1905      0      0  22317  22317      0      -      -      0  16916   2341 
    0    178     60      -    100      0      0      0      0      0   9501   1950      0      0  22317      4      0      -      -      0  16775   1948 
    1    153     61      -    100      0      0      0      0      0   9501   1905      0      0  22317  22317      0      -      -      0  16187   2249 
    0    177     60      -    100      0      0      0      0      0   9501   1950      0      0  22317      4      0      -      -      0  20605   2019 
    1    154     61      -    100      0      0      0      0      0   9501   1905      0      0  22317  22317      0      -      -      0  14867   1984 
    0    177     60      -    100      0      0      0      0      0   9501   1950      0      0  22317      4      0      -      -      0  16915   1823 
    1    154     61      -    100      0      0      0      0      0   9501   1905      0      0  22317  22317      0      -      -      0  17353   2176 
    0    177     60      -    100      0      0      0      0      0   9501   1950      0      0  22317      4      0      -      -      0  17141   1935 
    1    153     61      -    100      0      0      0      0      0   9501   1905      0      0  22317  22317      0      -      -      0  15978   2226 
    0    177     60      -    100      8      0      0      0      0   9501   1950      0      0  22317      4      0      -      -      0   9221   2044 
    1    153     61      -    100      0      0      0      0      0   9501   1905      0      0  22317  22317      0      -      -      0  22569   1770 
    0    177     60      -    100      0      0      0      0      0   9501   1950      0      0  22317      4      0      -      -      0  20742   2490 
    1    153     61      -    100      0      0      0      0      0   9501   1905      0      0  22317  22317      0      -      -      0  15944   1983 
    0    177     60      -    100      0      0      0      0      0   9501   1950      0      0  22317      4      0      -      -      0  16586   2069 
    1    153     61      -    100      0      0      0      0      0   9501   1905      0      0  22317  22317      0      -      -      0  16669   1791 
    0    177     60      -    100      2      0      0      0      0   9501   1950      0      0  22317      4      0      -      -      0  15638   1683 
    1    153     61      -    100      0      0      0      0      0   9501   1905      0      0  22317  22317      0      -      -      0  17835   2060 
    0    177     60      -    100      6      0      0      0      0   9501   1950      0      0  22317      4      0      -      -      0  18897   2006 
    1    154     61      -    100      7      0      0      0      0   9501   1905      0      0  22317  22317      0      -      -      0  21718   1823 
    0    178     60      -    100      7      0      0      0      0   9501   1950      0      0  22317      4      0      -      -      0  19848   2275 
    1    153     61      -    100      0      0      0      0      0   9501   1905      0      0  22317  22317      0      -      -      0  18059   2484 
    0    178     60      -    100      0      0      0      0      0   9501   1950      0      0  22317      4      0      -      -      0  17660   2284 
    1    154     61      -    100      5      0      0      0      0   9501   1905      0      0  22317  22317      0      -      -      0  21820   2403 
    0    177     60      -    100      0      0      0      0      0   9501   1950      0      0  22317      4      0      -      -      0  18817   2002 
    1    153     61      -    100      2      0      0      0      0   9501   1905      0      0  22317  22317      0      -      -      0  18160   2198 
    0    177     60      -    100      0      0      0      0      0   9501   1950      0      0  22317      4      0      -      -      0  20044   2000 
    1    154     61      -    100      0      0      0      0      0   9501   1905      0      0  22317  22317      0      -      -      0  20020   2003 
    0    178     60      -    100      0      0      0      0      0   9501   1950      0      0  22317      4      0      -      -      0  16214   2135 
    1    154     61      -    100      5      0      0      0      0   9501   1905      0      0  22317  22317      0      -      -      0  22212   2206 
    0    176     60      -    100      0      0      0      0      0   9501   1950      0      0  22317      4      0      -      -      0  22526   2467 
    1    153     61      -    100      0      0      0      0      0   9501   1905      0      0  22317  22317      0      -      -      0  21775   2511 
    0    177     60      -    100      0      0      0      0      0   9501   1950      0      0  22317      4      0      -      -      0  22055   2288 
    1    154     61      -    100      5      0      0      0      0   9501   1905      0      0  22317  22317      0      -      -      0  15716   2021 
    0    178     60      -    100      6      0      0      0      0   9501   1950      0      0  22317      4      0      -      -      0  16906   2051 
    1    154     61      -    100      0      0      0      0      0   9501   1905      0      0  22317  22317      0      -      -      0  15097   2101 
    0    177     60      -    100      6      0      0      0      0   9501   1950      0      0  22317      4      0      -      -      0  16926   1914 
    1    154     61      -    100      0      0      0      0      0   9501   1905      0      0  22317  22317      0      -      -      0  16849   1477 
    0    178     60      -    100      4      0      0      0      0   9501   1950      0      0  22317      4      0      -      -      0  16766   1501 
    1    154     61      -    100      5      0      0      0      0   9501   1905      0      0  22317  22317      0      -      -      0  24518   2461 
    0    177     60      -    100      0      0      0      0      0   9501   1950      0      0  22317      4      0      -      -      0  12916   1684 
    1    154     61      -    100      0      0      0      0      0   9501   1905      0      0  22317  22317      0      -      -      0  20579   2191 
    0    178     60      -    100      0      0      0      0      0   9501   1950      0      0  22317      4      0      -      -      0  22290   2650 
    1    154     61      -    100      0      0      0      0      0   9501   1905      0      0  22317  22317      0      -      -      0  16937   2338 
# gpu    pwr  gtemp  mtemp     sm    mem    enc    dec    jpg    ofa   mclk   pclk  pviol  tviol     fb   bar1   ccpm  sbecc  dbecc    pci  rxpci  txpci 
# Idx      W      C      C      %      %      %      %      %      %    MHz    MHz      %   bool     MB     MB     MB   errs   errs   errs   MB/s   MB/s 
    0    177     60      -    100      0      0      0      0      0   9501   1950      0      0  22317      4      0      -      -      0  17594   1623 
    1    154     61      -    100      5      0      0      0      0   9501   1905      0      0  22317  22317      0      -      -      0  16674   2081 
    0    178     60      -    100      3      0      0      0      0   9501   1950      0      0  22317      4      0      -      -      0  15613   1717 
    1    153     61      -    100      0      0      0      0      0   9501   1905      0      0  22317  22317      0      -      -      0  21774   2380 
    0    178     60      -    100      0      0      0      0      0   9501   1950      0      0  22317      4      0      -      -      0  18346   2456 
    1    154     61      -    100      0      0      0      0      0   9501   1905      0      0  22317  22317      0      -      -      0  23165   2081 
    0    177     60      -    100      0      0      0      0      0   9501   1950      0      0  22317      4      0      -      -      0  22819   3160 
    1    154     61      -    100      0      0      0      0      0   9501   1905      0      0  22317  22317      0      -      -      0  14716   1856 
    0    178     60      -    100      0      0      0      0      0   9501   1950      0      0  22317      4      0      -      -      0  16385   2154 
    1    154     61      -    100      0      0      0      0      0   9501   1905      0      0  22317  22317      0      -      -      0  16010   1915 
    0    178     60      -    100      6      0      0      0      0   9501   1950      0      0  22317      4      0      -      -      0  21742   2342 
    1    154     61      -    100      0      0      0      0      0   9501   1905      0      0  22317  22317      0      -      -      0  20082   2340 
    0    177     60      -    100      0      0      0      0      0   9501   1950      0      0  22317      4      0      -      -      0  19789   2363 
    1    153     61      -    100      0      0      0      0      0   9501   1905      0      0  22317  22317      0      -      -      0  16428   2025 
    0    178     60      -    100      0      0      0      0      0   9501   1950      0      0  22317      4      0      -      -      0  18077   2423 
    1    154     61      -    100      0      0      0      0      0   9501   1905      0      0  22317  22317      0      -      -      0  17386   2053 
    0    177     60      -    100      0      0      0      0      0   9501   1950      0      0  22317      4      0      -      -      0  20703   2139 
    1    153     61      -    100      0      0      0      0      0   9501   1905      0      0  22317  22317      0      -      -      0  19536   2000 
    0    178     60      -    100      0      0      0      0      0   9501   1950      0      0  22317      4      0      -      -      0  16196   2021 
    1    154     61      -    100      0      0      0      0      0   9501   1905      0      0  22317  22317      0      -      -      0  18811   1926 
    0    177     60      -    100      4      0      0      0      0   9501   1950      0      0  22317      4      0      -      -      0  19609   1971 
    1    153     61      -    100      6      0      0      0      0   9501   1905      0      0  22317  22317      0      -      -      0  16224   2021 
    0    177     60      -    100      0      0      0      0      0   9501   1950      0      0  22317      4      0      -      -      0   9335   1829 
    1    153     61      -    100      7      0      0      0      0   9501   1905      0      0  22317  22317      0      -      -      0  20823   2021 
    0    178     60      -    100      0      0      0      0      0   9501   1950      0      0  22317      4      0      -      -      0  12354   2133 
    1    155     61      -    100      0      0      0      0      0   9501   1905      0      0  22317  22317      0      -      -      0  17076   1910 
    0    177     61      -    100      0      0      0      0      0   9501   1950      0      0  22317      4      0      -      -      0  14011   2362 
    1    153     61      -    100      0      0      0      0      0   9501   1905      0      0  22317  22317      0      -      -      0  18250   2133 
    0    177     60      -    100      0      0      0      0      0   9501   1950      0      0  22317      4      0      -      -      0  18865   2765 
    1    154     61      -    100      0      0      0      0      0   9501   1905      0      0  22317  22317      0      -      -      0  18283   2314 
    0    177     60      -    100      3      0      0      0      0   9501   1950      0      0  22317      4      0      -      -      0  22065   2027 
    1    154     61      -    100      7      0      0      0      0   9501   1905      0      0  22317  22317      0      -      -      0  13260   2924 
    0    177     60      -    100      0      0      0      0      0   9501   1950      0      0  22317      4      0      -      -      0  19045   1946 
    1    154     61      -    100      0      0      0      0      0   9501   1905      0      0  22317  22317      0      -      -      0  20998   2340 
    0    177     60      -    100      8      0      0      0      0   9501   1950      0      0  22317      4      0      -      -      0  22212   2151 
    1    154     61      -    100      0      0      0      0      0   9501   1905      0      0  22317  22317      0      -      -      0  16912   2197 
    0    177     60      -    100      0      0      0      0      0   9501   1950      0      0  22317      4      0      -      -      0  14832   2334 
    1    154     61      -    100      0      0      0      0      0   9501   1905      0      0  22317  22317      0      -      -      0  22915   2513 
    0    178     60      -    100      9      0      0      0      0   9501   1950      0      0  22317      4      0      -      -      0  16527   1430 
    1    153     61      -    100      0      0      0      0      0   9501   1905      0      0  22317  22317      0      -      -      0  22775   2318 
    0    177     60      -    100      0      0      0      0      0   9501   1950      0      0  22317      4      0      -      -      0  17626   2160 
    1    154     61      -    100      0      0      0      0      0   9501   1905      0      0  22317  22317      0      -      -      0  16100   1698 
    0    178     60      -    100      0      0      0      0      0   9501   1950      0      0  22317      4      0      -      -      0  18079   2112 
    1    153     61      -    100      0      0      0      0      0   9501   1905      0      0  22317  22317      0      -      -      0  18825   2224 
# gpu    pwr  gtemp  mtemp     sm    mem    enc    dec    jpg    ofa   mclk   pclk  pviol  tviol     fb   bar1   ccpm  sbecc  dbecc    pci  rxpci  txpci 
# Idx      W      C      C      %      %      %      %      %      %    MHz    MHz      %   bool     MB     MB     MB   errs   errs   errs   MB/s   MB/s 
    0    176     60      -    100      0      0      0      0      0   9501   1950      0      0  22317      4      0      -      -      0  20075   2619 
    1    154     60      -    100      7      0      0      0      0   9501   1905      0      0  22317  22317      0      -      -      0  18110   1916 
    0    177     60      -    100      0      0      0      0      0   9501   1950      0      0  22317      4      0      -      -      0  16124   2192 
    1    153     61      -    100      0      0      0      0      0   9501   1905      0      0  22317  22317      0      -      -      0  23165   2177 
    0    176     60      -    100      0      0      0      0      0   9501   1950      0      0  22317      4      0      -      -      0  18074   2086 
    1    154     61      -    100      0      0      0      0      0   9501   1905      0      0  22317  22317      0      -      -      0  21929   2433 
    0    177     60      -    100      0      0      0      0      0   9501   1950      0      0  22317      4      0      -      -      0  13624   2940 
    1    153     61      -    100      0      0      0      0      0   9501   1905      0      0  22317  22317      0      -      -      0  20333   2141 
    0    178     60      -    100      0      0      0      0      0   9501   1950      0      0  22317      4      0      -      -      0  12409   2554 
    1    154     61      -    100      2      0      0      0      0   9501   1905      0      0  22317  22317      0      -      -      0  17908   1969 
    0    178     61      -    100      0      0      0      0      0   9501   1950      0      0  22317      4      0      -      -      0  18831   2266 
    1    153     61      -    100      0      0      0      0      0   9501   1905      0      0  22317  22317      0      -      -      0  12076   2753 
    0    178     60      -    100      0      0      0      0      0   9501   1950      0      0  22317      4      0      -      -      0  19625   1798 
    1    154     61      -    100      7      0      0      0      0   9501   1905      0      0  22317  22317      0      -      -      0  20049   2461 
    0    178     60      -    100      7      0      0      0      0   9501   1950      0      0  22317      4      0      -      -      0  21718   2163 
    1    154     61      -    100      0      0      0      0      0   9501   1905      0      0  22317  22317      0      -      -      0  16332   2049 
    0    177     60      -    100      0      0      0      0      0   9501   1950      0      0  22317      4      0      -      -      0  22248   2628 
    1    154     61      -    100      2      0      0      0      0   9501   1905      0      0  22317  22317      0      -      -      0  16815   1861 
    0    178     60      -    100      7      0      0      0      0   9501   1950      0      0  22317      4      0      -      -      0  14579   2221 
    1    154     61      -    100      0      0      0      0      0   9501   1905      0      0  22317  22317      0      -      -      0  19282   2084 
    0    177     60      -    100      0      0      0      0      0   9501   1950      0      0  22317      4      0      -      -      0  14226   1775 
    1    153     61      -    100      0      0      0      0      0   9501   1905      0      0  22317  22317      0      -      -      0  18120   1942 
    0    178     60      -    100      0      0      0      0      0   9501   1950      0      0  22317      4      0      -      -      0  23842   1757 
    1    153     61      -    100      1      0      0      0      0   9501   1905      0      0  22317  22317      0      -      -      0  13745   2704 
    0    176     60      -    100      0      0      0      0      0   9501   1950      0      0  22317      4      0      -      -      0  16366   1846 
    1    154     61      -    100      0      0      0      0      0   9501   1905      0      0  22317  22317      0      -      -      0  20869   1897 
    0    178     61      -    100      5      0      0      0      0   9501   1950      0      0  22317      4      0      -      -      0  15630   1898 
    1    154     61      -    100      0      0      0      0      0   9501   1905      0      0  22317  22317      0      -      -      0  15216   1644 
    0    177     60      -    100      5      0      0      0      0   9501   1950      0      0  22317      4      0      -      -      0  15667   2109 
    1    154     61      -    100      0      0      0      0      0   9501   1905      0      0  22317  22317      0      -      -      0  14551   1688 
    0    177     60      -    100      0      0      0      0      0   9501   1950      0      0  22317      4      0      -      -      0  20112   1795 
    1    153     61      -    100      0      0      0      0      0   9501   1905      0      0  22317  22317      0      -      -      0  14230   2476 
    0    178     60      -    100      0      0      0      0      0   9501   1950      0      0  22317      4      0      -      -      0  18568   2255 
    1    154     61      -    100      0      0      0      0      0   9501   1905      0      0  22317  22317      0      -      -      0  19370   2528 
    0    178     60      -    100      4      0      0      0      0   9501   1950      0      0  22317      4      0      -      -      0  17283   2312 
    1    153     61      -    100      0      0      0      0      0   9501   1905      0      0  22317  22317      0      -      -      0  18618   2510 
    0    177     60      -    100      0      0      0      0      0   9501   1950      0      0  22317      4      0      -      -      0  15460   1902 
    1    154     61      -    100      0      0      0      0      0   9501   1905      0      0  22317  22317      0      -      -      0  20577   1804 
    0    178     60      -    100      5      0      0      0      0   9501   1950      0      0  22317      4      0      -      -      0  22568   2995 
    1    153     61      -    100      0      0      0      0      0   9501   1905      0      0  22317  22317      0      -      -      0  20264   1821 
    0    177     60      -    100      0      0      0      0      0   9501   1950      0      0  22317      4      0      -      -      0  22513   2125 
    1    154     61      -    100      5      0      0      0      0   9501   1905      0      0  22317  22317      0      -      -      0  20339   2587 
    0    177     60      -    100      0      0      0      0      0   9501   1950      0      0  22317      4      0      -      -      0   9353   2912 
    1    154     61      -    100      7      0      0      0      0   9501   1905      0      0  22317  22317      0      -      -      0  21108   1874 
# gpu    pwr  gtemp  mtemp     sm    mem    enc    dec    jpg    ofa   mclk   pclk  pviol  tviol     fb   bar1   ccpm  sbecc  dbecc    pci  rxpci  txpci 
# Idx      W      C      C      %      %      %      %      %      %    MHz    MHz      %   bool     MB     MB     MB   errs   errs   errs   MB/s   MB/s 
    0    178     60      -    100      0      0      0      0      0   9501   1950      0      0  22317      4      0      -      -      0  20242   2405 
    1    154     61      -    100      0      0      0      0      0   9501   1905      0      0  22317  22317      0      -      -      0  12751   2702 
    0    178     61      -    100      0      0      0      0      0   9501   1950      0      0  22317      4      0      -      -      0  17395   2171 
    1    153     61      -    100      0      0      0      0      0   9501   1905      0      0  22317  22317      0      -      -      0  16168   2025 
    0    177     60      -    100      0      0      0      0      0   9501   1950      0      0  22317      4      0      -      -      0  18392   1651 
    1    153     61      -    100      0      0      0      0      0   9501   1905      0      0  22317  22317      0      -      -      0  12787   2725 
    0    177     60      -    100      4      0      0      0      0   9501   1950      0      0  22317      4      0      -      -      0  19067   2090 
    1    154     61      -    100      1      0      0      0      0   9501   1905      0      0  22317  22317      0      -      -      0  13811   2810 
    0    178     60      -    100      5      0      0      0      0   9501   1950      0      0  22317      4      0      -      -      0  14777   2154 
    1    154     61      -    100      0      0      0      0      0   9501   1905      0      0  22317  22317      0      -      -      0  20277   2438 
    0    178     60      -    100      0      0      0      0      0   9501   1950      0      0  22317      4      0      -      -      0  16399   1965 
    1    154     61      -    100      0      0      0      0      0   9501   1905      0      0  22317  22317      0      -      -      0  20447   1934 
    0    177     60      -    100      5      0      0      0      0   9501   1950      0      0  22317      4      0      -      -      0  14348   2319 
    1    154     61      -    100      5      0      0      0      0   9501   1905      0      0  22317  22317      0      -      -      0  15841   2326 
    0    177     60      -    100      0      0      0      0      0   9501   1950      0      0  22317      4      0      -      -      0  19613   2562 
    1    154     61      -    100      0      0      0      0      0   9501   1905      0      0  22317  22317      0      -      -      0  19959   2376 
    0    178     60      -    100      8      0      0      0      0   9501   1950      0      0  22317      4      0      -      -      0  21274   2171 
    1    153     61      -    100      0      0      0      0      0   9501   1905      0      0  22317  22317      0      -      -      0  18403   2224 
    0    176     60      -    100      0      0      0      0      0   9501   1950      0      0  22317      4      0      -      -      0  19481   1662 
    1    154     61      -    100      0      0      0      0      0   9501   1905      0      0  22317  22317      0      -      -      0  23756   2424 
    0    178     60      -    100      9      0      0      0      0   9501   1950      0      0  22317      4      0      -      -      0  17873   1936 
    1    153     61      -    100      0      0      0      0      0   9501   1905      0      0  22317  22317      0      -      -      0  28837   2740 
    0    177     60      -    100      0      0      0      0      0   9501   1950      0      0  22317      4      0      -      -      0  25308   2566 
    1    154     61      -    100      0      0      0      0      0   9501   1905      0      0  22317  22317      0      -      -      0  19862   2357 
    0    177     60      -    100      8      0      0      0      0   9501   1950      0      0  22317      4      0      -      -      0  10481   1575 
    1    153     61      -    100      1      0      0      0      0   9501   1905      0      0  22317  22317      0      -      -      0  21835   1822 
    0    177     60      -    100      0      0      0      0      0   9501   1950      0      0  22317      4      0      -      -      0  18364   2370 
    1    154     61      -    100      0      0      0      0      0   9501   1905      0      0  22317  22317      0      -      -      0  16314   1890 
    0    178     60      -    100      9      0      0      0      0   9501   1950      0      0  22317      4      0      -      -      0  15333   2725 
    1    155     61      -    100      0      0      0      0      0   9501   1905      0      0  22317  22317      0      -      -      0  24744   2535 
    0    178     60      -    100      0      0      0      0      0   9501   1950      0      0  22317      4      0      -      -      0  16946   1770 
    1    154     61      -    100      0      0      0      0      0   9501   1905      0      0  22317  22317      0      -      -      0  27419   2547 
    0    177     60      -    100      0      0      0      0      0   9501   1950      0      0  22317      4      0      -      -      0  20588   1887 
    1    153     61      -    100      0      0      0      0      0   9501   1905      0      0  22317  22317      0      -      -      0  21112   2424 
    0    177     61      -    100      0      0      0      0      0   9501   1950      0      0  22317      4      0      -      -      0  20345   2474 
    1    153     61      -    100      0      0      0      0      0   9501   1905      0      0  22317  22317      0      -      -      0  16582   1904 
    0    177     60      -    100      1      0      0      0      0   9501   1950      0      0  22317      4      0      -      -      0  19058   2400 
    1    154     61      -    100      0      0      0      0      0   9501   1905      0      0  22317  22317      0      -      -      0  18049   1997 
    0    176     60      -    100      0      0      0      0      0   9501   1950      0      0  22317      4      0      -      -      0  17898   2533 
    1    154     61      -    100      0      0      0      0      0   9501   1905      0      0  22317  22317      0      -      -      0  23942   2177 
    0    177     60      -    100      0      0      0      0      0   9501   1950      0      0  22317      4      0      -      -      0  20099   2447 
    1    154     61      -    100      0      0      0      0      0   9501   1905      0      0  22317  22317      0      -      -      0  17202   2362 
    0    177     60      -    100      0      0      0      0      0   9501   1950      0      0  22317      4      0      -      -      0  15452   1955 
    1    154     61      -    100      0      0      0      0      0   9501   1905      0      0  22317  22317      0      -      -      0  19894   1929 
# gpu    pwr  gtemp  mtemp     sm    mem    enc    dec    jpg    ofa   mclk   pclk  pviol  tviol     fb   bar1   ccpm  sbecc  dbecc    pci  rxpci  txpci 
# Idx      W      C      C      %      %      %      %      %      %    MHz    MHz      %   bool     MB     MB     MB   errs   errs   errs   MB/s   MB/s 
    0    177     60      -    100      0      0      0      0      0   9501   1950      0      0  22317      4      0      -      -      0  16897   2111 
    1    154     61      -    100      5      0      0      0      0   9501   1905      0      0  22317  22317      0      -      -      0  16188   1740 
    0    176     60      -    100      0      0      0      0      0   9501   1950      0      0  22317      4      0      -      -      0  20291   2368 
    1    154     61      -    100      0      0      0      0      0   9501   1905      0      0  22317  22317      0      -      -      0  18630   1998 
    0    177     60      -    100      8      0      0      0      0   9501   1950      0      0  22317      4      0      -      -      0  11168   1653 
    1    154     61      -    100      5      0      0      0      0   9501   1905      0      0  22317  22317      0      -      -      0  15461   1952 
    0    178     60      -    100      0      0      0      0      0   9501   1950      0      0  22317      4      0      -      -      0  20115   2391 
    1    154     61      -    100      0      0      0      0      0   9501   1905      0      0  22317  22317      0      -      -      0  13266   2668 
    0    177     60      -    100      0      0      0      0      0   9501   1950      0      0  22317      4      0      -      -      0  17663   2256 
    1    154     61      -    100      0      0      0      0      0   9501   1905      0      0  22317  22317      0      -      -      0  11152   2411 
    0    176     60      -    100      0      0      0      0      0   9501   1950      0      0  22317      4      0      -      -      0  19933   2392 
    1    153     61      -    100      0      0      0      0      0   9501   1905      0      0  22317  22317      0      -      -      0  16253   1913 
    0    177     60      -    100      0      0      0      0      0   9501   1950      0      0  22317      4      0      -      -      0  18873   2256 
    1    154     61      -    100      0      0      0      0      0   9501   1905      0      0  22317  22317      0      -      -      0  23410   2454 
    0    179     60      -    100      0      0      0      0      0   9501   1950      0      0  22317      4      0      -      -      0  19410   2934 
    1    154     61      -    100      0      0      0      0      0   9501   1905      0      0  22317  22317      0      -      -      0  16161   2517 
    0    181     61      -    100      0      0      0      0      0   9501   1950      0      0  22317      4      0      -      -      0  15612   2135 
    1    157     61      -    100      0      0      0      0      0   9501   1905      0      0  22317  22317      0      -      -      0  20796   1847 
    0    178     60      -    100      8      0      0      0      0   9501   1950      0      0  22317      4      0      -      -      0  15668   2411 
    1    154     61      -    100      0      0      0      0      0   9501   1905      0      0  22317  22317      0      -      -      0  18856   2228 
    0    178     61      -    100      0      0      0      0      0   9501   1950      0      0  22317      4      0      -      -      0  25435   3388 
    1    155     61      -    100      0      0      0      0      0   9501   1905      0      0  22317  22317      0      -      -      0  29082   3063 
    0    183     61      -    100      0      0      0      0      0   9501   1950      0      0  22317      4      0      -      -      0  21781   1836 
    1    159     61      -    100      0      0      0      0      0   9501   1905      0      0  22317  22317      0      -      -      0  14236   2735 
    0    177     60      -    100      0      0      0      0      0   9501   1950      0      0  22317      4      0      -      -      0  17414   2227 
    1    153     61      -    100      0      0      0      0      0   9501   1905      0      0  22317  22317      0      -      -      0  21333   2317 
    0    177     60      -    100      0      0      0      0      0   9501   1950      0      0  22317      4      0      -      -      0  21331   2282 
    1    154     61      -    100      0      0      0      0      0   9501   1905      0      0  22317  22317      0      -      -      0  18112   2418 
    0    177     60      -    100      0      0      0      0      0   9501   1950      0      0  22317      4      0      -      -      0  15627   2133 
    1    153     61      -    100      0      0      0      0      0   9501   1905      0      0  22317  22317      0      -      -      0  19267   2027 
    0    177     60      -    100      0      0      0      0      0   9501   1950      0      0  22317      4      0      -      -      0  18625   2226 
    1    154     61      -    100      7      0      0      0      0   9501   1905      0      0  22317  22317      0      -      -      0  21059   2207 
    0    176     61      -    100      5      0      0      0      0   9501   1950      0      0  22317      4      0      -      -      0  15980   2304 
    1    154     61      -    100      7      0      0      0      0   9501   1905      0      0  22317  22317      0      -      -      0  20090   2701 
    0    177     60      -    100      0      0      0      0      0   9501   1950      0      0  22317      4      0      -      -      0  11384   2439 
    1    154     61      -    100      0      0      0      0      0   9501   1905      0      0  22317  22317      0      -      -      0  19366   1942 
    0    177     61      -    100      0      0      0      0      0   9501   1950      0      0  22317      4      0      -      -      0  22004   1892 
    1    153     61      -    100      0      0      0      0      0   9501   1905      0      0  22317  22317      0      -      -      0  14066   2839 
    0    177     60      -    100      5      0      0      0      0   9501   1950      0      0  22317      4      0      -      -      0  16847   1944 
    1    154     61      -    100      0      0      0      0      0   9501   1905      0      0  22317  22317      0      -      -      0  20349   1716 
    0    178     61      -    100      5      0      0      0      0   9501   1950      0      0  22317      4      0      -      -      0  20007   2218 
    1    153     61      -    100      0      0      0      0      0   9501   1905      0      0  22317  22317      0      -      -      0  15214   1964 
    0    178     60      -    100      0      0      0      0      0   9501   1950      0      0  22317      4      0      -      -      0  16828   2040 
    1    154     61      -    100      2      0      0      0      0   9501   1905      0      0  22317  22317      0      -      -      0  18289   2031 
# gpu    pwr  gtemp  mtemp     sm    mem    enc    dec    jpg    ofa   mclk   pclk  pviol  tviol     fb   bar1   ccpm  sbecc  dbecc    pci  rxpci  txpci 
# Idx      W      C      C      %      %      %      %      %      %    MHz    MHz      %   bool     MB     MB     MB   errs   errs   errs   MB/s   MB/s 
    0    177     60      -    100      5      0      0      0      0   9501   1950      0      0  22317      4      0      -      -      0  14160   2461 
    1    154     61      -    100      8      0      0      0      0   9501   1905      0      0  22317  22317      0      -      -      0  23763   2065 
    0    177     60      -    100      0      0      0      0      0   9501   1950      0      0  22317      4      0      -      -      0  18670   1771 
    1    154     61      -    100      0      0      0      0      0   9501   1905      0      0  22317  22317      0      -      -      0  26141   2389 
    0    177     60      -    100      0      0      0      0      0   9501   1950      0      0  22317      4      0      -      -      0  16123   2136 
    1    153     61      -    100      0      0      0      0      0   9501   1905      0      0  22317  22317      0      -      -      0  17703   2405 
    0    177     60      -    100      5      0      0      0      0   9501   1950      0      0  22317      4      0      -      -      0  25122   2946 
    1    154     61      -    100      8      0      0      0      0   9501   1905      0      0  22317  22317      0      -      -      0  21276   2375 
    0    177     61      -    100      8      0      0      0      0   9501   1950      0      0  22317      4      0      -      -      0  20646   2395 
    1    154     61      -    100      0      0      0      0      0   9501   1905      0      0  22317  22317      0      -      -      0  20603   2418 
    0    176     60      -    100      0      0      0      0      0   9501   1950      0      0  22317      4      0      -      -      0  24000   2122 
    1    155     61      -    100      7      0      0      0      0   9501   1905      0      0  22317  22317      0      -      -      0  22240   2635 
    0    176     60      -    100      0      0      0      0      0   9501   1950      0      0  22317      4      0      -      -      0  12320   2525 
    1    154     61      -    100      0      0      0      0      0   9501   1905      0      0  22317  22317      0      -      -      0  20011   2114 
    0    177     60      -    100      7      0      0      0      0   9501   1950      0      0  22317      4      0      -      -      0  20043   2363 
    1    154     61      -    100      7      0      0      0      0   9501   1905      0      0  22317  22317      0      -      -      0  14793   1647 
    0    176     60      -    100      0      0      0      0      0   9501   1950      0      0  22317      4      0      -      -      0  14219   2245 
    1    153     61      -    100      0      0      0      0      0   9501   1905      0      0  22317  22317      0      -      -      0  17032   2418 
    0    177     60      -    100      0      0      0      0      0   9501   1950      0      0  22317      4      0      -      -      0  22655   2768 
    1    154     61      -    100      0      0      0      0      0   9501   1905      0      0  22317  22317      0      -      -      0  19992   1992 
    0    176     60      -    100      0      0      0      0      0   9501   1950      0      0  22317      4      0      -      -      0  23033   2541 
    1    154     61      -    100      7      0      0      0      0   9501   1905      0      0  22317  22317      0      -      -      0  23049   2726 
    0    176     60      -    100      0      0      0      0      0   9501   1950      0      0  22317      4      0      -      -      0  14344   2393 
    1    153     61      -    100      0      0      0      0      0   9501   1905      0      0  22317  22317      0      -      -      0  19867   2027 
    0    178     60      -    100      0      0      0      0      0   9501   1950      0      0  22317      4      0      -      -      0  18948   2417 
    1    154     61      -    100      0      0      0      0      0   9501   1905      0      0  22317  22317      0      -      -      0  13300   2733 
    0    176     60      -    100      0      0      0      0      0   9501   1950      0      0  22317      4      0      -      -      0  14674   2275 
    1    153     61      -    100      0      0      0      0      0   9501   1905      0      0  22317  22317      0      -      -      0  17841   2528 
    0    178     60      -    100      6      0      0      0      0   9501   1950      0      0  22317      4      0      -      -      0  22778   2597 
    1    155     61      -    100      6      0      0      0      0   9501   1905      0      0  22317  22317      0      -      -      0  20085   2426 
    0    177     60      -    100      0      0      0      0      0   9501   1950      0      0  22317      4      0      -      -      0  13937   1665 
    1    154     61      -    100      0      0      0      0      0   9501   1905      0      0  22317  22317      0      -      -      0  21783   1919 
    0    177     60      -    100      7      0      0      0      0   9501   1950      0      0  22317      4      0      -      -      0  15858   1674 
    1    154     61      -    100      0      0      0      0      0   9501   1905      0      0  22317  22317      0      -      -      0  21214   2115 
    0    177     60      -    100      0      0      0      0      0   9501   1950      0      0  22317      4      0      -      -      0   9187   2732 
    1    153     61      -    100      0      0      0      0      0   9501   1905      0      0  22317  22317      0      -      -      0  22941   1972 
    0    177     60      -    100      4      0      0      0      0   9501   1950      0      0  22317      4      0      -      -      0  20108   1780 
    1    154     61      -    100      0      0      0      0      0   9501   1905      0      0  22317  22317      0      -      -      0  12768   2535 
    0    176     60      -    100      0      0      0      0      0   9501   1950      0      0  22317      4      0      -      -      0  16903   1823 
    1    153     61      -    100      0      0      0      0      0   9501   1905      0      0  22317  22317      0      -      -      0  20832   2392 
    0    177     60      -    100      8      0      0      0      0   9501   1950      0      0  22317      4      0      -      -      0  19386   2243 
    1    154     61      -    100      5      0      0      0      0   9501   1905      0      0  22317  22317      0      -      -      0  18310   2435 
    0    176     61      -    100      3      0      0      0      0   9501   1950      0      0  22317      4      0      -      -      0  19999   2402 
    1    153     61      -    100      0      0      0      0      0   9501   1905      0      0  22317  22317      0      -      -      0  15438   1681 
# gpu    pwr  gtemp  mtemp     sm    mem    enc    dec    jpg    ofa   mclk   pclk  pviol  tviol     fb   bar1   ccpm  sbecc  dbecc    pci  rxpci  txpci 
# Idx      W      C      C      %      %      %      %      %      %    MHz    MHz      %   bool     MB     MB     MB   errs   errs   errs   MB/s   MB/s 
    0    177     60      -    100      0      0      0      0      0   9501   1950      0      0  22317      4      0      -      -      0  21092   2404 
    1    154     61      -    100      4      0      0      0      0   9501   1905      0      0  22317  22317      0      -      -      0  18487   1919 
    0    176     60      -    100      0      0      0      0      0   9501   1950      0      0  22317      4      0      -      -      0  23495   2012 
    1    154     61      -    100      5      0      0      0      0   9501   1905      0      0  22317  22317      0      -      -      0  19888   2571 
    0    177     60      -    100      0      0      0      0      0   9501   1950      0      0  22317      4      0      -      -      0  21368   2729 
    1    154     61      -    100      0      0      0      0      0   9501   1905      0      0  22317  22317      0      -      -      0  17065   2143 
    0    176     60      -    100      0      0      0      0      0   9501   1950      0      0  22317      4      0      -      -      0  20589   2506 
    1    153     61      -    100      0      0      0      0      0   9501   1905      0      0  22317  22317      0      -      -      0  12311   2583 
    0    177     60      -    100      7      0      0      0      0   9501   1950      0      0  22317      4      0      -      -      0  15480   2141 
    1    154     61      -    100      6      0      0      0      0   9501   1905      0      0  22317  22317      0      -      -      0  17856   2368 
    0    176     60      -    100      0      0      0      0      0   9501   1950      0      0  22317      4      0      -      -      0  17905   2199 
    1    153     61      -    100      0      0      0      0      0   9501   1905      0      0  22317  22317      0      -      -      0  22563   2361 
    0    177     61      -    100      8      0      0      0      0   9501   1950      0      0  22317      4      0      -      -      0  17255   1796 
    1    153     61      -    100      0      0      0      0      0   9501   1905      0      0  22317  22317      0      -      -      0  23879   2451 
    0    177     60      -    100      0      0      0      0      0   9501   1950      0      0  22317      4      0      -      -      0  19884   2086 
    1    154     61      -    100      0      0      0      0      0   9501   1905      0      0  22317  22317      0      -      -      0  17775   3052 
    0    180     61      -    100      0      0      0      0      0   9501   1950      0      0  22317      4      0      -      -      0  15200   1681 
    1    156     61      -    100      0      0      0      0      0   9501   1905      0      0  22317  22317      0      -      -      0  18389   2485 
    0    180     60      -    100      0      0      0      0      0   9501   1950      0      0  22317      4      0      -      -      0  23267   2655 
    1    153     61      -    100      0      0      0      0      0   9501   1905      0      0  22317  22317      0      -      -      0  21806   2464 
    0    177     60      -    100      0      0      0      0      0   9501   1950      0      0  22317      4      0      -      -      0  18571   1834 
    1    154     61      -    100      9      0      0      0      0   9501   1905      0      0  22317  22317      0      -      -      0  23271   2180 
    0    176     60      -    100      0      0      0      0      0   9501   1950      0      0  22317      4      0      -      -      0  16361   2219 
    1    153     61      -    100      0      0      0      0      0   9501   1905      0      0  22317  22317      0      -      -      0  19969   2298 
    0    177     60      -    100      0      0      0      0      0   9501   1950      0      0  22317      4      0      -      -      0  20570   2225 
    1    154     61      -    100      0      0      0      0      0   9501   1905      0      0  22317  22317      0      -      -      0  21729   2788 
    0    176     60      -    100      0      0      0      0      0   9501   1950      0      0  22317      4      0      -      -      0  19785   2258 
    1    153     61      -    100      0      0      0      0      0   9501   1905      0      0  22317  22317      0      -      -      0  19123   2308 
    0    177     60      -    100      0      0      0      0      0   9501   1950      0      0  22317      4      0      -      -      0  23287   2110 
    1    154     61      -    100      0      0      0      0      0   9501   1905      0      0  22317  22317      0      -      -      0  21320   2702 
    0    176     60      -    100      0      0      0      0      0   9501   1950      0      0  22317      4      0      -      -      0  14179   1540 
    1    153     61      -    100      0      0      0      0      0   9501   1905      0      0  22317  22317      0      -      -      0  24014   2433 
    0    177     60      -    100      5      0      0      0      0   9501   1950      0      0  22317      4      0      -      -      0  21657   2507 
    1    153     61      -    100      0      0      0      0      0   9501   1905      0      0  22317  22317      0      -      -      0  22586   2334 
    0    177     60      -    100      0      0      0      0      0   9501   1950      0      0  22317      4      0      -      -      0  20173   2483 
    1    153     61      -    100      0      0      0      0      0   9501   1905      0      0  22317  22317      0      -      -      0  17331   1764 
    0    177     61      -    100      0      0      0      0      0   9501   1950      0      0  22317      4      0      -      -      0  20048   2304 
    1    153     61      -    100      0      0      0      0      0   9501   1905      0      0  22317  22317      0      -      -      0  18384   2370 
    0    177     60      -    100      5      0      0      0      0   9501   1950      0      0  22317      4      0      -      -      0  24723   1938 
    1    154     61      -    100      6      0      0      0      0   9501   1905      0      0  22317  22317      0      -      -      0  21798   2798 
    0    176     60      -    100      0      0      0      0      0   9501   1950      0      0  22317      4      0      -      -      0  13353   2674 
    1    153     61      -    100      0      0      0      0      0   9501   1905      0      0  22317  22317      0      -      -      0  20028   2260 
    0    178     60      -    100      5      0      0      0      0   9501   1950      0      0  22317      4      0      -      -      0  19375   2562 
    1    154     61      -    100      0      0      0      0      0   9501   1905      0      0  22317  22317      0      -      -      0  18101   1562 
# gpu    pwr  gtemp  mtemp     sm    mem    enc    dec    jpg    ofa   mclk   pclk  pviol  tviol     fb   bar1   ccpm  sbecc  dbecc    pci  rxpci  txpci 
# Idx      W      C      C      %      %      %      %      %      %    MHz    MHz      %   bool     MB     MB     MB   errs   errs   errs   MB/s   MB/s 
    0    177     60      -    100      0      0      0      0      0   9501   1950      0      0  22317      4      0      -      -      0  24678   2519 
    1    154     61      -    100      1      0      0      0      0   9501   1905      0      0  22317  22317      0      -      -      0  17790   2298 
    0    176     60      -    100      0      0      0      0      0   9501   1950      0      0  22317      4      0      -      -      0  22034   2595 
    1    153     61      -    100      0      0      0      0      0   9501   1905      0      0  22317  22317      0      -      -      0  19752   2557 
    0    177     60      -    100      0      0      0      0      0   9501   1950      0      0  22317      4      0      -      -      0  10684   2390 
    1    154     61      -    100      8      0      0      0      0   9501   1905      0      0  22317  22317      0      -      -      0  19592   2085 
    0    176     60      -    100      0      0      0      0      0   9501   1950      0      0  22317      4      0      -      -      0  19218   2289 
    1    154     61      -    100      0      0      0      0      0   9501   1905      0      0  22317  22317      0      -      -      0  13852   2674 
    0    177     60      -    100      7      0      0      0      0   9501   1950      0      0  22317      4      0      -      -      0  19912   2130 
    1    154     61      -    100      0      0      0      0      0   9501   1905      0      0  22317  22317      0      -      -      0  20078   2417 
    0    176     60      -    100      0      0      0      0      0   9501   1950      0      0  22317      4      0      -      -      0  14286   2168 
    1    153     61      -    100      0      0      0      0      0   9501   1905      0      0  22317  22317      0      -      -      0  16397   2170 
    0    177     60      -    100      0      0      0      0      0   9501   1950      0      0  22317      4      0      -      -      0  18871   2026 
    1    154     61      -    100      0      0      0      0      0   9501   1905      0      0  22317  22317      0      -      -      0  17037   2085 
    0    177     60      -    100      8      0      0      0      0   9501   1950      0      0  22317      4      0      -      -      0  21072   2449 
    1    154     61      -    100      0      0      0      0      0   9501   1905      0      0  22317  22317      0      -      -      0  19599   1872 
    0    177     60      -    100      0      0      0      0      0   9501   1950      0      0  22317      4      0      -      -      0  21741   2262 
    1    153     61      -    100      0      0      0      0      0   9501   1905      0      0  22317  22317      0      -      -      0  21243   2243 
    0    177     60      -    100      0      0      0      0      0   9501   1950      0      0  22317      4      0      -      -      0  14939   2783 
    1    153     61      -    100      0      0      0      0      0   9501   1905      0      0  22317  22317      0      -      -      0  21589   2344 
    0    177     60      -    100      0      0      0      0      0   9501   1950      0      0  22317      4      0      -      -      0  17284   2699 
    1    154     61      -    100      0      0      0      0      0   9501   1905      0      0  22317  22317      0      -      -      0  16043   2575 
    0    178     60      -    100      8      0      0      0      0   9501   1950      0      0  22317      4      0      -      -      0  12356   2611 
    1    153     61      -    100      0      0      0      0      0   9501   1905      0      0  22317  22317      0      -      -      0  19059   2321 
    0    176     60      -    100      0      0      0      0      0   9501   1950      0      0  22317      4      0      -      -      0  20857   2702 
    1    154     61      -    100      0      0      0      0      0   9501   1905      0      0  22317  22317      0      -      -      0  18806   1743 
    0    176     60      -    100      0      0      0      0      0   9501   1950      0      0  22317      4      0      -      -      0  20332   2309 
    1    153     61      -    100      0      0      0      0      0   9501   1905      0      0  22317  22317      0      -      -      0  17138   1941 
    0    177     60      -    100      0      0      0      0      0   9501   1950      0      0  22317      4      0      -      -      0  21672   2026 
    1    155     61      -    100      6      0      0      0      0   9501   1905      0      0  22317  22317      0      -      -      0  15050   2488 
    0    187     61      -    100      0      0      0      0      0   9501   1950      0      0  22317      4      0      -      -      0  19871   2218 
    1    164     61      -    100      0      0      0      0      0   9501   1905      0      0  22317  22317      0      -      -      0  21610   3630 
    0    188     61      -    100      0      0      0      0      0   9501   1950      0      0  22317      4      0      -      -      0  19309   2396 
    1    165     61      -    100      0      0      0      0      0   9501   1905      0      0  22317  22317      0      -      -      0  19254   2095 
    0    177     60      -    100      0      0      0      0      0   9501   1950      0      0  22317      4      0      -      -      0  18273   2177 
    1    154     61      -    100      0      0      0      0      0   9501   1905      0      0  22317  22317      0      -      -      0  24224   3110 
    0    179     61      -    100      0      0      0      0      0   9501   1950      0      0  22317      4      0      -      -      0  25316   3719 
    1    156     61      -    100      0      0      0      0      0   9501   1905      0      0  22317  22317      0      -      -      0  29687   2642 
    0    180     60      -    100      0      0      0      0      0   9501   1950      0      0  22317      4      0      -      -      0  14125   2115 
    1    158     61      -    100      0      0      0      0      0   9501   1905      0      0  22317  22317      0      -      -      0  16664   2165 
    0    177     60      -    100      0      0      0      0      0   9501   1950      0      0  22317      4      0      -      -      0  19139   2677 
    1    154     61      -    100      5      0      0      0      0   9501   1905      0      0  22317  22317      0      -      -      0  22287   2408 
    0    176     60      -    100      0      0      0      0      0   9501   1950      0      0  22317      4      0      -      -      0  13682   2671 
    1    153     61      -    100      0      0      0      0      0   9501   1905      0      0  22317  22317      0      -      -      0  19601   2257 
# gpu    pwr  gtemp  mtemp     sm    mem    enc    dec    jpg    ofa   mclk   pclk  pviol  tviol     fb   bar1   ccpm  sbecc  dbecc    pci  rxpci  txpci 
# Idx      W      C      C      %      %      %      %      %      %    MHz    MHz      %   bool     MB     MB     MB   errs   errs   errs   MB/s   MB/s 
    0    177     60      -    100      0      0      0      0      0   9501   1950      0      0  22317      4      0      -      -      0  18095   2227 
    1    154     61      -    100      0      0      0      0      0   9501   1905      0      0  22317  22317      0      -      -      0  12104   2753 
    0    177     60      -    100      0      0      0      0      0   9501   1950      0      0  22317      4      0      -      -      0  20260   1981 
    1    153     61      -    100      0      0      0      0      0   9501   1905      0      0  22317  22317      0      -      -      0  19521   2511 
    0    178     60      -    100      0      0      0      0      0   9501   1950      0      0  22317      4      0      -      -      0  26840   2539 
    1    154     61      -    100      8      0      0      0      0   9501   1905      0      0  22317  22317      0      -      -      0  23016   2496 
    0    177     60      -    100      0      0      0      0      0   9501   1950      0      0  22317      4      0      -      -      0  20858   2707 
    1    153     61      -    100      0      0      0      0      0   9501   1905      0      0  22317  22317      0      -      -      0  19069   2261 
    0    177     60      -    100      5      0      0      0      0   9501   1950      0      0  22317      4      0      -      -      0  13871   2785 
    1    153     61      -    100      0      0      0      0      0   9501   1905      0      0  22317  22317      0      -      -      0  20864   2165 
    0    176     60      -    100      0      0      0      0      0   9501   1950      0      0  22317      4      0      -      -      0  16686   2247 
    1    154     61      -    100      0      0      0      0      0   9501   1905      0      0  22317  22317      0      -      -      0  20357   2381 
    0    176     60      -    100      0      0      0      0      0   9501   1950      0      0  22317      4      0      -      -      0  14335   2086 
    1    153     61      -    100      0      0      0      0      0   9501   1905      0      0  22317  22317      0      -      -      0  15460   2164 
    0    177     60      -    100      5      0      0      0      0   9501   1950      0      0  22317      4      0      -      -      0  16865   2525 
    1    154     61      -    100      0      0      0      0      0   9501   1905      0      0  22317  22317      0      -      -      0  21796   2141 
    0    176     60      -    100      0      0      0      0      0   9501   1950      0      0  22317      4      0      -      -      0  17003   2953 
    1    153     61      -    100      0      0      0      0      0   9501   1905      0      0  22317  22317      0      -      -      0  21210   2375 
    0    177     60      -    100      0      0      0      0      0   9501   1950      0      0  22317      4      0      -      -      0  15720   1800 
    1    155     61      -    100      0      0      0      0      0   9501   1905      0      0  22317  22317      0      -      -      0  24998   2396 
    0    176     60      -    100      0      0      0      0      0   9501   1950      0      0  22317      4      0      -      -      0  17102   2140 
    1    153     61      -    100      0      0      0      0      0   9501   1905      0      0  22317  22317      0      -      -      0  15807   1644 
    0    177     60      -    100      5      0      0      0      0   9501   1950      0      0  22317      4      0      -      -      0  17622   1920 
    1    155     61      -    100      7      0      0      0      0   9501   1905      0      0  22317  22317      0      -      -      0  19560   2322 
    0    176     60      -    100      0      0      0      0      0   9501   1950      0      0  22317      4      0      -      -      0  21097   1852 
    1    154     61      -    100      0      0      0      0      0   9501   1905      0      0  22317  22317      0      -      -      0  16188   2021 
    0    177     60      -    100      5      0      0      0      0   9501   1950      0      0  22317      4      0      -      -      0  21280   2322 
    1    154     61      -    100      7      0      0      0      0   9501   1905      0      0  22317  22317      0      -      -      0  19099   2027 
    0    176     60      -    100      0      0      0      0      0   9501   1950      0      0  22317      4      0      -      -      0  16815   2336 
    1    154     61      -    100      0      0      0      0      0   9501   1905      0      0  22317  22317      0      -      -      0  22532   2174 
    0    177     60      -    100      0      0      0      0      0   9501   1950      0      0  22317      4      0      -      -      0  21706   2731 
    1    153     61      -    100      0      0      0      0      0   9501   1905      0      0  22317  22317      0      -      -      0  15914   2471 
    0    176     60      -    100      0      0      0      0      0   9501   1950      0      0  22317      4      0      -      -      0  20576   2449 
    1    153     61      -    100      0      0      0      0      0   9501   1905      0      0  22317  22317      0      -      -      0  11576   2667 
    0    177     60      -    100      2      0      0      0      0   9501   1950      0      0  22317      4      0      -      -      0  20497   1974 
    1    154     61      -    100      7      0      0      0      0   9501   1905      0      0  22317  22317      0      -      -      0  20585   2504 
    0    177     60      -    100      0      0      0      0      0   9501   1950      0      0  22317      4      0      -      -      0  14339   2190 
    1    153     61      -    100      0      0      0      0      0   9501   1905      0      0  22317  22317      0      -      -      0  19637   1846 
    0    176     60      -    100      0      0      0      0      0   9501   1950      0      0  22317      4      0      -      -      0  21018   2030 
    1    154     61      -    100      5      0      0      0      0   9501   1905      0      0  22317  22317      0      -      -      0  20604   2461 
    0    176     60      -    100      0      0      0      0      0   9501   1950      0      0  22317      4      0      -      -      0  21510   2032 
    1    153     61      -    100      0      0      0      0      0   9501   1905      0      0  22317  22317      0      -      -      0  20495   2425 
    0    177     60      -    100      0      0      0      0      0   9501   1950      0      0  22317      4      0      -      -      0  12329   2582 
    1    154     61      -    100      5      0      0      0      0   9501   1905      0      0  22317  22317      0      -      -      0  17831   2026 
# gpu    pwr  gtemp  mtemp     sm    mem    enc    dec    jpg    ofa   mclk   pclk  pviol  tviol     fb   bar1   ccpm  sbecc  dbecc    pci  rxpci  txpci 
# Idx      W      C      C      %      %      %      %      %      %    MHz    MHz      %   bool     MB     MB     MB   errs   errs   errs   MB/s   MB/s 
    0    177     60      -    100      0      0      0      0      0   9501   1950      0      0  22317      4      0      -      -      0  17874   2363 
    1    153     61      -    100      0      0      0      0      0   9501   1905      0      0  22317  22317      0      -      -      0  12813   2421 
    0    177     60      -    100      1      0      0      0      0   9501   1950      0      0  22317      4      0      -      -      0  17861   2282 
    1    154     61      -    100      0      0      0      0      0   9501   1905      0      0  22317  22317      0      -      -      0  20110   2497 
    0    176     60      -    100      0      0      0      0      0   9501   1950      0      0  22317      4      0      -      -      0  17401   1635 
    1    153     61      -    100      0      0      0      0      0   9501   1905      0      0  22317  22317      0      -      -      0  18871   2284 
    0    177     60      -    100      5      0      0      0      0   9501   1950      0      0  22317      4      0      -      -      0  17125   1654 
    1    154     61      -    100      0      0      0      0      0   9501   1905      0      0  22317  22317      0      -      -      0  12347   2595 
    0    177     60      -    100      0      0      0      0      0   9501   1950      0      0  22317      4      0      -      -      0  17116   2283 
    1    154     61      -    100      6      0      0      0      0   9501   1905      0      0  22317  22317      0      -      -      0  21544   2490 
    0    176     60      -    100      0      0      0      0      0   9501   1950      0      0  22317      4      0      -      -      0  19098   1900 
    1    153     61      -    100      0      0      0      0      0   9501   1905      0      0  22317  22317      0      -      -      0  20844   2362 
    0    177     60      -    100      0      0      0      0      0   9501   1950      0      0  22317      4      0      -      -      0  18611   1912 
    1    153     61      -    100      5      0      0      0      0   9501   1905      0      0  22317  22317      0      -      -      0  19802   2341 
    0    177     60      -    100      8      0      0      0      0   9501   1950      0      0  22317      4      0      -      -      0  18844   1999 
    1    154     61      -    100      5      0      0      0      0   9501   1905      0      0  22317  22317      0      -      -      0  18909   2195 
    0    176     60      -    100      0      0      0      0      0   9501   1950      0      0  22317      4      0      -      -      0  19076   1941 
    1    154     61      -    100      0      0      0      0      0   9501   1905      0      0  22317  22317      0      -      -      0  20992   2535 
    0    177     60      -    100      8      0      0      0      0   9501   1950      0      0  22317      4      0      -      -      0  22225   2317 
    1    154     61      -    100      0      0      0      0      0   9501   1905      0      0  22317  22317      0      -      -      0  17404   2399 
    0    176     60      -    100      0      0      0      0      0   9501   1950      0      0  22317      4      0      -      -      0  16330   2127 
    1    153     61      -    100      0      0      0      0      0   9501   1905      0      0  22317  22317      0      -      -      0  22757   2291 
    0    178     60      -    100      1      0      0      0      0   9501   1950      0      0  22317      4      0      -      -      0  13869   2985 
    1    154     61      -    100      0      0      0      0      0   9501   1905      0      0  22317  22317      0      -      -      0  19381   1969 
    0    177     60      -    100      0      0      0      0      0   9501   1950      0      0  22317      4      0      -      -      0  16456   2286 
    1    153     61      -    100      0      0      0      0      0   9501   1905      0      0  22317  22317      0      -      -      0  21600   2276 
    0    178     60      -    100      0      0      0      0      0   9501   1950      0      0  22317      4      0      -      -      0  21643   2555 
    1    153     61      -    100      0      0      0      0      0   9501   1905      0      0  22317  22317      0      -      -      0  20609   2287 
    0    178     60      -    100      0      0      0      0      0   9501   1950      0      0  22317      4      0      -      -      0  22536   2434 
    1    154     61      -    100      0      0      0      0      0   9501   1905      0      0  22317  22317      0      -      -      0  17352   2227 
    0    177     60      -    100      0      0      0      0      0   9501   1950      0      0  22317      4      0      -      -      0  15484   2097 
    1    153     61      -    100      0      0      0      0      0   9501   1905      0      0  22317  22317      0      -      -      0  22287   1970 
    0    177     60      -    100      0      0      0      0      0   9501   1950      0      0  22317      4      0      -      -      0  21997   2762 
    1    154     61      -    100      5      0      0      0      0   9501   1905      0      0  22317  22317      0      -      -      0  19619   2445 
    0    176     60      -    100      0      0      0      0      0   9501   1950      0      0  22317      4      0      -      -      0  19551   2399 
    1    153     61      -    100      0      0      0      0      0   9501   1905      0      0  22317  22317      0      -      -      0  20020   2652 
    0    178     60      -    100      7      0      0      0      0   9501   1950      0      0  22317      4      0      -      -      0  15870   1993 
    1    154     61      -    100      0      0      0      0      0   9501   1905      0      0  22317  22317      0      -      -      0  21092   1794 
    0    176     60      -    100      0      0      0      0      0   9501   1950      0      0  22317      4      0      -      -      0  20557   2228 
    1    153     61      -    100      0      0      0      0      0   9501   1905      0      0  22317  22317      0      -      -      0  16672   2240 
    0    178     60      -    100      0      0      0      0      0   9501   1950      0      0  22317      4      0      -      -      0  19613   2454 
    1    154     61      -    100      0      0      0      0      0   9501   1905      0      0  22317  22317      0      -      -      0  17875   2084 
    0    178     60      -    100      0      0      0      0      0   9501   1950      0      0  22317      4      0      -      -      0  24056   1805 
    1    153     61      -    100      0      0      0      0      0   9501   1905      0      0  22317  22317      0      -      -      0  21570   2619 
# gpu    pwr  gtemp  mtemp     sm    mem    enc    dec    jpg    ofa   mclk   pclk  pviol  tviol     fb   bar1   ccpm  sbecc  dbecc    pci  rxpci  txpci 
# Idx      W      C      C      %      %      %      %      %      %    MHz    MHz      %   bool     MB     MB     MB   errs   errs   errs   MB/s   MB/s 
    0    178     60      -    100      7      0      0      0      0   9501   1950      0      0  22317      4      0      -      -      0  13105   2818 
    1    154     61      -    100      8      0      0      0      0   9501   1905      0      0  22317  22317      0      -      -      0  19353   2142 
    0    177     60      -    100      0      0      0      0      0   9501   1950      0      0  22317      4      0      -      -      0  19747   2483 
    1    153     61      -    100      0      0      0      0      0   9501   1905      0      0  22317  22317      0      -      -      0  11988   2664 
    0    177     60      -    100      5      0      0      0      0   9501   1950      0      0  22317      4      0      -      -      0  23142   2396 
    1    154     61      -    100      1      0      0      0      0   9501   1905      0      0  22317  22317      0      -      -      0  17416   2336 
    0    177     60      -    100      0      0      0      0      0   9501   1950      0      0  22317      4      0      -      -      0  15643   1965 
    1    154     61      -    100      0      0      0      0      0   9501   1905      0      0  22317  22317      0      -      -      0  20511   2028 
    0    178     60      -    100      0      0      0      0      0   9501   1950      0      0  22317      4      0      -      -      0  15898   1922 
    1    154     61      -    100      7      0      0      0      0   9501   1905      0      0  22317  22317      0      -      -      0  20421   2621 
    0    177     60      -    100      0      0      0      0      0   9501   1950      0      0  22317      4      0      -      -      0  10260   1718 
    1    153     61      -    100      0      0      0      0      0   9501   1905      0      0  22317  22317      0      -      -      0  21336   2144 
    0    178     60      -    100      5      0      0      0      0   9501   1950      0      0  22317      4      0      -      -      0  12495   1591 
    1    154     61      -    100      0      0      0      0      0   9501   1905      0      0  22317  22317      0      -      -      0  20361   1913 
    0    177     60      -    100      0      0      0      0      0   9501   1950      0      0  22317      4      0      -      -      0  15499   1732 
    1    153     61      -    100      0      0      0      0      0   9501   1905      0      0  22317  22317      0      -      -      0  22303   1871 
    0    176     60      -    100      0      0      0      0      0   9501   1950      0      0  22317      4      0      -      -      0  20514   2340 
    1    154     61      -    100      0      0      0      0      0   9501   1905      0      0  22317  22317      0      -      -      0  16174   2050 
    0    177     60      -    100      5      0      0      0      0   9501   1950      0      0  22317      4      0      -      -      0  18268   2626 
    1    154     61      -    100      0      0      0      0      0   9501   1905      0      0  22317  22317      0      -      -      0  18785   2047 
    0    176     60      -    100      0      0      0      0      0   9501   1950      0      0  22317      4      0      -      -      0  19386   1769 
    1    153     61      -    100      0      0      0      0      0   9501   1905      0      0  22317  22317      0      -      -      0  12796   2611 
    0    178     60      -    100      5      0      0      0      0   9501   1950      0      0  22317      4      0      -      -      0  22469   2076 
    1    154     61      -    100      8      0      0      0      0   9501   1905      0      0  22317  22317      0      -      -      0  19103   2401 
    0    177     60      -    100      0      0      0      0      0   9501   1950      0      0  22317      4      0      -      -      0  19131   2198 
    1    154     61      -    100      0      0      0      0      0   9501   1905      0      0  22317  22317      0      -      -      0  16302   1969 
    0    177     60      -    100      0      0      0      0      0   9501   1950      0      0  22317      4      0      -      -      0  18568   2343 
    1    154     61      -    100      0      0      0      0      0   9501   1905      0      0  22317  22317      0      -      -      0  19665   2245 
    0    176     60      -    100      0      0      0      0      0   9501   1950      0      0  22317      4      0      -      -      0  14041   3096 
    1    153     61      -    100      0      0      0      0      0   9501   1905      0      0  22317  22317      0      -      -      0  21318   2220 
    0    178     61      -    100      0      0      0      0      0   9501   1950      0      0  22317      4      0      -      -      0  14886   2334 
    1    154     61      -    100      0      0      0      0      0   9501   1905      0      0  22317  22317      0      -      -      0  21719   1741 
    0    178     60      -    100      5      0      0      0      0   9501   1950      0      0  22317      4      0      -      -      0  21060   2506 
    1    154     61      -    100      0      0      0      0      0   9501   1905      0      0  22317  22317      0      -      -      0  17787   1971 
    0    176     60      -    100      0      0      0      0      0   9501   1950      0      0  22317      4      0      -      -      0  22689   2123 
    1    153     61      -    100      0      0      0      0      0   9501   1905      0      0  22317  22317      0      -      -      0  22060   2704 
    0    178     60      -    100      0      0      0      0      0   9501   1950      0      0  22317      4      0      -      -      0  20636   2171 
    1    154     61      -    100      0      0      0      0      0   9501   1905      0      0  22317  22317      0      -      -      0  18321   2294 
    0    178     60      -    100      0      0      0      0      0   9501   1950      0      0  22317      4      0      -      -      0  18378   1907 
    1    154     61      -    100      0      0      0      0      0   9501   1905      0      0  22317  22317      0      -      -      0  19546   1912 
    0    177     61      -    100      0      0      0      0      0   9501   1950      0      0  22317      4      0      -      -      0  21718   2264 
    1    154     61      -    100      5      0      0      0      0   9501   1905      0      0  22317  22317      0      -      -      0  15936   1816 
    0    177     60      -    100      0      0      0      0      0   9501   1950      0      0  22317      4      0      -      -      0  20537   2542 
    1    153     61      -    100      0      0      0      0      0   9501   1905      0      0  22317  22317      0      -      -      0  18413   1843 
# gpu    pwr  gtemp  mtemp     sm    mem    enc    dec    jpg    ofa   mclk   pclk  pviol  tviol     fb   bar1   ccpm  sbecc  dbecc    pci  rxpci  txpci 
# Idx      W      C      C      %      %      %      %      %      %    MHz    MHz      %   bool     MB     MB     MB   errs   errs   errs   MB/s   MB/s 
    0    178     61      -    100      0      0      0      0      0   9501   1950      0      0  22317      4      0      -      -      0  19122   2421 
    1    154     61      -    100      5      0      0      0      0   9501   1905      0      0  22317  22317      0      -      -      0  17936   1875 
    0    178     60      -    100      7      0      0      0      0   9501   1950      0      0  22317      4      0      -      -      0  21093   2706 
    1    153     61      -    100      0      0      0      0      0   9501   1905      0      0  22317  22317      0      -      -      0  21291   1935 
    0    177     60      -    100      0      0      0      0      0   9501   1950      0      0  22317      4      0      -      -      0  16970   2081 
    1    154     61      -    100      5      0      0      0      0   9501   1905      0      0  22317  22317      0      -      -      0  16888   1795 
    0    177     60      -    100      0      0      0      0      0   9501   1950      0      0  22317      4      0      -      -      0  21066   2342 
    1    154     61      -    100      0      0      0      0      0   9501   1905      0      0  22317  22317      0      -      -      0  18367   1960 
    0    177     60      -    100      0      0      0      0      0   9501   1950      0      0  22317      4      0      -      -      0  16362   2135 
    1    153     61      -    100      0      0      0      0      0   9501   1905      0      0  22317  22317      0      -      -      0  20019   1832 
    0    177     60      -    100      0      0      0      0      0   9501   1950      0      0  22317      4      0      -      -      0  18525   2265 
    1    154     61      -    100      0      0      0      0      0   9501   1905      0      0  22317  22317      0      -      -      0  16337   1895 
    0    177     60      -    100      5      0      0      0      0   9501   1950      0      0  22317      4      0      -      -      0  17156   2277 
    1    154     61      -    100      5      0      0      0      0   9501   1905      0      0  22317  22317      0      -      -      0  23458   2224 
    0    176     60      -    100      0      0      0      0      0   9501   1950      0      0  22317      4      0      -      -      0  17160   2344 
    1    153     61      -    100      0      0      0      0      0   9501   1905      0      0  22317  22317      0      -      -      0  21289   2129 
    0    177     60      -    100      0      0      0      0      0   9501   1950      0      0  22317      4      0      -      -      0  16858   2001 
    1    154     61      -    100      5      0      0      0      0   9501   1905      0      0  22317  22317      0      -      -      0  19600   1974 
    0    176     61      -    100      0      0      0      0      0   9501   1950      0      0  22317      4      0      -      -      0  20444   1887 
    1    153     61      -    100      0      0      0      0      0   9501   1905      0      0  22317  22317      0      -      -      0  17880   2271 
    0    177     60      -    100      0      0      0      0      0   9501   1950      0      0  22317      4      0      -      -      0  21083   2202 
    1    153     61      -    100      0      0      0      0      0   9501   1905      0      0  22317  22317      0      -      -      0  19977   2311 
    0    177     60      -    100      0      0      0      0      0   9501   1950      0      0  22317      4      0      -      -      0  22270   2130 
    1    154     61      -    100      0      0      0      0      0   9501   1905      0      0  22317  22317      0      -      -      0  17642   2141 
    0    177     60      -    100      0      0      0      0      0   9501   1950      0      0  22317      4      0      -      -      0  22975   2113 
    1    153     61      -    100      0      0      0      0      0   9501   1905      0      0  22317  22317      0      -      -      0  15955   1682 
    0    177     60      -    100      0      0      0      0      0   9501   1950      0      0  22317      4      0      -      -      0  16795   1713 
    1    154     61      -    100      0      0      0      0      0   9501   1905      0      0  22317  22317      0      -      -      0  14352   1745 
    0    176     60      -    100      0      0      0      0      0   9501   1950      0      0  22317      4      0      -      -      0  16682   1970 
    1    153     61      -    100      0      0      0      0      0   9501   1905      0      0  22317  22317      0      -      -      0  20076   2293 
    0    177     60      -    100      0      0      0      0      0   9501   1950      0      0  22317      4      0      -      -      0  17840   1972 
    1    154     61      -    100      7      0      0      0      0   9501   1905      0      0  22317  22317      0      -      -      0  17572   2084 
    0    177     61      -    100      0      0      0      0      0   9501   1950      0      0  22317      4      0      -      -      0  19438   1944 
    1    154     61      -    100      4      0      0      0      0   9501   1905      0      0  22317  22317      0      -      -      0  16812   2053 
    0    177     60      -    100      0      0      0      0      0   9501   1950      0      0  22317      4      0      -      -      0  17037   1752 
    1    154     61      -    100      0      0      0      0      0   9501   1905      0      0  22317  22317      0      -      -      0  17399   2050 
    0    177     60      -    100      0      0      0      0      0   9501   1950      0      0  22317      4      0      -      -      0  15388   1654 
    1    154     61      -    100      0      0      0      0      0   9501   1905      0      0  22317  22317      0      -      -      0  18412   1966 
    0    177     60      -    100      0      0      0      0      0   9501   1950      0      0  22317      4      0      -      -      0  14469   1993 
    1    154     61      -    100      7      0      0      0      0   9501   1905      0      0  22317  22317      0      -      -      0  18891   2253 
    0    177     61      -    100      6      0      0      0      0   9501   1950      0      0  22317      4      0      -      -      0  19765   1578 
    1    154     61      -    100      0      0      0      0      0   9501   1905      0      0  22317  22317      0      -      -      0  14247   2896 
    0    177     60      -    100      0      0      0      0      0   9501   1950      0      0  22317      4      0      -      -      0  17890   2142 
    1    154     61      -    100      0      0      0      0      0   9501   1905      0      0  22317  22317      0      -      -      0  18635   2419 
# gpu    pwr  gtemp  mtemp     sm    mem    enc    dec    jpg    ofa   mclk   pclk  pviol  tviol     fb   bar1   ccpm  sbecc  dbecc    pci  rxpci  txpci 
# Idx      W      C      C      %      %      %      %      %      %    MHz    MHz      %   bool     MB     MB     MB   errs   errs   errs   MB/s   MB/s 
    0    177     60      -    100      7      0      0      0      0   9501   1950      0      0  22317      4      0      -      -      0  16447   2075 
    1    154     61      -    100      0      0      0      0      0   9501   1905      0      0  22317  22317      0      -      -      0  18912   2454 
    0    177     60      -    100      0      0      0      0      0   9501   1950      0      0  22317      4      0      -      -      0  16680   2136 
    1    153     61      -    100      0      0      0      0      0   9501   1905      0      0  22317  22317      0      -      -      0  18556   2192 
    0    177     60      -    100      7      0      0      0      0   9501   1950      0      0  22317      4      0      -      -      0  19101   2115 
    1    154     61      -    100      0      0      0      0      0   9501   1905      0      0  22317  22317      0      -      -      0  16560   2567 
    0    177     60      -    100      0      0      0      0      0   9501   1950      0      0  22317      4      0      -      -      0  16851   1998 
    1    153     61      -    100      0      0      0      0      0   9501   1905      0      0  22317  22317      0      -      -      0  17889   1996 
    0    177     60      -    100      0      0      0      0      0   9501   1950      0      0  22317      4      0      -      -      0  14489   1907 
    1    153     61      -    100      1      0      0      0      0   9501   1905      0      0  22317  22317      0      -      -      0  18385   2143 
    0    177     60      -    100      6      0      0      0      0   9501   1950      0      0  22317      4      0      -      -      0  19878   2255 
    1    154     61      -    100      0      0      0      0      0   9501   1905      0      0  22317  22317      0      -      -      0  17813   1942 
    0    176     60      -    100      0      0      0      0      0   9501   1950      0      0  22317      4      0      -      -      0  18572   2140 
    1    154     61      -    100      7      0      0      0      0   9501   1905      0      0  22317  22317      0      -      -      0  16422   1764 
    0    176     61      -    100      0      0      0      0      0   9501   1950      0      0  22317      4      0      -      -      0  16667   1897 
    1    154     61      -    100      0      0      0      0      0   9501   1905      0      0  22317  22317      0      -      -      0  14227   1933 
    0    177     60      -    100      0      0      0      0      0   9501   1950      0      0  22317      4      0      -      -      0  15388   2050 
    1    153     61      -    100      0      0      0      0      0   9501   1905      0      0  22317  22317      0      -      -      0  18444   1583 
    0    177     60      -    100      5      0      0      0      0   9501   1950      0      0  22317      4      0      -      -      0  20110   2492 
    1    153     61      -    100      0      0      0      0      0   9501   1905      0      0  22317  22317      0      -      -      0  18345   1779 
    0    177     60      -    100      5      0      0      0      0   9501   1950      0      0  22317      4      0      -      -      0  19133   1971 
    1    153     61      -    100      0      0      0      0      0   9501   1905      0      0  22317  22317      0      -      -      0  20360   2311 
    0    177     60      -    100      0      0      0      0      0   9501   1950      0      0  22317      4      0      -      -      0  19688   1972 
    1    153     61      -    100      0      0      0      0      0   9501   1905      0      0  22317  22317      0      -      -      0  14979   2040 
    0    178     61      -    100      5      0      0      0      0   9501   1950      0      0  22317      4      0      -      -      0  19549   2319 
    1    154     61      -    100      5      0      0      0      0   9501   1905      0      0  22317  22317      0      -      -      0  17864   1857 
    0    176     60      -    100      0      0      0      0      0   9501   1950      0      0  22317      4      0      -      -      0  16128   1845 
    1    153     61      -    100      5      0      0      0      0   9501   1905      0      0  22317  22317      0      -      -      0  14464   1708 
    0    177     60      -    100      0      0      0      0      0   9501   1950      0      0  22317      4      0      -      -      0  19654   1777 
    1    154     61      -    100      0      0      0      0      0   9501   1905      0      0  22317  22317      0      -      -      0  15744   2429 
    0    177     60      -    100      5      0      0      0      0   9501   1950      0      0  22317      4      0      -      -      0  17091   2060 
    1    154     61      -    100      0      0      0      0      0   9501   1905      0      0  22317  22317      0      -      -      0  18351   2808 
    0    178     60      -    100      6      0      0      0      0   9501   1950      0      0  22317      4      0      -      -      0  19945   1823 
    1    154     61      -    100      6      0      0      0      0   9501   1905      0      0  22317  22317      0      -      -      0  16724   2098 
    0    177     60      -    100      0      0      0      0      0   9501   1950      0      0  22317      4      0      -      -      0  14189   1687 
    1    153     61      -    100      0      0      0      0      0   9501   1905      0      0  22317  22317      0      -      -      0  14626   2940 
    0    177     60      -    100      0      0      0      0      0   9501   1950      0      0  22317      4      0      -      -      0  21282   2287 
    1    154     61      -    100      0      0      0      0      0   9501   1905      0      0  22317  22317      0      -      -      0  19330   2338 
    0    178     60      -    100      1      0      0      0      0   9501   1950      0      0  22317      4      0      -      -      0  12961   2761 
    1    153     61      -    100      0      0      0      0      0   9501   1905      0      0  22317  22317      0      -      -      0  19472   2176 
    0    176     60      -    100      0      0      0      0      0   9501   1950      0      0  22317      4      0      -      -      0  18330   1618 
    1    153     61      -    100      6      0      0      0      0   9501   1905      0      0  22317  22317      0      -      -      0  12563   2639 
    0    177     60      -    100      5      0      0      0      0   9501   1950      0      0  22317      4      0      -      -      0  20016   2091 
    1    154     61      -    100      0      0      0      0      0   9501   1905      0      0  22317  22317      0      -      -      0  20905   2354 
# gpu    pwr  gtemp  mtemp     sm    mem    enc    dec    jpg    ofa   mclk   pclk  pviol  tviol     fb   bar1   ccpm  sbecc  dbecc    pci  rxpci  txpci 
# Idx      W      C      C      %      %      %      %      %      %    MHz    MHz      %   bool     MB     MB     MB   errs   errs   errs   MB/s   MB/s 
    0    182     61      -    100      0      0      0      0      0   9501   1950      0      0  22317      4      0      -      -      0  14049   2295 
    1    159     61      -    100      0      0      0      0      0   9501   1905      0      0  22317  22317      0      -      -      0  13085   1881 
    0    189     61      -    100      0      0      0      0      0   9501   1950      0      0  22317      4      0      -      -      0  21336   2591 
    1    163     61      -    100      0      0      0      0      0   9501   1905      0      0  22317  22317      0      -      -      0  19091   2169 
    0    177     60      -    100      0      0      0      0      0   9501   1950      0      0  22317      4      0      -      -      0  14876   1652 
    1    153     61      -    100      0      0      0      0      0   9501   1905      0      0  22317  22317      0      -      -      0  26492   2619 
    0    178     61      -    100      0      0      0      0      0   9501   1950      0      0  22317      4      0      -      -      0  25898   3215 
    1    156     61      -    100      0      0      0      0      0   9501   1905      0      0  22317  22317      0      -      -      0  12489   2208 
    0    182     60      -    100      0      0      0      0      0   9501   1950      0      0  22317      4      0      -      -      0  15394   2697 
    1    158     61      -    100      0      0      0      0      0   9501   1905      0      0  22317  22317      0      -      -      0  13067   2562 
    0    177     60      -    100      0      0      0      0      0   9501   1950      0      0  22317      4      0      -      -      0  18864   2423 
    1    154     61      -    100      0      0      0      0      0   9501   1905      0      0  22317  22317      0      -      -      0  21834   2672 
    0    177     60      -    100      0      0      0      0      0   9501   1950      0      0  22317      4      0      -      -      0  22072   2117 
    1    154     61      -    100      0      0      0      0      0   9501   1905      0      0  22317  22317      0      -      -      0  16835   2021 
    0    176     60      -    100      0      0      0      0      0   9501   1950      0      0  22317      4      0      -      -      0  22314   2419 
    1    154     61      -    100      7      0      0      0      0   9501   1905      0      0  22317  22317      0      -      -      0  18645   1999 
    0    177     60      -    100      7      0      0      0      0   9501   1950      0      0  22317      4      0      -      -      0  16460   2333 
    1    154     61      -    100      0      0      0      0      0   9501   1905      0      0  22317  22317      0      -      -      0  21090   2115 
    0    177     60      -    100      7      0      0      0      0   9501   1950      0      0  22317      4      0      -      -      0  16382   2021 
    1    154     61      -    100      0      0      0      0      0   9501   1905      0      0  22317  22317      0      -      -      0  19049   2254 
    0    177     60      -    100      0      0      0      0      0   9501   1950      0      0  22317      4      0      -      -      0  22754   1983 
    1    154     61      -    100      0      0      0      0      0   9501   1905      0      0  22317  22317      0      -      -      0  20545   2542 
    0    177     61      -    100      8      0      0      0      0   9501   1950      0      0  22317      4      0      -      -      0  23768   2738 
    1    154     61      -    100      0      0      0      0      0   9501   1905      0      0  22317  22317      0      -      -      0  18147   2197 
    0    177     60      -    100      0      0      0      0      0   9501   1950      0      0  22317      4      0      -      -      0  13536   2584 
    1    153     61      -    100      0      0      0      0      0   9501   1905      0      0  22317  22317      0      -      -      0  17745   2122 
    0    177     60      -    100      5      0      0      0      0   9501   1950      0      0  22317      4      0      -      -      0  19686   2769 
    1    154     61      -    100      0      0      0      0      0   9501   1905      0      0  22317  22317      0      -      -      0  18547   2058 
    0    177     60      -    100      0      0      0      0      0   9501   1950      0      0  22317      4      0      -      -      0  14624   1708 
    1    153     61      -    100      0      0      0      0      0   9501   1905      0      0  22317  22317      0      -      -      0  20756   2085 
    0    177     60      -    100      0      0      0      0      0   9501   1950      0      0  22317      4      0      -      -      0  15414   1885 
    1    154     61      -    100      0      0      0      0      0   9501   1905      0      0  22317  22317      0      -      -      0  24651   2258 
    0    177     61      -    100      0      0      0      0      0   9501   1950      0      0  22317      4      0      -      -      0  18875   2284 
    1    154     61      -    100      0      0      0      0      0   9501   1905      0      0  22317  22317      0      -      -      0  20730   2482 
    0    178     60      -    100      2      0      0      0      0   9501   1950      0      0  22317      4      0      -      -      0  23325   2302 
    1    154     61      -    100      1      0      0      0      0   9501   1905      0      0  22317  22317      0      -      -      0  16813   2112 
    0    177     60      -    100      0      0      0      0      0   9501   1950      0      0  22317      4      0      -      -      0  22470   2154 
    1    153     61      -    100      0      0      0      0      0   9501   1905      0      0  22317  22317      0      -      -      0  22475   2628 
    0    176     60      -    100      0      0      0      0      0   9501   1950      0      0  22317      4      0      -      -      0  20546   2475 
    1    155     61      -    100      9      0      0      0      0   9501   1905      0      0  22317  22317      0      -      -      0  12069   2422 
    0    177     60      -    100      8      0      0      0      0   9501   1950      0      0  22317      4      0      -      -      0  15632   1927 
    1    154     61      -    100      0      0      0      0      0   9501   1905      0      0  22317  22317      0      -      -      0  20935   1810 
    0    176     61      -    100      0      0      0      0      0   9501   1950      0      0  22317      4      0      -      -      0  20584   2173 
    1    154     61      -    100      0      0      0      0      0   9501   1905      0      0  22317  22317      0      -      -      0  16370   2191 
# gpu    pwr  gtemp  mtemp     sm    mem    enc    dec    jpg    ofa   mclk   pclk  pviol  tviol     fb   bar1   ccpm  sbecc  dbecc    pci  rxpci  txpci 
# Idx      W      C      C      %      %      %      %      %      %    MHz    MHz      %   bool     MB     MB     MB   errs   errs   errs   MB/s   MB/s 
    0    177     60      -    100      0      0      0      0      0   9501   1950      0      0  22317      4      0      -      -      0  15925   2554 
    1    153     61      -    100      0      0      0      0      0   9501   1905      0      0  22317  22317      0      -      -      0  20998   2174 
    0    176     60      -    100      0      0      0      0      0   9501   1950      0      0  22317      4      0      -      -      0  13527   2584 
    1    155     61      -    100      0      0      0      0      0   9501   1905      0      0  22317  22317      0      -      -      0  20732   2060 
    0    177     60      -    100      0      0      0      0      0   9501   1950      0      0  22317      4      0      -      -      0  18345   1954 
    1    155     61      -    100      0      0      0      0      0   9501   1905      0      0  22317  22317      0      -      -      0  11605   2411 
    0    177     60      -    100      0      0      0      0      0   9501   1950      0      0  22317      4      0      -      -      0  19522   2397 
    1    155     61      -    100      5      0      0      0      0   9501   1905      0      0  22317  22317      0      -      -      0  21976   2412 
    0    177     60      -    100      0      0      0      0      0   9501   1950      0      0  22317      4      0      -      -      0  23016   2261 
    1    154     61      -    100      0      0      0      0      0   9501   1905      0      0  22317  22317      0      -      -      0  15962   2083 
    0    176     60      -    100      0      0      0      0      0   9501   1950      0      0  22317      4      0      -      -      0  17639   2287 
    1    154     61      -    100      0      0      0      0      0   9501   1905      0      0  22317  22317      0      -      -      0  17397   1943 
    0    177     60      -    100      0      0      0      0      0   9501   1950      0      0  22317      4      0      -      -      0  23023   2092 
    1    154     61      -    100      0      0      0      0      0   9501   1905      0      0  22317  22317      0      -      -      0  21564   2502 
    0    176     60      -    100      0      0      0      0      0   9501   1950      0      0  22317      4      0      -      -      0  17493   2490 
    1    154     61      -    100      0      0      0      0      0   9501   1905      0      0  22317  22317      0      -      -      0  18816   2225 
    0    177     60      -    100      0      0      0      0      0   9501   1950      0      0  22317      4      0      -      -      0  20565   1711 
    1    154     61      -    100      0      0      0      0      0   9501   1905      0      0  22317  22317      0      -      -      0  11820   2439 
    0    176     60      -    100      0      0      0      0      0   9501   1950      0      0  22317      4      0      -      -      0  16174   2154 
    1    153     61      -    100      5      0      0      0      0   9501   1905      0      0  22317  22317      0      -      -      0  13813   1685 
    0    177     60      -    100      5      0      0      0      0   9501   1950      0      0  22317      4      0      -      -      0  21278   1662 
    1    154     61      -    100      0      0      0      0      0   9501   1905      0      0  22317  22317      0      -      -      0  18872   2292 
    0    177     60      -    100      4      0      0      0      0   9501   1950      0      0  22317      4      0      -      -      0  21472   2058 
    1    154     61      -    100      1      0      0      0      0   9501   1905      0      0  22317  22317      0      -      -      0  15574   2183 
    0    177     60      -    100      0      0      0      0      0   9501   1950      0      0  22317      4      0      -      -      0  17339   2028 
    1    154     61      -    100      0      0      0      0      0   9501   1905      0      0  22317  22317      0      -      -      0  22865   2260 
    0    176     60      -    100      0      0      0      0      0   9501   1950      0      0  22317      4      0      -      -      0  24562   2425 
    1    154     61      -    100      0      0      0      0      0   9501   1905      0      0  22317  22317      0      -      -      0  22523   2738 
    0    177     60      -    100      2      0      0      0      0   9501   1950      0      0  22317      4      0      -      -      0  16234   1831 
    1    154     61      -    100      0      0      0      0      0   9501   1905      0      0  22317  22317      0      -      -      0  21297   2143 
    0    176     60      -    100      0      0      0      0      0   9501   1950      0      0  22317      4      0      -      -      0  17615   1688 
    1    153     61      -    100      6      0      0      0      0   9501   1905      0      0  22317  22317      0      -      -      0  11588   2340 
    0    177     60      -    100      5      0      0      0      0   9501   1950      0      0  22317      4      0      -      -      0  16106   1759 
    1    154     61      -    100      0      0      0      0      0   9501   1905      0      0  22317  22317      0      -      -      0  20356   2368 
    0    177     60      -    100      0      0      0      0      0   9501   1950      0      0  22317      4      0      -      -      0  21819   2620 
    1    154     61      -    100      0      0      0      0      0   9501   1905      0      0  22317  22317      0      -      -      0  20835   1971 
    0    178     60      -    100      0      0      0      0      0   9501   1950      0      0  22317      4      0      -      -      0  20437   2218 
    1    154     61      -    100      0      0      0      0      0   9501   1905      0      0  22317  22317      0      -      -      0  18069   1847 
    0    177     61      -    100      4      0      0      0      0   9501   1950      0      0  22317      4      0      -      -      0  16296   2238 
    1    154     61      -    100      6      0      0      0      0   9501   1905      0      0  22317  22317      0      -      -      0  16862   1495 
    0    177     60      -    100      5      0      0      0      0   9501   1950      0      0  22317      4      0      -      -      0  15673   2340 
    1    154     61      -    100      0      0      0      0      0   9501   1905      0      0  22317  22317      0      -      -      0  20309   1898 
    0    177     60      -    100      0      0      0      0      0   9501   1950      0      0  22317      4      0      -      -      0  20357   1945 
    1    154     61      -    100      0      0      0      0      0   9501   1905      0      0  22317  22317      0      -      -      0  19721   2346 
# gpu    pwr  gtemp  mtemp     sm    mem    enc    dec    jpg    ofa   mclk   pclk  pviol  tviol     fb   bar1   ccpm  sbecc  dbecc    pci  rxpci  txpci 
# Idx      W      C      C      %      %      %      %      %      %    MHz    MHz      %   bool     MB     MB     MB   errs   errs   errs   MB/s   MB/s 
    0    177     60      -    100      0      0      0      0      0   9501   1950      0      0  22317      4      0      -      -      0  22148   2630 
    1    154     61      -    100      0      0      0      0      0   9501   1905      0      0  22317  22317      0      -      -      0  18339   1845 
    0    177     60      -    100      0      0      0      0      0   9501   1950      0      0  22317      4      0      -      -      0  19626   2542 
    1    154     61      -    100      0      0      0      0      0   9501   1905      0      0  22317  22317      0      -      -      0  21952   2451 
    0    178     61      -    100      5      0      0      0      0   9501   1950      0      0  22317      4      0      -      -      0  15659   2602 
    1    154     61      -    100      7      0      0      0      0   9501   1905      0      0  22317  22317      0      -      -      0  18106   2057 
    0    178     61      -    100      0      0      0      0      0   9501   1950      0      0  22317      4      0      -      -      0  15875   2078 
    1    155     61      -    100      0      0      0      0      0   9501   1905      0      0  22317  22317      0      -      -      0  16660   2086 
    0    176     60      -    100      0      0      0      0      0   9501   1950      0      0  22317      4      0      -      -      0  15450   1848 
    1    153     61      -    100      7      0      0      0      0   9501   1905      0      0  22317  22317      0      -      -      0  18595   2115 
    0    177     60      -    100      7      0      0      0      0   9501   1950      0      0  22317      4      0      -      -      0  19075   1973 
    1    154     61      -    100      0      0      0      0      0   9501   1905      0      0  22317  22317      0      -      -      0  18379   2161 
    0    177     60      -    100      6      0      0      0      0   9501   1950      0      0  22317      4      0      -      -      0  14115   2426 
    1    154     61      -    100      6      0      0      0      0   9501   1905      0      0  22317  22317      0      -      -      0  19096   2120 
    0    177     60      -    100      0      0      0      0      0   9501   1950      0      0  22317      4      0      -      -      0  13398   2791 
    1    153     61      -    100      0      0      0      0      0   9501   1905      0      0  22317  22317      0      -      -      0  18380   2277 
    0    176     60      -    100      0      0      0      0      0   9501   1950      0      0  22317      4      0      -      -      0  19289   2289 
    1    153     61      -    100      0      0      0      0      0   9501   1905      0      0  22317  22317      0      -      -      0  14092   2846 
    0    177     61      -    100      7      0      0      0      0   9501   1950      0      0  22317      4      0      -      -      0  19565   2311 
    1    154     61      -    100      0      0      0      0      0   9501   1905      0      0  22317  22317      0      -      -      0  17550   2169 
    0    177     60      -    100      0      0      0      0      0   9501   1950      0      0  22317      4      0      -      -      0  17664   2388 
    1    153     61      -    100      0      0      0      0      0   9501   1905      0      0  22317  22317      0      -      -      0  20813   2118 
    0    176     60      -    100      0      0      0      0      0   9501   1950      0      0  22317      4      0      -      -      0  13081   2753 
    1    154     61      -    100      7      0      0      0      0   9501   1905      0      0  22317  22317      0      -      -      0  18559   1865 
    0    175     60      -    100      0      0      0      0      0   9501   1950      0      0  22317      4      0      -      -      0  19856   2529 
    1    154     61      -    100      0      0      0      0      0   9501   1905      0      0  22317  22317      0      -      -      0  23998   2230 
    0    176     61      -    100      7      0      0      0      0   9501   1950      0      0  22317      4      0      -      -      0  18347   1704 
    1    154     61      -    100      0      0      0      0      0   9501   1905      0      0  22317  22317      0      -      -      0  13271   2531 
    0    176     60      -    100      0      0      0      0      0   9501   1950      0      0  22317      4      0      -      -      0  18166   2194 
    1    153     61      -    100      0      0      0      0      0   9501   1905      0      0  22317  22317      0      -      -      0  13327   1784 
    0    177     60      -    100      7      0      0      0      0   9501   1950      0      0  22317      4      0      -      -      0  14409   1870 
    1    153     61      -    100      0      0      0      0      0   9501   1905      0      0  22317  22317      0      -      -      0  18384   1565 
    0    176     60      -    100      0      0      0      0      0   9501   1950      0      0  22317      4      0      -      -      0  22071   1975 
    1    154     61      -    100      0      0      0      0      0   9501   1905      0      0  22317  22317      0      -      -      0  14723   1899 
    0    177     60      -    100      8      0      0      0      0   9501   1950      0      0  22317      4      0      -      -      0  19034   2356 
    1    154     61      -    100      0      0      0      0      0   9501   1905      0      0  22317  22317      0      -      -      0  21722   2142 
    0    176     60      -    100      0      0      0      0      0   9501   1950      0      0  22317      4      0      -      -      0  14993   2854 
    1    154     61      -    100      0      0      0      0      0   9501   1905      0      0  22317  22317      0      -      -      0  16703   2221 
    0    177     60      -    100      5      0      0      0      0   9501   1950      0      0  22317      4      0      -      -      0  18253   2880 
    1    154     61      -    100      0      0      0      0      0   9501   1905      0      0  22317  22317      0      -      -      0  19791   2120 
    0    177     60      -    100      0      0      0      0      0   9501   1950      0      0  22317      4      0      -      -      0  18885   2161 
    1    154     61      -    100      0      0      0      0      0   9501   1905      0      0  22317  22317      0      -      -      0  12297   2392 
    0    177     60      -    100      7      0      0      0      0   9501   1950      0      0  22317      4      0      -      -      0  19616   2369 
    1    154     61      -    100      0      0      0      0      0   9501   1905      0      0  22317  22317      0      -      -      0  12092   2325 
# gpu    pwr  gtemp  mtemp     sm    mem    enc    dec    jpg    ofa   mclk   pclk  pviol  tviol     fb   bar1   ccpm  sbecc  dbecc    pci  rxpci  txpci 
# Idx      W      C      C      %      %      %      %      %      %    MHz    MHz      %   bool     MB     MB     MB   errs   errs   errs   MB/s   MB/s 
    0    176     60      -    100      0      0      0      0      0   9501   1950      0      0  22317      4      0      -      -      0  15924   2164 
    1    154     61      -    100      0      0      0      0      0   9501   1905      0      0  22317  22317      0      -      -      0  14126   1740 
    0    177     60      -    100      7      0      0      0      0   9501   1950      0      0  22317      4      0      -      -      0  19866   2341 
    1    153     61      -    100      0      0      0      0      0   9501   1905      0      0  22317  22317      0      -      -      0  19116   2597 
    0    177     61      -    100      8      0      0      0      0   9501   1950      0      0  22317      4      0      -      -      0  21015   2140 
    1    154     61      -    100      5      0      0      0      0   9501   1905      0      0  22317  22317      0      -      -      0  16182   1935 
    0    177     60      -    100      0      0      0      0      0   9501   1950      0      0  22317      4      0      -      -      0  19093   1803 
    1    154     61      -    100      0      0      0      0      0   9501   1905      0      0  22317  22317      0      -      -      0  20120   2312 
    0    177     60      -    100      8      0      0      0      0   9501   1950      0      0  22317      4      0      -      -      0  20908   2414 
    1    154     61      -    100      0      0      0      0      0   9501   1905      0      0  22317  22317      0      -      -      0  19513   2143 
    0    177     60      -    100      0      0      0      0      0   9501   1950      0      0  22317      4      0      -      -      0  18859   2644 
    1    154     61      -    100      5      0      0      0      0   9501   1905      0      0  22317  22317      0      -      -      0  22786   2264 
    0    177     60      -    100      3      0      0      0      0   9501   1950      0      0  22317      4      0      -      -      0  24502   2765 
    1    154     61      -    100      0      0      0      0      0   9501   1905      0      0  22317  22317      0      -      -      0  22043   2747 
    0    176     60      -    100      0      0      0      0      0   9501   1950      0      0  22317      4      0      -      -      0  18823   1701 
    1    153     61      -    100      0      0      0      0      0   9501   1905      0      0  22317  22317      0      -      -      0  13289   2839 
    0    178     61      -    100      2      0      0      0      0   9501   1950      0      0  22317      4      0      -      -      0  22079   2313 
    1    154     61      -    100      5      0      0      0      0   9501   1905      0      0  22317  22317      0      -      -      0  17250   2323 
    0    177     60      -    100      0      0      0      0      0   9501   1950      0      0  22317      4      0      -      -      0  20283   1906 
    1    154     61      -    100      0      0      0      0      0   9501   1905      0      0  22317  22317      0      -      -      0  20347   2476 
    0    176     60      -    100      0      0      0      0      0   9501   1950      0      0  22317      4      0      -      -      0  13593   2912 
    1    154     61      -    100      0      0      0      0      0   9501   1905      0      0  22317  22317      0      -      -      0  20516   2419 
    0    176     60      -    100      5      0      0      0      0   9501   1950      0      0  22317      4      0      -      -      0  18535   2618 
    1    154     61      -    100      0      0      0      0      0   9501   1905      0      0  22317  22317      0      -      -      0  22896   2512 
    0    176     60      -    100      0      0      0      0      0   9501   1950      0      0  22317      4      0      -      -      0  17669   2220 
    1    154     61      -    100      0      0      0      0      0   9501   1905      0      0  22317  22317      0      -      -      0  19504   2474 
    0    177     60      -    100      0      0      0      0      0   9501   1950      0      0  22317      4      0      -      -      0  19597   2126 
    1    154     61      -    100      6      0      0      0      0   9501   1905      0      0  22317  22317      0      -      -      0  18820   1934 
    0    176     60      -    100      0      0      0      0      0   9501   1950      0      0  22317      4      0      -      -      0  15103   2055 
    1    153     61      -    100      0      0      0      0      0   9501   1905      0      0  22317  22317      0      -      -      0  22672   2439 
    0    177     60      -    100      5      0      0      0      0   9501   1950      0      0  22317      4      0      -      -      0  22047   2344 
    1    154     61      -    100      0      0      0      0      0   9501   1905      0      0  22317  22317      0      -      -      0  20009   2314 
    0    176     60      -    100      0      0      0      0      0   9501   1950      0      0  22317      4      0      -      -      0  15563   2734 
    1    154     61      -    100      8      0      0      0      0   9501   1905      0      0  22317  22317      0      -      -      0  20803   2156 
    0    178     60      -    100      0      0      0      0      0   9501   1950      0      0  22317      4      0      -      -      0  21358   2257 
    1    155     61      -    100      0      0      0      0      0   9501   1905      0      0  22317  22317      0      -      -      0  23601   2030 
    0    177     60      -    100      0      0      0      0      0   9501   1950      0      0  22317      4      0      -      -      0  19313   2737 
    1    155     62      -    100      5      0      0      0      0   9501   1905      0      0  22317  22317      0      -      -      0  18870   2104 
    0    177     60      -    100      0      0      0      0      0   9501   1950      0      0  22317      4      0      -      -      0  20035   1701 
    1    153     61      -    100      0      0      0      0      0   9501   1905      0      0  22317  22317      0      -      -      0  13016   2478 
    0    177     61      -    100      5      0      0      0      0   9501   1950      0      0  22317      4      0      -      -      0  14394   2276 
    1    154     61      -    100      7      0      0      0      0   9501   1905      0      0  22317  22317      0      -      -      0  18556   2624 
    0    177     60      -    100      0      0      0      0      0   9501   1950      0      0  22317      4      0      -      -      0  20117   2084 
    1    153     61      -    100      0      0      0      0      0   9501   1905      0      0  22317  22317      0      -      -      0  22087   1889 
# gpu    pwr  gtemp  mtemp     sm    mem    enc    dec    jpg    ofa   mclk   pclk  pviol  tviol     fb   bar1   ccpm  sbecc  dbecc    pci  rxpci  txpci 
# Idx      W      C      C      %      %      %      %      %      %    MHz    MHz      %   bool     MB     MB     MB   errs   errs   errs   MB/s   MB/s 
    0    177     61      -    100      0      0      0      0      0   9501   1950      0      0  22317      4      0      -      -      0  23546   2088 
    1    154     61      -    100      0      0      0      0      0   9501   1905      0      0  22317  22317      0      -      -      0  14823   1793 
    0    177     60      -    100      0      0      0      0      0   9501   1950      0      0  22317      4      0      -      -      0  18899   2254 
    1    153     61      -    100      0      0      0      0      0   9501   1905      0      0  22317  22317      0      -      -      0  21323   2114 
    0    176     60      -    100      0      0      0      0      0   9501   1950      0      0  22317      4      0      -      -      0  17636   1659 
    1    154     61      -    100      0      0      0      0      0   9501   1905      0      0  22317  22317      0      -      -      0  19195   2312 
    0    177     60      -    100      0      0      0      0      0   9501   1950      0      0  22317      4      0      -      -      0  20371   2313 
    1    154     61      -    100      0      0      0      0      0   9501   1905      0      0  22317  22317      0      -      -      0  19465   2316 
    0    177     60      -    100      2      0      0      0      0   9501   1950      0      0  22317      4      0      -      -      0  22304   2203 
    1    154     61      -    100      0      0      0      0      0   9501   1905      0      0  22317  22317      0      -      -      0  20101   2302 
    0    177     60      -    100      7      0      0      0      0   9501   1950      0      0  22317      4      0      -      -      0  23041   2658 
    1    154     61      -    100      0      0      0      0      0   9501   1905      0      0  22317  22317      0      -      -      0  17572   2202 
    0    177     60      -    100      0      0      0      0      0   9501   1950      0      0  22317      4      0      -      -      0  15319   1718 
    1    153     61      -    100      0      0      0      0      0   9501   1905      0      0  22317  22317      0      -      -      0  25483   2463 
    0    177     60      -    100      0      0      0      0      0   9501   1950      0      0  22317      4      0      -      -      0  14476   2113 
    1    154     61      -    100      5      0      0      0      0   9501   1905      0      0  22317  22317      0      -      -      0  13727   1437 
    0    177     60      -    100      0      0      0      0      0   9501   1950      0      0  22317      4      0      -      -      0  16448   1992 
    1    154     61      -    100      0      0      0      0      0   9501   1905      0      0  22317  22317      0      -      -      0  21440   2038 
    0    177     60      -    100      1      0      0      0      0   9501   1950      0      0  22317      4      0      -      -      0  21588   2201 
    1    154     61      -    100      7      0      0      0      0   9501   1905      0      0  22317  22317      0      -      -      0  16610   1967 
    0    176     60      -    100      0      0      0      0      0   9501   1950      0      0  22317      4      0      -      -      0  18380   2312 
    1    153     61      -    100      0      0      0      0      0   9501   1905      0      0  22317  22317      0      -      -      0  16424   1630 
    0    177     61      -    100      1      0      0      0      0   9501   1950      0      0  22317      4      0      -      -      0  20792   2367 
    1    154     61      -    100      7      0      0      0      0   9501   1905      0      0  22317  22317      0      -      -      0  22754   2653 
    0    176     60      -    100      0      0      0      0      0   9501   1950      0      0  22317      4      0      -      -      0  19287   2852 
    1    154     61      -    100      0      0      0      0      0   9501   1905      0      0  22317  22317      0      -      -      0  19865   2337 
    0    176     61      -    100      0      0      0      0      0   9501   1950      0      0  22317      4      0      -      -      0  19873   2397 
    1    154     61      -    100      7      0      0      0      0   9501   1905      0      0  22317  22317      0      -      -      0  13260   2734 
    0    177     60      -    100      0      0      0      0      0   9501   1950      0      0  22317      4      0      -      -      0  14198   2336 
    1    153     61      -    100      0      0      0      0      0   9501   1905      0      0  22317  22317      0      -      -      0  12144   2526 
    0    178     60      -    100      1      0      0      0      0   9501   1950      0      0  22317      4      0      -      -      0  19863   1932 
    1    154     61      -    100      4      0      0      0      0   9501   1905      0      0  22317  22317      0      -      -      0  20319   2460 
    0    176     60      -    100      0      0      0      0      0   9501   1950      0      0  22317      4      0      -      -      0  19057   2457 
    1    153     61      -    100      0      0      0      0      0   9501   1905      0      0  22317  22317      0      -      -      0  18901   2225 
    0    176     61      -    100      0      0      0      0      0   9501   1950      0      0  22317      4      0      -      -      0  21980   2208 
    1    155     61      -    100      0      0      0      0      0   9501   1905      0      0  22317  22317      0      -      -      0  20879   2604 
    0    177     60      -    100      0      0      0      0      0   9501   1950      0      0  22317      4      0      -      -      0  22699   2487 
    1    154     61      -    100      0      0      0      0      0   9501   1905      0      0  22317  22317      0      -      -      0  16762   2151 
    0    177     60      -    100      0      0      0      0      0   9501   1950      0      0  22317      4      0      -      -      0  20727   1904 
    1    154     61      -    100      0      0      0      0      0   9501   1905      0      0  22317  22317      0      -      -      0  18378   2160 
    0    177     60      -    100      0      0      0      0      0   9501   1950      0      0  22317      4      0      -      -      0  14108   2658 
    1    154     61      -    100      5      0      0      0      0   9501   1905      0      0  22317  22317      0      -      -      0  17421   2229 
    0    177     60      -    100      0      0      0      0      0   9501   1950      0      0  22317      4      0      -      -      0  23035   2351 
    1    153     61      -    100      0      0      0      0      0   9501   1905      0      0  22317  22317      0      -      -      0  20321   2475 
# gpu    pwr  gtemp  mtemp     sm    mem    enc    dec    jpg    ofa   mclk   pclk  pviol  tviol     fb   bar1   ccpm  sbecc  dbecc    pci  rxpci  txpci 
# Idx      W      C      C      %      %      %      %      %      %    MHz    MHz      %   bool     MB     MB     MB   errs   errs   errs   MB/s   MB/s 
    0    178     61      -    100      0      0      0      0      0   9501   1950      0      0  22317      4      0      -      -      0  15666   1835 
    1    155     61      -    100      5      0      0      0      0   9501   1905      0      0  22317  22317      0      -      -      0  13523   2668 
    0    178     60      -    100      0      0      0      0      0   9501   1950      0      0  22317      4      0      -      -      0  16914   1910 
    1    153     61      -    100      0      0      0      0      0   9501   1905      0      0  22317  22317      0      -      -      0  18393   2141 
    0    176     61      -    100      0      0      0      0      0   9501   1950      0      0  22317      4      0      -      -      0  21051   2112 
    1    154     61      -    100      0      0      0      0      0   9501   1905      0      0  22317  22317      0      -      -      0  17155   2115 
    0    177     60      -    100      6      0      0      0      0   9501   1950      0      0  22317      4      0      -      -      0  19291   2455 
    1    153     61      -    100      0      0      0      0      0   9501   1905      0      0  22317  22317      0      -      -      0  19103   2113 
    0    177     60      -    100      0      0      0      0      0   9501   1950      0      0  22317      4      0      -      -      0  20171   2092 
    1    154     61      -    100      5      0      0      0      0   9501   1905      0      0  22317  22317      0      -      -      0  20923   2057 
    0    176     60      -    100      0      0      0      0      0   9501   1950      0      0  22317      4      0      -      -      0  23825   2281 
    1    154     61      -    100      0      0      0      0      0   9501   1905      0      0  22317  22317      0      -      -      0  17087   1947 
    0    177     60      -    100      0      0      0      0      0   9501   1950      0      0  22317      4      0      -      -      0  15949   2134 
    1    154     61      -    100      0      0      0      0      0   9501   1905      0      0  22317  22317      0      -      -      0  21554   2148 
    0    176     60      -    100      0      0      0      0      0   9501   1950      0      0  22317      4      0      -      -      0  12917   2539 
    1    154     61      -    100      0      0      0      0      0   9501   1905      0      0  22317  22317      0      -      -      0  16424   2383 
    0    177     60      -    100      8      0      0      0      0   9501   1950      0      0  22317      4      0      -      -      0  21227   2469 
    1    154     61      -    100      0      0      0      0      0   9501   1905      0      0  22317  22317      0      -      -      0  24254   2177 
    0    177     60      -    100      0      0      0      0      0   9501   1950      0      0  22317      4      0      -      -      0  18487   1807 
    1    153     61      -    100      0      0      0      0      0   9501   1905      0      0  22317  22317      0      -      -      0  20584   2429 
    0    177     60      -    100      0      0      0      0      0   9501   1950      0      0  22317      4      0      -      -      0  15590   1682 
    1    154     61      -    100      0      0      0      0      0   9501   1905      0      0  22317  22317      0      -      -      0  14061   1762 
    0    177     60      -    100      5      0      0      0      0   9501   1950      0      0  22317      4      0      -      -      0  15425   1769 
    1    154     61      -    100      5      0      0      0      0   9501   1905      0      0  22317  22317      0      -      -      0  20236   1728 
    0    177     60      -    100      0      0      0      0      0   9501   1950      0      0  22317      4      0      -      -      0  19521   1853 
    1    153     61      -    100      0      0      0      0      0   9501   1905      0      0  22317  22317      0      -      -      0  19116   2340 
    0    177     60      -    100      5      0      0      0      0   9501   1950      0      0  22317      4      0      -      -      0  20963   2245 
    1    154     61      -    100      5      0      0      0      0   9501   1905      0      0  22317  22317      0      -      -      0  17187   2082 
    0    176     60      -    100      0      0      0      0      0   9501   1950      0      0  22317      4      0      -      -      0  18083   2341 
    1    155     61      -    100      0      0      0      0      0   9501   1905      0      0  22317  22317      0      -      -      0  17083   1884 
    0    177     60      -    100      5      0      0      0      0   9501   1950      0      0  22317      4      0      -      -      0  16378   2305 
    1    153     61      -    100      0      0      0      0      0   9501   1905      0      0  22317  22317      0      -      -      0  23282   2345 
    0    176     60      -    100      0      0      0      0      0   9501   1950      0      0  22317      4      0      -      -      0  14208   1851 
    1    154     61      -    100      6      0      0      0      0   9501   1905      0      0  22317  22317      0      -      -      0  18785   2041 
    0    178     60      -    100      0      0      0      0      0   9501   1950      0      0  22317      4      0      -      -      0  21025   2446 
    1    153     61      -    100      0      0      0      0      0   9501   1905      0      0  22317  22317      0      -      -      0  13846   2872 
    0    176     60      -    100      0      0      0      0      0   9501   1950      0      0  22317      4      0      -      -      0  20782   2289 
    1    154     61      -    100      0      0      0      0      0   9501   1905      0      0  22317  22317      0      -      -      0  18721   2570 
    0    176     60      -    100      0      0      0      0      0   9501   1950      0      0  22317      4      0      -      -      0  17818   1753 
    1    155     61      -    100      8      0      0      0      0   9501   1905      0      0  22317  22317      0      -      -      0  20246   2272 
    0    176     60      -    100      0      0      0      0      0   9501   1950      0      0  22317      4      0      -      -      0  19851   2560 
    1    154     61      -    100      0      0      0      0      0   9501   1905      0      0  22317  22317      0      -      -      0  17916   2282 
    0    177     61      -    100      0      0      0      0      0   9501   1950      0      0  22317      4      0      -      -      0  13261   1679 
    1    154     61      -    100      0      0      0      0      0   9501   1905      0      0  22317  22317      0      -      -      0  17272   1841 
# gpu    pwr  gtemp  mtemp     sm    mem    enc    dec    jpg    ofa   mclk   pclk  pviol  tviol     fb   bar1   ccpm  sbecc  dbecc    pci  rxpci  txpci 
# Idx      W      C      C      %      %      %      %      %      %    MHz    MHz      %   bool     MB     MB     MB   errs   errs   errs   MB/s   MB/s 
    0    177     60      -    100      0      0      0      0      0   9501   1950      0      0  22317      4      0      -      -      0  18810   2377 
    1    154     61      -    100      0      0      0      0      0   9501   1905      0      0  22317  22317      0      -      -      0  19525   2762 
    0    178     60      -    100      5      0      0      0      0   9501   1950      0      0  22317      4      0      -      -      0  19520   2198 
    1    154     61      -    100      0      0      0      0      0   9501   1905      0      0  22317  22317      0      -      -      0  22021   2655 
    0    178     60      -    100      0      0      0      0      0   9501   1950      0      0  22317      4      0      -      -      0  20854   2793 
    1    154     61      -    100      0      0      0      0      0   9501   1905      0      0  22317  22317      0      -      -      0  23767   2567 
    0    177     61      -    100      0      0      0      0      0   9501   1950      0      0  22317      4      0      -      -      0  20110   2572 
    1    155     61      -    100      0      0      0      0      0   9501   1905      0      0  22317  22317      0      -      -      0  20857   2446 
    0    177     60      -    100      0      0      0      0      0   9501   1950      0      0  22317      4      0      -      -      0  14611   1654 
    1    153     61      -    100      0      0      0      0      0   9501   1905      0      0  22317  22317      0      -      -      0  25003   2161 
    0    176     60      -    100      0      0      0      0      0   9501   1950      0      0  22317      4      0      -      -      0  23239   2347 
    1    153     61      -    100      0      0      0      0      0   9501   1905      0      0  22317  22317      0      -      -      0  16948   1577 
    0    177     60      -    100      0      0      0      0      0   9501   1950      0      0  22317      4      0      -      -      0  21007   2198 
    1    154     61      -    100      0      0      0      0      0   9501   1905      0      0  22317  22317      0      -      -      0  20831   2419 
    0    177     60      -    100      0      0      0      0      0   9501   1950      0      0  22317      4      0      -      -      0  21953   2536 
    1    153     61      -    100      0      0      0      0      0   9501   1905      0      0  22317  22317      0      -      -      0  19849   2058 
    0    177     60      -    100      7      0      0      0      0   9501   1950      0      0  22317      4      0      -      -      0  21016   2193 
    1    154     61      -    100      2      0      0      0      0   9501   1905      0      0  22317  22317      0      -      -      0  22277   2395 
    0    176     60      -    100      0      0      0      0      0   9501   1950      0      0  22317      4      0      -      -      0  22746   2800 
    1    153     61      -    100      0      0      0      0      0   9501   1905      0      0  22317  22317      0      -      -      0  17243   1628 
    0    177     60      -    100      0      0      0      0      0   9501   1950      0      0  22317      4      0      -      -      0  18149   2839 
    1    154     61      -    100      0      0      0      0      0   9501   1905      0      0  22317  22317      0      -      -      0  19879   2674 
    0    176     60      -    100      0      0      0      0      0   9501   1950      0      0  22317      4      0      -      -      0  15003   2006 
    1    155     61      -    100      0      0      0      0      0   9501   1905      0      0  22317  22317      0      -      -      0  14505   2982 
    0    178     60      -    100      8      0      0      0      0   9501   1950      0      0  22317      4      0      -      -      0  18581   2087 
    1    153     61      -    100      8      0      0      0      0   9501   1905      0      0  22317  22317      0      -      -      0  16810   2021 
    0    177     60      -    100      0      0      0      0      0   9501   1950      0      0  22317      4      0      -      -      0  15951   2107 
    1    153     61      -    100      0      0      0      0      0   9501   1905      0      0  22317  22317      0      -      -      0  21716   2229 
    0    177     61      -    100      5      0      0      0      0   9501   1950      0      0  22317      4      0      -      -      0  20830   2476 
    1    154     61      -    100      0      0      0      0      0   9501   1905      0      0  22317  22317      0      -      -      0  18287   2333 
    0    177     60      -    100      0      0      0      0      0   9501   1950      0      0  22317      4      0      -      -      0  18825   2083 
    1    154     61      -    100      0      0      0      0      0   9501   1905      0      0  22317  22317      0      -      -      0  22082   2530 
    0    177     60      -    100      8      0      0      0      0   9501   1950      0      0  22317      4      0      -      -      0  13327   2737 
    1    154     61      -    100      0      0      0      0      0   9501   1905      0      0  22317  22317      0      -      -      0  20091   2074 
    0    177     60      -    100      0      0      0      0      0   9501   1950      0      0  22317      4      0      -      -      0  22261   2540 
    1    153     61      -    100      0      0      0      0      0   9501   1905      0      0  22317  22317      0      -      -      0  19952   2652 
    0    177     60      -    100      8      0      0      0      0   9501   1950      0      0  22317      4      0      -      -      0  17889   1920 
    1    155     61      -    100      0      0      0      0      0   9501   1905      0      0  22317  22317      0      -      -      0  21463   2541 
    0    176     60      -    100      0      0      0      0      0   9501   1950      0      0  22317      4      0      -      -      0  20776   2676 
    1    153     61      -    100      0      0      0      0      0   9501   1905      0      0  22317  22317      0      -      -      0  19537   1905 
    0    176     60      -    100      0      0      0      0      0   9501   1950      0      0  22317      4      0      -      -      0  23735   1978 
    1    154     61      -    100      5      0      0      0      0   9501   1905      0      0  22317  22317      0      -      -      0  21131   2597 
    0    178     60      -    100      7      0      0      0      0   9501   1950      0      0  22317      4      0      -      -      0  10016   1674 
    1    153     61      -    100      0      0      0      0      0   9501   1905      0      0  22317  22317      0      -      -      0  23685   2095 
# gpu    pwr  gtemp  mtemp     sm    mem    enc    dec    jpg    ofa   mclk   pclk  pviol  tviol     fb   bar1   ccpm  sbecc  dbecc    pci  rxpci  txpci 
# Idx      W      C      C      %      %      %      %      %      %    MHz    MHz      %   bool     MB     MB     MB   errs   errs   errs   MB/s   MB/s 
    0    176     60      -    100      0      0      0      0      0   9501   1950      0      0  22317      4      0      -      -      0  18812   2457 
    1    154     61      -    100      5      0      0      0      0   9501   1905      0      0  22317  22317      0      -      -      0  21172   2893 
    0    177     60      -    100      8      0      0      0      0   9501   1950      0      0  22317      4      0      -      -      0  20045   2286 
    1    154     61      -    100      0      0      0      0      0   9501   1905      0      0  22317  22317      0      -      -      0  18625   2283 
    0    176     60      -    100      0      0      0      0      0   9501   1950      0      0  22317      4      0      -      -      0  18271   2367 
    1    153     61      -    100      0      0      0      0      0   9501   1905      0      0  22317  22317      0      -      -      0  17896   1898 
    0    177     61      -    100      8      0      0      0      0   9501   1950      0      0  22317      4      0      -      -      0  16628   2240 
    1    154     61      -    100      5      0      0      0      0   9501   1905      0      0  22317  22317      0      -      -      0  20112   2229 
    0    177     60      -    100      0      0      0      0      0   9501   1950      0      0  22317      4      0      -      -      0  14397   2191 
    1    154     61      -    100      5      0      0      0      0   9501   1905      0      0  22317  22317      0      -      -      0  19275   2281 
    0    177     60      -    100      0      0      0      0      0   9501   1950      0      0  22317      4      0      -      -      0  22702   2656 
    1    154     61      -    100      0      0      0      0      0   9501   1905      0      0  22317  22317      0      -      -      0  19817   2531 
    0    177     60      -    100      0      0      0      0      0   9501   1950      0      0  22317      4      0      -      -      0  22481   2680 
    1    154     61      -    100      5      0      0      0      0   9501   1905      0      0  22317  22317      0      -      -      0  18350   2439 
    0    177     60      -    100      0      0      0      0      0   9501   1950      0      0  22317      4      0      -      -      0  20796   2628 
    1    154     61      -    100      0      0      0      0      0   9501   1905      0      0  22317  22317      0      -      -      0  20938   2852 
    0    177     60      -    100      0      0      0      0      0   9501   1950      0      0  22317      4      0      -      -      0  17155   2468 
    1    154     61      -    100      0      0      0      0      0   9501   1905      0      0  22317  22317      0      -      -      0  16816   2312 
    0    177     60      -    100      5      0      0      0      0   9501   1950      0      0  22317      4      0      -      -      0  18081   2346 
    1    154     61      -    100      6      0      0      0      0   9501   1905      0      0  22317  22317      0      -      -      0  20772   2251 
    0    176     60      -    100      0      0      0      0      0   9501   1950      0      0  22317      4      0      -      -      0  21033   2107 
    1    153     61      -    100      0      0      0      0      0   9501   1905      0      0  22317  22317      0      -      -      0  20577   2446 
    0    178     60      -    100      2      0      0      0      0   9501   1950      0      0  22317      4      0      -      -      0  19639   2738 
    1    154     61      -    100      0      0      0      0      0   9501   1905      0      0  22317  22317      0      -      -      0  19391   2045 
    0    178     60      -    100      0      0      0      0      0   9501   1950      0      0  22317      4      0      -      -      0  20052   2405 
    1    153     61      -    100      0      0      0      0      0   9501   1905      0      0  22317  22317      0      -      -      0  13536   2759 
    0    178     60      -    100      5      0      0      0      0   9501   1950      0      0  22317      4      0      -      -      0  16439   1902 
    1    153     61      -    100      1      0      0      0      0   9501   1905      0      0  22317  22317      0      -      -      0  19617   1707 
    0    178     60      -    100      0      0      0      0      0   9501   1950      0      0  22317      4      0      -      -      0  16882   1646 
    1    153     61      -    100      0      0      0      0      0   9501   1905      0      0  22317  22317      0      -      -      0  18630   1855 
    0    178     60      -    100      5      0      0      0      0   9501   1950      0      0  22317      4      0      -      -      0  21260   1775 
    1    154     61      -    100      0      0      0      0      0   9501   1905      0      0  22317  22317      0      -      -      0  19631   2225 
    0    177     60      -    100      0      0      0      0      0   9501   1950      0      0  22317      4      0      -      -      0  18478   1650 
    1    154     61      -    100      0      0      0      0      0   9501   1905      0      0  22317  22317      0      -      -      0  12061   2753 
    0    177     60      -    100      0      0      0      0      0   9501   1950      0      0  22317      4      0      -      -      0  17685   1875 
    1    154     61      -    100      8      0      0      0      0   9501   1905      0      0  22317  22317      0      -      -      0  20481   2338 
    0    178     60      -    100      5      0      0      0      0   9501   1950      0      0  22317      4      0      -      -      0  21532   2284 
    1    154     61      -    100      0      0      0      0      0   9501   1905      0      0  22317  22317      0      -      -      0  19607   2658 
    0    176     60      -    100      0      0      0      0      0   9501   1950      0      0  22317      4      0      -      -      0  19058   2484 
    1    154     61      -    100      0      0      0      0      0   9501   1905      0      0  22317  22317      0      -      -      0  20328   2302 
    0    177     60      -    100      5      0      0      0      0   9501   1950      0      0  22317      4      0      -      -      0  12615   2725 
    1    154     61      -    100      0      0      0      0      0   9501   1905      0      0  22317  22317      0      -      -      0  19838   2088 
    0    176     60      -    100      0      0      0      0      0   9501   1950      0      0  22317      4      0      -      -      0  18132   2383 
    1    153     61      -    100      0      0      0      0      0   9501   1905      0      0  22317  22317      0      -      -      0  17594   1777 
# gpu    pwr  gtemp  mtemp     sm    mem    enc    dec    jpg    ofa   mclk   pclk  pviol  tviol     fb   bar1   ccpm  sbecc  dbecc    pci  rxpci  txpci 
# Idx      W      C      C      %      %      %      %      %      %    MHz    MHz      %   bool     MB     MB     MB   errs   errs   errs   MB/s   MB/s 
    0    176     61      -    100      0      0      0      0      0   9501   1950      0      0  22317      4      0      -      -      0  16846   2285 
    1    154     61      -    100      0      0      0      0      0   9501   1905      0      0  22317  22317      0      -      -      0  20376   2587 
    0    177     60      -    100      5      0      0      0      0   9501   1950      0      0  22317      4      0      -      -      0  19836   2454 
    1    153     61      -    100      0      0      0      0      0   9501   1905      0      0  22317  22317      0      -      -      0  19604   1882 
    0    176     60      -    100      0      0      0      0      0   9501   1950      0      0  22317      4      0      -      -      0  17869   2143 
    1    154     61      -    100      7      0      0      0      0   9501   1905      0      0  22317  22317      0      -      -      0  22005   2211 
    0    177     60      -    100      0      0      0      0      0   9501   1950      0      0  22317      4      0      -      -      0  14497   2668 
    1    153     61      -    100      0      0      0      0      0   9501   1905      0      0  22317  22317      0      -      -      0  18859   1987 
    0    176     60      -    100      0      0      0      0      0   9501   1950      0      0  22317      4      0      -      -      0  20748   2305 
    1    155     61      -    100      0      0      0      0      0   9501   1905      0      0  22317  22317      0      -      -      0  12805   1654 
    0    177     60      -    100      0      0      0      0      0   9501   1950      0      0  22317      4      0      -      -      0  20338   2451 
    1    154     61      -    100      0      0      0      0      0   9501   1905      0      0  22317  22317      0      -      -      0  23685   2373 
    0    177     60      -    100      0      0      0      0      0   9501   1950      0      0  22317      4      0      -      -      0  15170   2078 
    1    154     61      -    100      1      0      0      0      0   9501   1905      0      0  22317  22317      0      -      -      0  13688   1680 
    0    177     60      -    100      0      0      0      0      0   9501   1950      0      0  22317      4      0      -      -      0  18859   2145 
    1    154     61      -    100      0      0      0      0      0   9501   1905      0      0  22317  22317      0      -      -      0  18622   2340 
    0    177     60      -    100      0      0      0      0      0   9501   1950      0      0  22317      4      0      -      -      0  17945   2053 
    1    154     61      -    100      4      0      0      0      0   9501   1905      0      0  22317  22317      0      -      -      0  15883   2106 
    0    176     61      -    100      3      0      0      0      0   9501   1950      0      0  22317      4      0      -      -      0  18833   2079 
    1    154     61      -    100      0      0      0      0      0   9501   1905      0      0  22317  22317      0      -      -      0  16318   2221 
    0    177     60      -    100      0      0      0      0      0   9501   1950      0      0  22317      4      0      -      -      0  18603   2277 
    1    153     61      -    100      0      0      0      0      0   9501   1905      0      0  22317  22317      0      -      -      0  16169   1709 
    0    177     60      -    100      6      0      0      0      0   9501   1950      0      0  22317      4      0      -      -      0  19269   1970 
    1    154     61      -    100      0      0      0      0      0   9501   1905      0      0  22317  22317      0      -      -      0  17927   2370 
    0    176     60      -    100      0      0      0      0      0   9501   1950      0      0  22317      4      0      -      -      0  20531   2560 
    1    154     61      -    100      5      0      0      0      0   9501   1905      0      0  22317  22317      0      -      -      0  18791   1997 
    0    177     60      -    100      6      0      0      0      0   9501   1950      0      0  22317      4      0      -      -      0  14632   1937 
    1    154     61      -    100      0      0      0      0      0   9501   1905      0      0  22317  22317      0      -      -      0  16851   1819 
    0    177     61      -    100      0      0      0      0      0   9501   1950      0      0  22317      4      0      -      -      0  20807   2511 
    1    154     61      -    100      0      0      0      0      0   9501   1905      0      0  22317  22317      0      -      -      0  20839   2203 
    0    176     60      -    100      0      0      0      0      0   9501   1950      0      0  22317      4      0      -      -      0  20852   2590 
    1    153     61      -    100      0      0      0      0      0   9501   1905      0      0  22317  22317      0      -      -      0  21002   2424 
    0    176     60      -    100      0      0      0      0      0   9501   1950      0      0  22317      4      0      -      -      0  20789   1774 
    1    154     61      -    100      5      0      0      0      0   9501   1905      0      0  22317  22317      0      -      -      0  13998   2668 
    0    177     60      -    100      0      0      0      0      0   9501   1950      0      0  22317      4      0      -      -      0  17787   1979 
    1    153     61      -    100      0      0      0      0      0   9501   1905      0      0  22317  22317      0      -      -      0  18909   2746 
    0    176     61      -    100      0      0      0      0      0   9501   1950      0      0  22317      4      0      -      -      0  20346   2287 
    1    154     61      -    100      0      0      0      0      0   9501   1905      0      0  22317  22317      0      -      -      0  18331   2357 
    0    177     60      -    100      8      0      0      0      0   9501   1950      0      0  22317      4      0      -      -      0  16898   2106 
    1    153     61      -    100      0      0      0      0      0   9501   1905      0      0  22317  22317      0      -      -      0  17344   2011 
    0    176     60      -    100      0      0      0      0      0   9501   1950      0      0  22317      4      0      -      -      0  19909   2614 
    1    154     61      -    100      0      0      0      0      0   9501   1905      0      0  22317  22317      0      -      -      0  22274   2284 
    0    177     60      -    100      0      0      0      0      0   9501   1950      0      0  22317      4      0      -      -      0  11910   2668 
    1    153     61      -    100      0      0      0      0      0   9501   1905      0      0  22317  22317      0      -      -      0  20271   2202 
# gpu    pwr  gtemp  mtemp     sm    mem    enc    dec    jpg    ofa   mclk   pclk  pviol  tviol     fb   bar1   ccpm  sbecc  dbecc    pci  rxpci  txpci 
# Idx      W      C      C      %      %      %      %      %      %    MHz    MHz      %   bool     MB     MB     MB   errs   errs   errs   MB/s   MB/s 
    0    176     60      -    100      0      0      0      0      0   9501   1950      0      0  22317      4      0      -      -      0  16927   2083 
    1    154     61      -    100      0      0      0      0      0   9501   1905      0      0  22317  22317      0      -      -      0  13826   2839 
    0    176     60      -    100      7      0      0      0      0   9501   1950      0      0  22317      4      0      -      -      0  19214   1861 
    1    154     61      -    100      0      0      0      0      0   9501   1905      0      0  22317  22317      0      -      -      0  20020   2514 
    0    177     60      -    100      0      0      0      0      0   9501   1950      0      0  22317      4      0      -      -      0  22072   2478 
    1    154     61      -    100      5      0      0      0      0   9501   1905      0      0  22317  22317      0      -      -      0  18628   2398 
    0    177     60      -    100      0      0      0      0      0   9501   1950      0      0  22317      4      0      -      -      0  16423   2097 
    1    154     61      -    100      0      0      0      0      0   9501   1905      0      0  22317  22317      0      -      -      0  18893   1941 
    0    176     60      -    100      0      0      0      0      0   9501   1950      0      0  22317      4      0      -      -      0  17171   2493 
    1    154     61      -    100      5      0      0      0      0   9501   1905      0      0  22317  22317      0      -      -      0  19121   2280 
    0    177     60      -    100      0      0      0      0      0   9501   1950      0      0  22317      4      0      -      -      0  22275   2292 
    1    153     61      -    100      0      0      0      0      0   9501   1905      0      0  22317  22317      0      -      -      0  22108   2725 
    0    176     61      -    100      5      0      0      0      0   9501   1950      0      0  22317      4      0      -      -      0  15157   1616 
    1    154     61      -    100      0      0      0      0      0   9501   1905      0      0  22317  22317      0      -      -      0  22174   2225 
    0    176     60      -    100      0      0      0      0      0   9501   1950      0      0  22317      4      0      -      -      0  17896   2646 
    1    154     61      -    100      0      0      0      0      0   9501   1905      0      0  22317  22317      0      -      -      0  17837   1821 
    0    176     60      -    100      5      0      0      0      0   9501   1950      0      0  22317      4      0      -      -      0  12791   2457 
    1    154     61      -    100      0      0      0      0      0   9501   1905      0      0  22317  22317      0      -      -      0  19060   1920 
    0    176     60      -    100      0      0      0      0      0   9501   1950      0      0  22317      4      0      -      -      0  20322   2511 
    1    154     61      -    100      0      0      0      0      0   9501   1905      0      0  22317  22317      0      -      -      0  17676   2225 
    0    176     60      -    100      0      0      0      0      0   9501   1950      0      0  22317      4      0      -      -      0   9181   1628 
    1    153     61      -    100      0      0      0      0      0   9501   1905      0      0  22317  22317      0      -      -      0  21960   1976 
    0    177     60      -    100      5      0      0      0      0   9501   1950      0      0  22317      4      0      -      -      0  18260   2293 
    1    154     61      -    100      0      0      0      0      0   9501   1905      0      0  22317  22317      0      -      -      0  13359   2760 
    0    177     60      -    100      0      0      0      0      0   9501   1950      0      0  22317      4      0      -      -      0  20288   2287 
    1    153     61      -    100      0      0      0      0      0   9501   1905      0      0  22317  22317      0      -      -      0  16111   2183 
    0    176     61      -    100      0      0      0      0      0   9501   1950      0      0  22317      4      0      -      -      0  19312   2314 
    1    154     61      -    100      7      0      0      0      0   9501   1905      0      0  22317  22317      0      -      -      0  21597   2571 
    0    177     60      -    100      5      0      0      0      0   9501   1950      0      0  22317      4      0      -      -      0  14002   1745 
    1    153     61      -    100      0      0      0      0      0   9501   1905      0      0  22317  22317      0      -      -      0  23991   2317 
    0    176     60      -    100      0      0      0      0      0   9501   1950      0      0  22317      4      0      -      -      0  16914   2199 
    1    154     61      -    100      6      0      0      0      0   9501   1905      0      0  22317  22317      0      -      -      0  11134   2419 
    0    177     60      -    100      0      0      0      0      0   9501   1950      0      0  22317      4      0      -      -      0  17103   1971 
    1    154     61      -    100      0      0      0      0      0   9501   1905      0      0  22317  22317      0      -      -      0  21287   2091 
    0    176     60      -    100      0      0      0      0      0   9501   1950      0      0  22317      4      0      -      -      0  19552   2502 
    1    154     61      -    100      0      0      0      0      0   9501   1905      0      0  22317  22317      0      -      -      0  19271   1947 
    0    178     60      -    100      5      0      0      0      0   9501   1950      0      0  22317      4      0      -      -      0  16406   2251 
    1    153     61      -    100      0      0      0      0      0   9501   1905      0      0  22317  22317      0      -      -      0  20309   2340 
    0    176     60      -    100      0      0      0      0      0   9501   1950      0      0  22317      4      0      -      -      0  13985   2845 
    1    153     61      -    100      0      0      0      0      0   9501   1905      0      0  22317  22317      0      -      -      0  19544   2053 
    0    177     60      -    100      0      0      0      0      0   9501   1950      0      0  22317      4      0      -      -      0  18832   2341 
    1    154     61      -    100      0      0      0      0      0   9501   1905      0      0  22317  22317      0      -      -      0  13253   2702 
    0    176     60      -    100      0      0      0      0      0   9501   1950      0      0  22317      4      0      -      -      0  17094   2081 
    1    154     61      -    100      7      0      0      0      0   9501   1905      0      0  22317  22317      0      -      -      0  18036   1913 
# gpu    pwr  gtemp  mtemp     sm    mem    enc    dec    jpg    ofa   mclk   pclk  pviol  tviol     fb   bar1   ccpm  sbecc  dbecc    pci  rxpci  txpci 
# Idx      W      C      C      %      %      %      %      %      %    MHz    MHz      %   bool     MB     MB     MB   errs   errs   errs   MB/s   MB/s 
    0    176     60      -    100      0      0      0      0      0   9501   1950      0      0  22317      4      0      -      -      0  12787   2563 
    1    154     61      -    100      0      0      0      0      0   9501   1905      0      0  22317  22317      0      -      -      0  18278   1859 
    0    177     60      -    100      0      0      0      0      0   9501   1950      0      0  22317      4      0      -      -      0  15732   1880 
    1    153     61      -    100      0      0      0      0      0   9501   1905      0      0  22317  22317      0      -      -      0  24218   2434 
    0    176     60      -    100      0      0      0      0      0   9501   1950      0      0  22317      4      0      -      -      0  17352   2314 
    1    155     61      -    100      0      0      0      0      0   9501   1905      0      0  22317  22317      0      -      -      0  19901   2264 
    0    176     60      -    100      6      0      0      0      0   9501   1950      0      0  22317      4      0      -      -      0  22759   2366 
    1    154     61      -    100      7      0      0      0      0   9501   1905      0      0  22317  22317      0      -      -      0  15363   2111 
    0    176     60      -    100      0      0      0      0      0   9501   1950      0      0  22317      4      0      -      -      0  20014   1877 
    1    154     61      -    100      0      0      0      0      0   9501   1905      0      0  22317  22317      0      -      -      0  14235   1642 
    0    176     60      -    100      0      0      0      0      0   9501   1950      0      0  22317      4      0      -      -      0  16438   1823 
    1    154     61      -    100      0      0      0      0      0   9501   1905      0      0  22317  22317      0      -      -      0  17334   2109 
    0    177     60      -    100      0      0      0      0      0   9501   1950      0      0  22317      4      0      -      -      0  19394   2081 
    1    154     61      -    100      0      0      0      0      0   9501   1905      0      0  22317  22317      0      -      -      0  16719   2325 
    0    176     60      -    100      0      0      0      0      0   9501   1950      0      0  22317      4      0      -      -      0  21969   2031 
    1    154     61      -    100      0      0      0      0      0   9501   1905      0      0  22317  22317      0      -      -      0  16415   1765 
    0    176     60      -    100      0      0      0      0      0   9501   1950      0      0  22317      4      0      -      -      0  16611   1797 
    1    154     61      -    100      0      0      0      0      0   9501   1905      0      0  22317  22317      0      -      -      0  16974   1996 
    0    177     60      -    100      8      0      0      0      0   9501   1950      0      0  22317      4      0      -      -      0  20800   2176 
    1    154     61      -    100      0      0      0      0      0   9501   1905      0      0  22317  22317      0      -      -      0  16405   1911 
    0    176     60      -    100      0      0      0      0      0   9501   1950      0      0  22317      4      0      -      -      0  20295   1955 
    1    155     61      -    100      5      0      0      0      0   9501   1905      0      0  22317  22317      0      -      -      0  14891   2304 
    0    186     61      -    100      0      0      0      0      0   9501   1950      0      0  22317      4      0      -      -      0  20964   2314 
    1    164     61      -    100      0      0      0      0      0   9501   1905      0      0  22317  22317      0      -      -      0  20532   2249 
    0    186     60      -    100      0      0      0      0      0   9501   1950      0      0  22317      4      0      -      -      0  16356   2086 
    1    162     61      -    100      0      0      0      0      0   9501   1905      0      0  22317  22317      0      -      -      0  19061   2318 
    0    178     61      -    100      0      0      0      0      0   9501   1950      0      0  22317      4      0      -      -      0  19241   3079 
    1    155     61      -    100      0      0      0      0      0   9501   1905      0      0  22317  22317      0      -      -      0  18973   2915 
    0    183     61      -    100      0      0      0      0      0   9501   1950      0      0  22317      4      0      -      -      0  19065   2180 
    1    159     61      -    100      0      0      0      0      0   9501   1905      0      0  22317  22317      0      -      -      0  18369   2510 
    0    176     60      -    100      0      0      0      0      0   9501   1950      0      0  22317      4      0      -      -      0  18139   2118 
    1    154     61      -    100      0      0      0      0      0   9501   1905      0      0  22317  22317      0      -      -      0  11614   2220 
    0    176     60      -    100      4      0      0      0      0   9501   1950      0      0  22317      4      0      -      -      0  14174   1764 
    1    154     61      -    100      5      0      0      0      0   9501   1905      0      0  22317  22317      0      -      -      0  19846   2055 
    0    176     60      -    100      0      0      0      0      0   9501   1950      0      0  22317      4      0      -      -      0  21715   2032 
    1    154     61      -    100      0      0      0      0      0   9501   1905      0      0  22317  22317      0      -      -      0  19867   2333 
    0    178     60      -    100      8      0      0      0      0   9501   1950      0      0  22317      4      0      -      -      0  23991   2148 
    1    154     61      -    100      0      0      0      0      0   9501   1905      0      0  22317  22317      0      -      -      0  20713   2504 
    0    177     60      -    100      0      0      0      0      0   9501   1950      0      0  22317      4      0      -      -      0  13441   2566 
    1    153     61      -    100      0      0      0      0      0   9501   1905      0      0  22317  22317      0      -      -      0  19276   1744 
    0    177     60      -    100      7      0      0      0      0   9501   1950      0      0  22317      4      0      -      -      0  20833   2257 
    1    154     61      -    100      0      0      0      0      0   9501   1905      0      0  22317  22317      0      -      -      0  15974   2126 
    0    177     60      -    100      0      0      0      0      0   9501   1950      0      0  22317      4      0      -      -      0  16195   2164 
    1    154     61      -    100      0      0      0      0      0   9501   1905      0      0  22317  22317      0      -      -      0  22065   2170 
# gpu    pwr  gtemp  mtemp     sm    mem    enc    dec    jpg    ofa   mclk   pclk  pviol  tviol     fb   bar1   ccpm  sbecc  dbecc    pci  rxpci  txpci 
# Idx      W      C      C      %      %      %      %      %      %    MHz    MHz      %   bool     MB     MB     MB   errs   errs   errs   MB/s   MB/s 
    0    176     60      -    100      0      0      0      0      0   9501   1950      0      0  22317      4      0      -      -      0  15177   2072 
    1    154     61      -    100      5      0      0      0      0   9501   1905      0      0  22317  22317      0      -      -      0  20861   1919 
    0    177     60      -    100      0      0      0      0      0   9501   1950      0      0  22317      4      0      -      -      0  19553   2258 
    1    154     61      -    100      0      0      0      0      0   9501   1905      0      0  22317  22317      0      -      -      0  18812   1999 
    0    177     60      -    100      8      0      0      0      0   9501   1950      0      0  22317      4      0      -      -      0  16019   2441 
    1    154     61      -    100      0      0      0      0      0   9501   1905      0      0  22317  22317      0      -      -      0  23167   2537 
    0    177     60      -    100      0      0      0      0      0   9501   1950      0      0  22317      4      0      -      -      0  11972   2754 
    1    154     61      -    100      0      0      0      0      0   9501   1905      0      0  22317  22317      0      -      -      0  19466   2050 
    0    177     60      -    100      0      0      0      0      0   9501   1950      0      0  22317      4      0      -      -      0  18741   1766 
    1    153     61      -    100      0      0      0      0      0   9501   1905      0      0  22317  22317      0      -      -      0  22998   1866 
    0    176     60      -    100      0      0      0      0      0   9501   1950      0      0  22317      4      0      -      -      0  20597   1884 
    1    154     61      -    100      0      0      0      0      0   9501   1905      0      0  22317  22317      0      -      -      0  13969   2782 
    0    177     60      -    100      0      0      0      0      0   9501   1950      0      0  22317      4      0      -      -      0  18577   2285 
    1    153     61      -    100      0      0      0      0      0   9501   1905      0      0  22317  22317      0      -      -      0  19366   2396 
    0    176     60      -    100      0      0      0      0      0   9501   1950      0      0  22317      4      0      -      -      0  20535   2257 
    1    154     61      -    100      4      0      0      0      0   9501   1905      0      0  22317  22317      0      -      -      0  17055   1804 
    0    176     60      -    100      0      0      0      0      0   9501   1950      0      0  22317      4      0      -      -      0  20529   2057 
    1    154     61      -    100      0      0      0      0      0   9501   1905      0      0  22317  22317      0      -      -      0  15586   1951 
    0    176     60      -    100      5      0      0      0      0   9501   1950      0      0  22317      4      0      -      -      0  14282   2601 
    1    154     61      -    100      5      0      0      0      0   9501   1905      0      0  22317  22317      0      -      -      0  17589   1742 
    0    176     60      -    100      0      0      0      0      0   9501   1950      0      0  22317      4      0      -      -      0  23428   2435 
    1    154     61      -    100      8      0      0      0      0   9501   1905      0      0  22317  22317      0      -      -      0  22282   2660 
    0    177     60      -    100      0      0      0      0      0   9501   1950      0      0  22317      4      0      -      -      0  20523   2254 
    1    153     61      -    100      0      0      0      0      0   9501   1905      0      0  22317  22317      0      -      -      0  18285   2170 
    0    178     60      -    100      0      0      0      0      0   9501   1950      0      0  22317      4      0      -      -      0  22290   2228 
    1    155     61      -    100      0      0      0      0      0   9501   1905      0      0  22317  22317      0      -      -      0  15440   1783 
    0    176     60      -    100      0      0      0      0      0   9501   1950      0      0  22317      4      0      -      -      0  14119   2543 
    1    154     61      -    100      0      0      0      0      0   9501   1905      0      0  22317  22317      0      -      -      0  19361   1686 
    0    177     60      -    100      0      0      0      0      0   9501   1950      0      0  22317      4      0      -      -      0  17817   2283 
    1    154     61      -    100      0      0      0      0      0   9501   1905      0      0  22317  22317      0      -      -      0  19503   2105 
    0    176     60      -    100      0      0      0      0      0   9501   1950      0      0  22317      4      0      -      -      0  20094   2141 
    1    154     61      -    100      0      0      0      0      0   9501   1905      0      0  22317  22317      0      -      -      0  20464   2143 
    0    177     60      -    100      0      0      0      0      0   9501   1950      0      0  22317      4      0      -      -      0  26181   1747 
    1    153     61      -    100      7      0      0      0      0   9501   1905      0      0  22317  22317      0      -      -      0  15624   1826 
    0    177     60      -    100      0      0      0      0      0   9501   1950      0      0  22317      4      0      -      -      0  19352   2620 
    1    154     61      -    100      7      0      0      0      0   9501   1905      0      0  22317  22317      0      -      -      0  13852   2842 
    0    177     60      -    100      0      0      0      0      0   9501   1950      0      0  22317      4      0      -      -      0  15404   2192 
    1    154     61      -    100      0      0      0      0      0   9501   1905      0      0  22317  22317      0      -      -      0  19593   2408 
    0    177     60      -    100      7      0      0      0      0   9501   1950      0      0  22317      4      0      -      -      0  15196   1991 
    1    154     61      -    100      0      0      0      0      0   9501   1905      0      0  22317  22317      0      -      -      0  19174   2337 
    0    178     60      -    100      0      0      0      0      0   9501   1950      0      0  22317      4      0      -      -      0  15144   1898 
    1    154     61      -    100      0      0      0      0      0   9501   1905      0      0  22317  22317      0      -      -      0  18369   2259 
    0    178     61      -    100      7      0      0      0      0   9501   1950      0      0  22317      4      0      -      -      0  18650   1875 
    1    154     61      -    100      0      0      0      0      0   9501   1905      0      0  22317  22317      0      -      -      0  14241   1823 
# gpu    pwr  gtemp  mtemp     sm    mem    enc    dec    jpg    ofa   mclk   pclk  pviol  tviol     fb   bar1   ccpm  sbecc  dbecc    pci  rxpci  txpci 
# Idx      W      C      C      %      %      %      %      %      %    MHz    MHz      %   bool     MB     MB     MB   errs   errs   errs   MB/s   MB/s 
    0    177     60      -    100      0      0      0      0      0   9501   1950      0      0  22317      4      0      -      -      0  16947   1997 
    1    153     61      -    100      0      0      0      0      0   9501   1905      0      0  22317  22317      0      -      -      0  14442   1724 
    0    177     60      -    100      7      0      0      0      0   9501   1950      0      0  22317      4      0      -      -      0  15606   2618 
    1    154     61      -    100      0      0      0      0      0   9501   1905      0      0  22317  22317      0      -      -      0  20566   2460 
    0    176     61      -    100      0      0      0      0      0   9501   1950      0      0  22317      4      0      -      -      0  20282   2061 
    1    154     61      -    100      0      0      0      0      0   9501   1905      0      0  22317  22317      0      -      -      0  19439   2312 
    0    177     60      -    100      0      0      0      0      0   9501   1950      0      0  22317      4      0      -      -      0  21285   1724 
    1    153     61      -    100      0      0      0      0      0   9501   1905      0      0  22317  22317      0      -      -      0  18150   2358 
    0    177     60      -    100      7      0      0      0      0   9501   1950      0      0  22317      4      0      -      -      0  16115   1965 
    1    154     61      -    100      5      0      0      0      0   9501   1905      0      0  22317  22317      0      -      -      0  19376   1988 
    0    176     61      -    100      0      0      0      0      0   9501   1950      0      0  22317      4      0      -      -      0  21841   1936 
    1    154     61      -    100      0      0      0      0      0   9501   1905      0      0  22317  22317      0      -      -      0  21231   2440 
    0    177     60      -    100      0      0      0      0      0   9501   1950      0      0  22317      4      0      -      -      0  18377   2711 
    1    153     61      -    100      0      0      0      0      0   9501   1905      0      0  22317  22317      0      -      -      0  21305   2116 
    0    176     60      -    100      0      0      0      0      0   9501   1950      0      0  22317      4      0      -      -      0  19112   2310 
    1    153     61      -    100      5      0      0      0      0   9501   1905      0      0  22317  22317      0      -      -      0  22326   2618 
    0    177     60      -    100      8      0      0      0      0   9501   1950      0      0  22317      4      0      -      -      0  20054   2710 
    1    153     61      -    100      0      0      0      0      0   9501   1905      0      0  22317  22317      0      -      -      0  19018   1899 
    0    177     60      -    100      0      0      0      0      0   9501   1950      0      0  22317      4      0      -      -      0  18322   2332 
    1    153     61      -    100      0      0      0      0      0   9501   1905      0      0  22317  22317      0      -      -      0  20103   2399 
    0    176     60      -    100      0      0      0      0      0   9501   1950      0      0  22317      4      0      -      -      0  13323   2698 
    1    154     61      -    100      5      0      0      0      0   9501   1905      0      0  22317  22317      0      -      -      0  18614   1913 
    0    177     60      -    100      0      0      0      0      0   9501   1950      0      0  22317      4      0      -      -      0  12612   2164 
    1    153     61      -    100      0      0      0      0      0   9501   1905      0      0  22317  22317      0      -      -      0  15967   1655 
    0    176     60      -    100      7      0      0      0      0   9501   1950      0      0  22317      4      0      -      -      0  18412   2675 
    1    153     61      -    100      0      0      0      0      0   9501   1905      0      0  22317  22317      0      -      -      0  18386   1932 
    0    176     60      -    100      0      0      0      0      0   9501   1950      0      0  22317      4      0      -      -      0  19629   2625 
    1    154     61      -    100      5      0      0      0      0   9501   1905      0      0  22317  22317      0      -      -      0  18133   1772 
    0    177     60      -    100      0      0      0      0      0   9501   1950      0      0  22317      4      0      -      -      0  21587   1889 
    1    154     61      -    100      0      0      0      0      0   9501   1905      0      0  22317  22317      0      -      -      0  20783   2258 
    0    177     60      -    100      0      0      0      0      0   9501   1950      0      0  22317      4      0      -      -      0  16420   1845 
    1    154     61      -    100      0      0      0      0      0   9501   1905      0      0  22317  22317      0      -      -      0  17887   2252 
    0    176     60      -    100      0      0      0      0      0   9501   1950      0      0  22317      4      0      -      -      0  17240   2327 
    1    154     61      -    100      5      0      0      0      0   9501   1905      0      0  22317  22317      0      -      -      0  19759   2062 
    0    177     60      -    100      0      0      0      0      0   9501   1950      0      0  22317      4      0      -      -      0  16122   1767 
    1    154     61      -    100      5      0      0      0      0   9501   1905      0      0  22317  22317      0      -      -      0  19307   2370 
    0    177     60      -    100      7      0      0      0      0   9501   1950      0      0  22317      4      0      -      -      0  16195   2107 
    1    154     61      -    100      0      0      0      0      0   9501   1905      0      0  22317  22317      0      -      -      0  19035   2224 
    0    176     60      -    100      0      0      0      0      0   9501   1950      0      0  22317      4      0      -      -      0  14302   2897 
    1    154     61      -    100      5      0      0      0      0   9501   1905      0      0  22317  22317      0      -      -      0  22512   2379 
    0    176     60      -    100      0      0      0      0      0   9501   1950      0      0  22317      4      0      -      -      0  20824   2343 
    1    153     61      -    100      0      0      0      0      0   9501   1905      0      0  22317  22317      0      -      -      0  19001   2548 
    0    176     60      -    100      0      0      0      0      0   9501   1950      0      0  22317      4      0      -      -      0  16293   2199 
    1    154     61      -    100      7      0      0      0      0   9501   1905      0      0  22317  22317      0      -      -      0  18395   2286 
# gpu    pwr  gtemp  mtemp     sm    mem    enc    dec    jpg    ofa   mclk   pclk  pviol  tviol     fb   bar1   ccpm  sbecc  dbecc    pci  rxpci  txpci 
# Idx      W      C      C      %      %      %      %      %      %    MHz    MHz      %   bool     MB     MB     MB   errs   errs   errs   MB/s   MB/s 
    0    177     60      -    100      0      0      0      0      0   9501   1950      0      0  22317      4      0      -      -      0  20701   2177 
    1    154     61      -    100      0      0      0      0      0   9501   1905      0      0  22317  22317      0      -      -      0  19412   2342 
    0    177     60      -    100      0      0      0      0      0   9501   1950      0      0  22317      4      0      -      -      0  14410   1845 
    1    154     61      -    100      0      0      0      0      0   9501   1905      0      0  22317  22317      0      -      -      0  18650   1656 
    0    176     60      -    100      0      0      0      0      0   9501   1950      0      0  22317      4      0      -      -      0  21512   2247 
    1    154     61      -    100      6      0      0      0      0   9501   1905      0      0  22317  22317      0      -      -      0  16423   2276 
    0    177     61      -    100      0      0      0      0      0   9501   1950      0      0  22317      4      0      -      -      0  18630   2560 
    1    154     61      -    100      0      0      0      0      0   9501   1905      0      0  22317  22317      0      -      -      0  17729   1882 
    0    176     60      -    100      0      0      0      0      0   9501   1950      0      0  22317      4      0      -      -      0  16674   2107 
    1    154     61      -    100      7      0      0      0      0   9501   1905      0      0  22317  22317      0      -      -      0  20836   2204 
    0    177     60      -    100      0      0      0      0      0   9501   1950      0      0  22317      4      0      -      -      0  18792   2228 
    1    153     61      -    100      0      0      0      0      0   9501   1905      0      0  22317  22317      0      -      -      0  15445   1712 
    0    177     61      -    100      0      0      0      0      0   9501   1950      0      0  22317      4      0      -      -      0  17807   2369 
    1    154     61      -    100      0      0      0      0      0   9501   1905      0      0  22317  22317      0      -      -      0  17534   1684 
    0    177     60      -    100      0      0      0      0      0   9501   1950      0      0  22317      4      0      -      -      0  20732   2504 
    1    154     61      -    100      0      0      0      0      0   9501   1905      0      0  22317  22317      0      -      -      0  22325   1940 
    0    177     60      -    100      7      0      0      0      0   9501   1950      0      0  22317      4      0      -      -      0  21080   2112 
    1    153     61      -    100      0      0      0      0      0   9501   1905      0      0  22317  22317      0      -      -      0  24109   2697 
    0    176     60      -    100      0      0      0      0      0   9501   1950      0      0  22317      4      0      -      -      0  10709   2494 
    1    154     61      -    100      7      0      0      0      0   9501   1905      0      0  22317  22317      0      -      -      0  14600   2081 
    0    177     60      -    100      0      0      0      0      0   9501   1950      0      0  22317      4      0      -      -      0  17663   2239 
    1    153     61      -    100      0      0      0      0      0   9501   1905      0      0  22317  22317      0      -      -      0  19627   1997 
    0    176     60      -    100      5      0      0      0      0   9501   1950      0      0  22317      4      0      -      -      0  15949   1765 
    1    154     61      -    100      7      0      0      0      0   9501   1905      0      0  22317  22317      0      -      -      0  22773   2210 
    0    177     60      -    100      0      0      0      0      0   9501   1950      0      0  22317      4      0      -      -      0  14194   2479 
    1    153     61      -    100      0      0      0      0      0   9501   1905      0      0  22317  22317      0      -      -      0  14389   1899 
    0    177     60      -    100      0      0      0      0      0   9501   1950      0      0  22317      4      0      -      -      0  18624   2473 
    1    154     61      -    100      0      0      0      0      0   9501   1905      0      0  22317  22317      0      -      -      0  16498   1612 
    0    177     60      -    100      0      0      0      0      0   9501   1950      0      0  22317      4      0      -      -      0  21326   1975 
    1    153     61      -    100      0      0      0      0      0   9501   1905      0      0  22317  22317      0      -      -      0  20368   2491 
    0    177     60      -    100      5      0      0      0      0   9501   1950      0      0  22317      4      0      -      -      0  22456   2403 
    1    154     61      -    100      0      0      0      0      0   9501   1905      0      0  22317  22317      0      -      -      0  18831   2026 
    0    177     60      -    100      0      0      0      0      0   9501   1950      0      0  22317      4      0      -      -      0  20285   2614 
    1    153     61      -    100      0      0      0      0      0   9501   1905      0      0  22317  22317      0      -      -      0  20698   2454 
    0    176     60      -    100      0      0      0      0      0   9501   1950      0      0  22317      4      0      -      -      0  18908   2770 
    1    154     61      -    100      0      0      0      0      0   9501   1905      0      0  22317  22317      0      -      -      0  20583   2261 
    0    180     61      -    100      5      0      0      0      0   9501   1950      0      0  22317      4      0      -      -      0  26727   4207 
    1    156     61      -    100      0      0      0      0      0   9501   1905      0      0  22317  22317      0      -      -      0  20343   3528 
    0    184     61      -    100      0      0      0      0      0   9501   1950      0      0  22317      4      0      -      -      0  19448   2403 
    1    160     61      -    100      0      0      0      0      0   9501   1905      0      0  22317  22317      0      -      -      0  17394   1804 
    0    176     60      -    100      0      0      0      0      0   9501   1950      0      0  22317      4      0      -      -      0  21059   2425 
    1    154     61      -    100      0      0      0      0      0   9501   1905      0      0  22317  22317      0      -      -      0  20840   2503 
    0    177     60      -    100      4      0      0      0      0   9501   1950      0      0  22317      4      0      -      -      0  15625   1682 
    1    153     61      -    100      0      0      0      0      0   9501   1905      0      0  22317  22317      0      -      -      0  17906   1870 
# gpu    pwr  gtemp  mtemp     sm    mem    enc    dec    jpg    ofa   mclk   pclk  pviol  tviol     fb   bar1   ccpm  sbecc  dbecc    pci  rxpci  txpci 
# Idx      W      C      C      %      %      %      %      %      %    MHz    MHz      %   bool     MB     MB     MB   errs   errs   errs   MB/s   MB/s 
    0    176     61      -    100      5      0      0      0      0   9501   1950      0      0  22317      4      0      -      -      0  17180   1906 
    1    154     61      -    100      6      0      0      0      0   9501   1905      0      0  22317  22317      0      -      -      0  14954   2136 
    0    177     61      -    100      0      0      0      0      0   9501   1950      0      0  22317      4      0      -      -      0  20025   2555 
    1    154     61      -    100      0      0      0      0      0   9501   1905      0      0  22317  22317      0      -      -      0  19920   2056 
    0    177     60      -    100      5      0      0      0      0   9501   1950      0      0  22317      4      0      -      -      0  16830   2364 
    1    153     61      -    100      0      0      0      0      0   9501   1905      0      0  22317  22317      0      -      -      0  22674   2422 
    0    176     60      -    100      0      0      0      0      0   9501   1950      0      0  22317      4      0      -      -      0  15333   2268 
    1    154     61      -    100      1      0      0      0      0   9501   1905      0      0  22317  22317      0      -      -      0  22214   2739 
    0    177     60      -    100      0      0      0      0      0   9501   1950      0      0  22317      4      0      -      -      0  15412   1940 
    1    153     61      -    100      0      0      0      0      0   9501   1905      0      0  22317  22317      0      -      -      0  13758   2953 
    0    176     60      -    100      0      0      0      0      0   9501   1950      0      0  22317      4      0      -      -      0  17466   1800 
    1    154     61      -    100      0      0      0      0      0   9501   1905      0      0  22317  22317      0      -      -      0  17560   1520 
    0    177     60      -    100      0      0      0      0      0   9501   1950      0      0  22317      4      0      -      -      0  18083   1725 
    1    153     61      -    100      0      0      0      0      0   9501   1905      0      0  22317  22317      0      -      -      0  23895   2510 
    0    177     60      -    100      5      0      0      0      0   9501   1950      0      0  22317      4      0      -      -      0  17623   2172 
    1    153     61      -    100      0      0      0      0      0   9501   1905      0      0  22317  22317      0      -      -      0  15935   1830 
    0    176     60      -    100      0      0      0      0      0   9501   1950      0      0  22317      4      0      -      -      0  20537   2143 
    1    154     61      -    100      8      0      0      0      0   9501   1905      0      0  22317  22317      0      -      -      0  15848   1965 
    0    177     61      -    100      0      0      0      0      0   9501   1950      0      0  22317      4      0      -      -      0  19369   1997 
    1    153     61      -    100      0      0      0      0      0   9501   1905      0      0  22317  22317      0      -      -      0  19382   2016 
    0    177     60      -    100      8      0      0      0      0   9501   1950      0      0  22317      4      0      -      -      0  16128   2050 
    1    154     61      -    100      5      0      0      0      0   9501   1905      0      0  22317  22317      0      -      -      0  18633   2513 
    0    177     60      -    100      0      0      0      0      0   9501   1950      0      0  22317      4      0      -      -      0  21744   1780 
    1    153     61      -    100      0      0      0      0      0   9501   1905      0      0  22317  22317      0      -      -      0  18541   2255 
    0    177     61      -    100      4      0      0      0      0   9501   1950      0      0  22317      4      0      -      -      0  16608   1937 
    1    154     61      -    100      0      0      0      0      0   9501   1905      0      0  22317  22317      0      -      -      0  15187   1662 
    0    177     60      -    100      7      0      0      0      0   9501   1950      0      0  22317      4      0      -      -      0  18370   1769 
    1    154     61      -    100      4      0      0      0      0   9501   1905      0      0  22317  22317      0      -      -      0  15215   1868 
    0    177     60      -    100      0      0      0      0      0   9501   1950      0      0  22317      4      0      -      -      0  17096   2027 
    1    154     61      -    100      0      0      0      0      0   9501   1905      0      0  22317  22317      0      -      -      0  16653   2073 
    0    177     60      -    100      0      0      0      0      0   9501   1950      0      0  22317      4      0      -      -      0  20304   1716 
    1    154     61      -    100      5      0      0      0      0   9501   1905      0      0  22317  22317      0      -      -      0  18108   2261 
    0    177     61      -    100      2      0      0      0      0   9501   1950      0      0  22317      4      0      -      -      0  18822   1931 
    1    154     61      -    100      0      0      0      0      0   9501   1905      0      0  22317  22317      0      -      -      0  16339   2223 
    0    176     60      -    100      0      0      0      0      0   9501   1950      0      0  22317      4      0      -      -      0  18598   2103 
    1    154     61      -    100      5      0      0      0      0   9501   1905      0      0  22317  22317      0      -      -      0  17310   1820 
    0    177     60      -    100      0      0      0      0      0   9501   1950      0      0  22317      4      0      -      -      0  20605   2031 
    1    153     61      -    100      0      0      0      0      0   9501   1905      0      0  22317  22317      0      -      -      0  15941   1993 
    0    177     60      -    100      8      0      0      0      0   9501   1950      0      0  22317      4      0      -      -      0  15640   2168 
    1    154     61      -    100      3      0      0      0      0   9501   1905      0      0  22317  22317      0      -      -      0  19126   2028 
    0    176     60      -    100      0      0      0      0      0   9501   1950      0      0  22317      4      0      -      -      0  13080   2839 
    1    153     61      -    100      0      0      0      0      0   9501   1905      0      0  22317  22317      0      -      -      0  19575   2308 
    0    176     61      -    100      0      0      0      0      0   9501   1950      0      0  22317      4      0      -      -      0  18266   2407 
    1    154     61      -    100      0      0      0      0      0   9501   1905      0      0  22317  22317      0      -      -      0  16093   1683 
# gpu    pwr  gtemp  mtemp     sm    mem    enc    dec    jpg    ofa   mclk   pclk  pviol  tviol     fb   bar1   ccpm  sbecc  dbecc    pci  rxpci  txpci 
# Idx      W      C      C      %      %      %      %      %      %    MHz    MHz      %   bool     MB     MB     MB   errs   errs   errs   MB/s   MB/s 
    0    177     60      -    100      7      0      0      0      0   9501   1950      0      0  22317      4      0      -      -      0  21660   1942 
    1    153     61      -    100      0      0      0      0      0   9501   1905      0      0  22317  22317      0      -      -      0  17963   1819 
    0    177     60      -    100      0      0      0      0      0   9501   1950      0      0  22317      4      0      -      -      0  16420   2126 
    1    154     61      -    100      0      0      0      0      0   9501   1905      0      0  22317  22317      0      -      -      0  12120   2408 
    0    176     61      -    100      0      0      0      0      0   9501   1950      0      0  22317      4      0      -      -      0  16373   2021 
    1    154     61      -    100      5      0      0      0      0   9501   1905      0      0  22317  22317      0      -      -      0  13354   2846 
    0    177     60      -    100      0      0      0      0      0   9501   1950      0      0  22317      4      0      -      -      0  12910   2398 
    1    154     61      -    100      0      0      0      0      0   9501   1905      0      0  22317  22317      0      -      -      0  16326   1947 
    0    177     60      -    100      0      0      0      0      0   9501   1950      0      0  22317      4      0      -      -      0  14848   1971 
    1    154     61      -    100      0      0      0      0      0   9501   1905      0      0  22317  22317      0      -      -      0  20358   2478 
    0    177     60      -    100      7      0      0      0      0   9501   1950      0      0  22317      4      0      -      -      0  14239   1942 
    1    154     61      -    100      7      0      0      0      0   9501   1905      0      0  22317  22317      0      -      -      0  19711   1905 
    0    177     60      -    100      0      0      0      0      0   9501   1950      0      0  22317      4      0      -      -      0  20784   2531 
    1    154     61      -    100      0      0      0      0      0   9501   1905      0      0  22317  22317      0      -      -      0  19848   2111 
    0    176     60      -    100      0      0      0      0      0   9501   1950      0      0  22317      4      0      -      -      0  19328   2232 
    1    154     61      -    100      0      0      0      0      0   9501   1905      0      0  22317  22317      0      -      -      0  22752   2808 
    0    177     60      -    100      2      0      0      0      0   9501   1950      0      0  22317      4      0      -      -      0  19683   2738 
    1    153     61      -    100      0      0      0      0      0   9501   1905      0      0  22317  22317      0      -      -      0  19238   2030 
    0    177     60      -    100      0      0      0      0      0   9501   1950      0      0  22317      4      0      -      -      0  20984   2718 
    1    154     61      -    100      0      0      0      0      0   9501   1905      0      0  22317  22317      0      -      -      0  15822   2546 
    0    176     60      -    100      0      0      0      0      0   9501   1950      0      0  22317      4      0      -      -      0  22742   2320 
    1    154     61      -    100      0      0      0      0      0   9501   1905      0      0  22317  22317      0      -      -      0  17418   2532 
    0    177     60      -    100      8      0      0      0      0   9501   1950      0      0  22317      4      0      -      -      0  18082   2399 
    1    154     61      -    100      0      0      0      0      0   9501   1905      0      0  22317  22317      0      -      -      0  21495   2026 
    0    178     60      -    100      0      0      0      0      0   9501   1950      0      0  22317      4      0      -      -      0  26272   2779 
    1    156     61      -    100      0      0      0      0      0   9501   1905      0      0  22317  22317      0      -      -      0  28717   3543 
    0    182     61      -    100      0      0      0      0      0   9501   1950      0      0  22317      4      0      -      -      0  19014   2288 
    1    159     61      -    100     12      0      0      0      0   9501   1905      0      0  22317  22317      0      -      -      0  21583   1930 
    0    176     60      -    100      6      0      0      0      0   9501   1950      0      0  22317      4      0      -      -      0  19621   1717 
    1    154     61      -    100      0      0      0      0      0   9501   1905      0      0  22317  22317      0      -      -      0  12814   2753 
    0    177     60      -    100      0      0      0      0      0   9501   1950      0      0  22317      4      0      -      -      0  17904   2286 
    1    154     61      -    100      0      0      0      0      0   9501   1905      0      0  22317  22317      0      -      -      0  13099   2525 
    0    177     60      -    100      0      0      0      0      0   9501   1950      0      0  22317      4      0      -      -      0  17881   2229 
    1    154     61      -    100      7      0      0      0      0   9501   1905      0      0  22317  22317      0      -      -      0  21444   2417 
    0    177     60      -    100      0      0      0      0      0   9501   1950      0      0  22317      4      0      -      -      0  14360   1978 
    1    154     61      -    100      0      0      0      0      0   9501   1905      0      0  22317  22317      0      -      -      0  12683   1697 
    0    177     60      -    100      4      0      0      0      0   9501   1950      0      0  22317      4      0      -      -      0  16364   2097 
    1    153     61      -    100      8      0      0      0      0   9501   1905      0      0  22317  22317      0      -      -      0  13431   1690 
    0    176     60      -    100      0      0      0      0      0   9501   1950      0      0  22317      4      0      -      -      0  14908   2106 
    1    154     61      -    100      0      0      0      0      0   9501   1905      0      0  22317  22317      0      -      -      0  20978   1794 
    0    177     60      -    100      0      0      0      0      0   9501   1950      0      0  22317      4      0      -      -      0  18295   2025 
    1    153     61      -    100      0      0      0      0      0   9501   1905      0      0  22317  22317      0      -      -      0  17402   2111 
    0    177     61      -    100      0      0      0      0      0   9501   1950      0      0  22317      4      0      -      -      0  16401   1657 
    1    154     61      -    100      0      0      0      0      0   9501   1905      0      0  22317  22317      0      -      -      0  17156   2082 
# gpu    pwr  gtemp  mtemp     sm    mem    enc    dec    jpg    ofa   mclk   pclk  pviol  tviol     fb   bar1   ccpm  sbecc  dbecc    pci  rxpci  txpci 
# Idx      W      C      C      %      %      %      %      %      %    MHz    MHz      %   bool     MB     MB     MB   errs   errs   errs   MB/s   MB/s 
    0    177     60      -    100      0      0      0      0      0   9501   1950      0      0  22317      4      0      -      -      0  18353   2367 
    1    154     61      -    100      1      0      0      0      0   9501   1905      0      0  22317  22317      0      -      -      0  12984   2641 
    0    177     60      -    100      5      0      0      0      0   9501   1950      0      0  22317      4      0      -      -      0  17612   2005 
    1    153     61      -    100      0      0      0      0      0   9501   1905      0      0  22317  22317      0      -      -      0  21569   2477 
    0    177     60      -    100      4      0      0      0      0   9501   1950      0      0  22317      4      0      -      -      0  15958   1964 
    1    155     61      -    100      0      0      0      0      0   9501   1905      0      0  22317  22317      0      -      -      0  18175   2410 
    0    177     60      -    100      0      0      0      0      0   9501   1950      0      0  22317      4      0      -      -      0  18146   1684 
    1    154     61      -    100      6      0      0      0      0   9501   1905      0      0  22317  22317      0      -      -      0  18383   2027 
    0    177     60      -    100      4      0      0      0      0   9501   1950      0      0  22317      4      0      -      -      0  15930   1769 
    1    153     61      -    100      0      0      0      0      0   9501   1905      0      0  22317  22317      0      -      -      0  16934   2116 
    0    177     61      -    100      0      0      0      0      0   9501   1950      0      0  22317      4      0      -      -      0  19858   2170 
    1    154     61      -    100      5      0      0      0      0   9501   1905      0      0  22317  22317      0      -      -      0  16862   1885 
    0    177     60      -    100      0      0      0      0      0   9501   1950      0      0  22317      4      0      -      -      0  21534   2434 
    1    154     61      -    100      5      0      0      0      0   9501   1905      0      0  22317  22317      0      -      -      0  17891   1687 
    0    176     61      -    100      0      0      0      0      0   9501   1950      0      0  22317      4      0      -      -      0  16661   2468 
    1    154     61      -    100      0      0      0      0      0   9501   1905      0      0  22317  22317      0      -      -      0  22468   2085 
    0    176     60      -    100      0      0      0      0      0   9501   1950      0      0  22317      4      0      -      -      0  24022   2677 
    1    154     61      -    100      5      0      0      0      0   9501   1905      0      0  22317  22317      0      -      -      0  20323   2340 
    0    176     60      -    100      0      0      0      0      0   9501   1950      0      0  22317      4      0      -      -      0  20865   1833 
    1    154     61      -    100      0      0      0      0      0   9501   1905      0      0  22317  22317      0      -      -      0  14216   2725 
    0    177     60      -    100      0      0      0      0      0   9501   1950      0      0  22317      4      0      -      -      0  20373   1716 
    1    153     61      -    100      0      0      0      0      0   9501   1905      0      0  22317  22317      0      -      -      0  17517   2447 
    0    177     60      -    100      4      0      0      0      0   9501   1950      0      0  22317      4      0      -      -      0  15203   1738 
    1    154     61      -    100      0      0      0      0      0   9501   1905      0      0  22317  22317      0      -      -      0  17325   1513 
    0    176     60      -    100      0      0      0      0      0   9501   1950      0      0  22317      4      0      -      -      0  21633   2135 
    1    154     61      -    100      0      0      0      0      0   9501   1905      0      0  22317  22317      0      -      -      0  20616   2366 
    0    177     61      -    100      8      0      0      0      0   9501   1950      0      0  22317      4      0      -      -      0  18407   2395 
    1    153     61      -    100      0      0      0      0      0   9501   1905      0      0  22317  22317      0      -      -      0  22813   2197 
    0    176     60      -    100      2      0      0      0      0   9501   1950      0      0  22317      4      0      -      -      0  23328   2338 
    1    154     61      -    100      0      0      0      0      0   9501   1905      0      0  22317  22317      0      -      -      0  19119   2230 
    0    178     60      -    100      0      0      0      0      0   9501   1950      0      0  22317      4      0      -      -      0  17908   2246 
    1    153     61      -    100      0      0      0      0      0   9501   1905      0      0  22317  22317      0      -      -      0  19389   2088 
    0    176     60      -    100      0      0      0      0      0   9501   1950      0      0  22317      4      0      -      -      0  22346   1885 
    1    154     61      -    100      4      0      0      0      0   9501   1905      0      0  22317  22317      0      -      -      0  20354   2481 
    0    177     60      -    100      0      0      0      0      0   9501   1950      0      0  22317      4      0      -      -      0  17921   2540 
    1    153     61      -    100      0      0      0      0      0   9501   1905      0      0  22317  22317      0      -      -      0  16831   2194 
    0    177     60      -    100      0      0      0      0      0   9501   1950      0      0  22317      4      0      -      -      0  19537   2286 
    1    154     61      -    100      0      0      0      0      0   9501   1905      0      0  22317  22317      0      -      -      0  12595   2525 
    0    177     60      -    100      7      0      0      0      0   9501   1950      0      0  22317      4      0      -      -      0  20771   2293 
    1    153     61      -    100      0      0      0      0      0   9501   1905      0      0  22317  22317      0      -      -      0  21016   1970 
    0    177     60      -    100      0      0      0      0      0   9501   1950      0      0  22317      4      0      -      -      0  12093   2725 
    1    153     61      -    100      0      0      0      0      0   9501   1905      0      0  22317  22317      0      -      -      0  20327   2144 
    0    177     60      -    100      0      0      0      0      0   9501   1950      0      0  22317      4      0      -      -      0  19069   2277 
    1    154     61      -    100      5      0      0      0      0   9501   1905      0      0  22317  22317      0      -      -      0  16676   2452 
# gpu    pwr  gtemp  mtemp     sm    mem    enc    dec    jpg    ofa   mclk   pclk  pviol  tviol     fb   bar1   ccpm  sbecc  dbecc    pci  rxpci  txpci 
# Idx      W      C      C      %      %      %      %      %      %    MHz    MHz      %   bool     MB     MB     MB   errs   errs   errs   MB/s   MB/s 
    0    177     60      -    100      0      0      0      0      0   9501   1950      0      0  22317      4      0      -      -      0  19259   2031 
    1    153     61      -    100      0      0      0      0      0   9501   1905      0      0  22317  22317      0      -      -      0  14802   2731 
    0    177     61      -    100      0      0      0      0      0   9501   1950      0      0  22317      4      0      -      -      0  24255   2368 
    1    153     61      -    100      0      0      0      0      0   9501   1905      0      0  22317  22317      0      -      -      0  16461   2313 
    0    177     60      -    100      7      0      0      0      0   9501   1950      0      0  22317      4      0      -      -      0  15723   2191 
    1    153     61      -    100      0      0      0      0      0   9501   1905      0      0  22317  22317      0      -      -      0  23165   2480 
    0    176     60      -    100      0      0      0      0      0   9501   1950      0      0  22317      4      0      -      -      0  12336   2555 
    1    154     61      -    100      0      0      0      0      0   9501   1905      0      0  22317  22317      0      -      -      0  20306   2338 
    0    178     60      -    100      2      0      0      0      0   9501   1950      0      0  22317      4      0      -      -      0  21103   2447 
    1    153     61      -    100      0      0      0      0      0   9501   1905      0      0  22317  22317      0      -      -      0  12319   2753 
    0    177     60      -    100      0      0      0      0      0   9501   1950      0      0  22317      4      0      -      -      0  25697   2623 
    1    153     61      -    100      0      0      0      0      0   9501   1905      0      0  22317  22317      0      -      -      0  19150   2072 
    0    176     60      -    100      0      0      0      0      0   9501   1950      0      0  22317      4      0      -      -      0  21104   2619 
    1    154     61      -    100      8      0      0      0      0   9501   1905      0      0  22317  22317      0      -      -      0  22026   2538 
    0    177     61      -    100      0      0      0      0      0   9501   1950      0      0  22317      4      0      -      -      0  14222   2390 
    1    153     61      -    100      0      0      0      0      0   9501   1905      0      0  22317  22317      0      -      -      0  21594   2227 
    0    177     60      -    100      0      0      0      0      0   9501   1950      0      0  22317      4      0      -      -      0  20285   2428 
    1    154     61      -    100      7      0      0      0      0   9501   1905      0      0  22317  22317      0      -      -      0  19959   2993 
    0    177     60      -    100      7      0      0      0      0   9501   1950      0      0  22317      4      0      -      -      0  16922   1867 
    1    154     61      -    100      0      0      0      0      0   9501   1905      0      0  22317  22317      0      -      -      0  19955   2466 
    0    177     60      -    100      0      0      0      0      0   9501   1950      0      0  22317      4      0      -      -      0  18387   1996 
    1    154     61      -    100      0      0      0      0      0   9501   1905      0      0  22317  22317      0      -      -      0  14411   2025 
    0    177     60      -    100      7      0      0      0      0   9501   1950      0      0  22317      4      0      -      -      0  21733   2209 
    1    154     61      -    100      0      0      0      0      0   9501   1905      0      0  22317  22317      0      -      -      0  17163   2224 
    0    176     60      -    100      0      0      0      0      0   9501   1950      0      0  22317      4      0      -      -      0  17087   2255 
    1    154     61      -    100      0      0      0      0      0   9501   1905      0      0  22317  22317      0      -      -      0  17938   1700 
    0    177     60      -    100      7      0      0      0      0   9501   1950      0      0  22317      4      0      -      -      0  16654   2447 
    1    154     61      -    100      7      0      0      0      0   9501   1905      0      0  22317  22317      0      -      -      0  22489   2179 
    0    177     60      -    100      0      0      0      0      0   9501   1950      0      0  22317      4      0      -      -      0  17112   2056 
    1    154     61      -    100      0      0      0      0      0   9501   1905      0      0  22317  22317      0      -      -      0  15645   1976 
    0    177     61      -    100      6      0      0      0      0   9501   1950      0      0  22317      4      0      -      -      0  21263   1934 
    1    154     61      -    100      0      0      0      0      0   9501   1905      0      0  22317  22317      0      -      -      0  15946   1993 
    0    176     60      -    100      0      0      0      0      0   9501   1950      0      0  22317      4      0      -      -      0  20058   2400 
    1    154     61      -    100      0      0      0      0      0   9501   1905      0      0  22317  22317      0      -      -      0  21858   2333 
    0    177     60      -    100      0      0      0      0      0   9501   1950      0      0  22317      4      0      -      -      0  21075   2025 
    1    155     61      -    100      2      0      0      0      0   9501   1905      0      0  22317  22317      0      -      -      0  23428   2422 
    0    178     60      -    100      0      0      0      0      0   9501   1950      0      0  22317      4      0      -      -      0  18314   2425 
    1    153     61      -    100      0      0      0      0      0   9501   1905      0      0  22317  22317      0      -      -      0  21363   2017 
    0    180     61      -    100      0      0      0      0      0   9501   1950      0      0  22317      4      0      -      -      0  26463   2870 
    1    157     61      -    100      0      0      0      0      0   9501   1905      0      0  22317  22317      0      -      -      0  12992   1893 
    0    182     60      -    100      0      0      0      0      0   9501   1950      0      0  22317      4      0      -      -      0  15645   1703 
    1    159     61      -    100      0      0      0      0      0   9501   1905      0      0  22317  22317      0      -      -      0  25775   2590 
    0    176     60      -    100      0      0      0      0      0   9501   1950      0      0  22317      4      0      -      -      0  19120   1934 
    1    154     61      -    100      8      0      0      0      0   9501   1905      0      0  22317  22317      0      -      -      0  23012   2626 
# gpu    pwr  gtemp  mtemp     sm    mem    enc    dec    jpg    ofa   mclk   pclk  pviol  tviol     fb   bar1   ccpm  sbecc  dbecc    pci  rxpci  txpci 
# Idx      W      C      C      %      %      %      %      %      %    MHz    MHz      %   bool     MB     MB     MB   errs   errs   errs   MB/s   MB/s 
    0    177     60      -    100      5      0      0      0      0   9501   1950      0      0  22317      4      0      -      -      0  23322   2653 
    1    153     61      -    100      0      0      0      0      0   9501   1905      0      0  22317  22317      0      -      -      0  19252   2217 
    0    176     60      -    100      0      0      0      0      0   9501   1950      0      0  22317      4      0      -      -      0  13769   2753 
    1    154     61      -    100      0      0      0      0      0   9501   1905      0      0  22317  22317      0      -      -      0  19564   2141 
    0    176     60      -    100      0      0      0      0      0   9501   1950      0      0  22317      4      0      -      -      0  14362   1636 
    1    154     61      -    100      0      0      0      0      0   9501   1905      0      0  22317  22317      0      -      -      0  15648   1948 
    0    177     60      -    100      0      0      0      0      0   9501   1950      0      0  22317      4      0      -      -      0  15838   1858 
    1    155     61      -    100      0      0      0      0      0   9501   1905      0      0  22317  22317      0      -      -      0  23187   2222 
    0    177     60      -    100      5      0      0      0      0   9501   1950      0      0  22317      4      0      -      -      0  19507   2341 
    1    153     61      -    100      0      0      0      0      0   9501   1905      0      0  22317  22317      0      -      -      0  17937   1584 
    0    177     60      -    100      0      0      0      0      0   9501   1950      0      0  22317      4      0      -      -      0  20593   1796 
    1    154     61      -    100      5      0      0      0      0   9501   1905      0      0  22317  22317      0      -      -      0  18861   2217 
    0    177     60      -    100      5      0      0      0      0   9501   1950      0      0  22317      4      0      -      -      0  14838   2447 
    1    154     61      -    100      0      0      0      0      0   9501   1905      0      0  22317  22317      0      -      -      0  18972   1953 
    0    177     60      -    100      0      0      0      0      0   9501   1950      0      0  22317      4      0      -      -      0  24025   2851 
    1    155     61      -    100      6      0      0      0      0   9501   1905      0      0  22317  22317      0      -      -      0  23396   2796 
    0    176     60      -    100      0      0      0      0      0   9501   1950      0      0  22317      4      0      -      -      0  17520   1914 
    1    155     61      -    100      6      0      0      0      0   9501   1905      0      0  22317  22317      0      -      -      0  21318   2189 
    0    176     60      -    100      5      0      0      0      0   9501   1950      0      0  22317      4      0      -      -      0  18072   2587 
    1    154     61      -    100      0      0      0      0      0   9501   1905      0      0  22317  22317      0      -      -      0  22008   2283 
    0    177     60      -    100      0      0      0      0      0   9501   1950      0      0  22317      4      0      -      -      0  22458   2426 
    1    153     61      -    100      0      0      0      0      0   9501   1905      0      0  22317  22317      0      -      -      0  17805   2496 
    0    175     60      -    100      0      0      0      0      0   9501   1950      0      0  22317      4      0      -      -      0  17382   2767 
    1    154     61      -    100      5      0      0      0      0   9501   1905      0      0  22317  22317      0      -      -      0  21009   2037 
    0    177     60      -    100      5      0      0      0      0   9501   1950      0      0  22317      4      0      -      -      0  20865   1740 
    1    153     61      -    100      0      0      0      0      0   9501   1905      0      0  22317  22317      0      -      -      0  22480   2658 
    0    176     60      -    100      0      0      0      0      0   9501   1950      0      0  22317      4      0      -      -      0  18230   2197 
    1    154     61      -    100      0      0      0      0      0   9501   1905      0      0  22317  22317      0      -      -      0  20350   2419 
    0    177     60      -    100      5      0      0      0      0   9501   1950      0      0  22317      4      0      -      -      0  18582   2174 
    1    153     61      -    100      0      0      0      0      0   9501   1905      0      0  22317  22317      0      -      -      0  19306   2415 
    0    176     60      -    100      0      0      0      0      0   9501   1950      0      0  22317      4      0      -      -      0  19332   2264 
    1    155     61      -    100      6      0      0      0      0   9501   1905      0      0  22317  22317      0      -      -      0  16828   2025 
    0    176     60      -    100      0      0      0      0      0   9501   1950      0      0  22317      4      0      -      -      0  21842   2284 
    1    153     61      -    100      0      0      0      0      0   9501   1905      0      0  22317  22317      0      -      -      0  20038   2566 
    0    176     60      -    100      0      0      0      0      0   9501   1950      0      0  22317      4      0      -      -      0  24336   2535 
    1    154     61      -    100      5      0      0      0      0   9501   1905      0      0  22317  22317      0      -      -      0  19871   2341 
    0    177     60      -    100      0      0      0      0      0   9501   1950      0      0  22317      4      0      -      -      0  14427   1536 
    1    154     61      -    100      0      0      0      0      0   9501   1905      0      0  22317  22317      0      -      -      0  21799   1801 
    0    177     60      -    100      0      0      0      0      0   9501   1950      0      0  22317      4      0      -      -      0  14425   2420 
    1    154     61      -    100      0      0      0      0      0   9501   1905      0      0  22317  22317      0      -      -      0  13365   2639 
    0    176     60      -    100      5      0      0      0      0   9501   1950      0      0  22317      4      0      -      -      0  22049   2081 
    1    153     61      -    100      0      0      0      0      0   9501   1905      0      0  22317  22317      0      -      -      0  19469   2321 
    0    176     60      -    100      0      0      0      0      0   9501   1950      0      0  22317      4      0      -      -      0  22669   2710 
    1    154     61      -    100      0      0      0      0      0   9501   1905      0      0  22317  22317      0      -      -      0  18867   2112 
# gpu    pwr  gtemp  mtemp     sm    mem    enc    dec    jpg    ofa   mclk   pclk  pviol  tviol     fb   bar1   ccpm  sbecc  dbecc    pci  rxpci  txpci 
# Idx      W      C      C      %      %      %      %      %      %    MHz    MHz      %   bool     MB     MB     MB   errs   errs   errs   MB/s   MB/s 
    0    177     60      -    100      1      0      0      0      0   9501   1950      0      0  22317      4      0      -      -      0  21334   2816 
    1    153     61      -    100      0      0      0      0      0   9501   1905      0      0  22317  22317      0      -      -      0  21657   2436 
    0    176     60      -    100      0      0      0      0      0   9501   1950      0      0  22317      4      0      -      -      0  13878   2730 
    1    154     61      -    100      0      0      0      0      0   9501   1905      0      0  22317  22317      0      -      -      0  18676   1910 
    0    177     60      -    100      0      0      0      0      0   9501   1950      0      0  22317      4      0      -      -      0  18930   2323 
    1    153     61      -    100      0      0      0      0      0   9501   1905      0      0  22317  22317      0      -      -      0  21297   2176 
    0    177     60      -    100      0      0      0      0      0   9501   1950      0      0  22317      4      0      -      -      0  19316   2596 
    1    154     61      -    100      0      0      0      0      0   9501   1905      0      0  22317  22317      0      -      -      0  18805   1976 
    0    177     60      -    100      0      0      0      0      0   9501   1950      0      0  22317      4      0      -      -      0  21120   1870 
    1    153     61      -    100      0      0      0      0      0   9501   1905      0      0  22317  22317      0      -      -      0  13536   2839 
    0    176     60      -    100      0      0      0      0      0   9501   1950      0      0  22317      4      0      -      -      0  19535   2148 
    1    154     61      -    100      1      0      0      0      0   9501   1905      0      0  22317  22317      0      -      -      0  19780   2361 
    0    177     60      -    100      8      0      0      0      0   9501   1950      0      0  22317      4      0      -      -      0  17419   2544 
    1    153     61      -    100      0      0      0      0      0   9501   1905      0      0  22317  22317      0      -      -      0  18863   2311 
    0    176     60      -    100      0      0      0      0      0   9501   1950      0      0  22317      4      0      -      -      0  14321   2981 
    1    154     61      -    100      0      0      0      0      0   9501   1905      0      0  22317  22317      0      -      -      0  20189   2464 
    0    176     60      -    100      0      0      0      0      0   9501   1950      0      0  22317      4      0      -      -      0  16810   2219 
    1    154     61      -    100      0      0      0      0      0   9501   1905      0      0  22317  22317      0      -      -      0  24970   2123 
    0    177     61      -    100      0      0      0      0      0   9501   1950      0      0  22317      4      0      -      -      0  22142   2056 
    1    153     61      -    100      0      0      0      0      0   9501   1905      0      0  22317  22317      0      -      -      0  16917   2169 
    0    176     60      -    100      0      0      0      0      0   9501   1950      0      0  22317      4      0      -      -      0  18108   2535 
    1    154     61      -    100      7      0      0      0      0   9501   1905      0      0  22317  22317      0      -      -      0  21103   2284 
    0    177     60      -    100      8      0      0      0      0   9501   1950      0      0  22317      4      0      -      -      0  15420   1983 
    1    153     61      -    100      0      0      0      0      0   9501   1905      0      0  22317  22317      0      -      -      0  21821   2542 
    0    177     60      -    100      0      0      0      0      0   9501   1950      0      0  22317      4      0      -      -      0  21566   1918 
    1    154     61      -    100      0      0      0      0      0   9501   1905      0      0  22317  22317      0      -      -      0  18753   2022 
    0    180     60      -    100      0      0      0      0      0   9501   1950      0      0  22317      4      0      -      -      0  16691   2966 
    1    158     61      -    100      0      0      0      0      0   9501   1905      0      0  22317  22317      0      -      -      0  22265   2892 
    0    184     60      -    100      0      0      0      0      0   9501   1950      0      0  22317      4      0      -      -      0  24182   2696 
    1    160     61      -    100      0      0      0      0      0   9501   1905      0      0  22317  22317      0      -      -      0  20321   2509 
    0    177     60      -    100      8      0      0      0      0   9501   1950      0      0  22317      4      0      -      -      0  19315   2594 
    1    153     61      -    100      0      0      0      0      0   9501   1905      0      0  22317  22317      0      -      -      0  24245   1176 
    0    179     60      -    100      0      0      0      0      0   9501   1950      0      0  22317      4      0      -      -      0  25779   2914 
    1    156     61      -    100      0      0      0      0      0   9501   1905      0      0  22317  22317      0      -      -      0  26733   3820 
    0    182     61      -    100     15      0      0      0      0   9501   1950      0      0  22317      4      0      -      -      0  23875   2235 
    1    157     61      -    100      4      0      0      0      0   9501   1905      0      0  22317  22317      0      -      -      0  22946   2595 
    0    176     60      -    100      0      0      0      0      0   9501   1950      0      0  22317      4      0      -      -      0  22086   2552 
    1    154     61      -    100      0      0      0      0      0   9501   1905      0      0  22317  22317      0      -      -      0  22317   2096 
    0    177     60      -    100      5      0      0      0      0   9501   1950      0      0  22317      4      0      -      -      0  23084   2396 
    1    153     61      -    100      0      0      0      0      0   9501   1905      0      0  22317  22317      0      -      -      0  11887   2196 
    0    176     60      -    100      0      0      0      0      0   9501   1950      0      0  22317      4      0      -      -      0  20455   2347 
    1    154     61      -    100      5      0      0      0      0   9501   1905      0      0  22317  22317      0      -      -      0  12760   2525 
    0    177     60      -    100      0      0      0      0      0   9501   1950      0      0  22317      4      0      -      -      0  16369   1882 
    1    153     61      -    100      0      0      0      0      0   9501   1905      0      0  22317  22317      0      -      -      0  19526   1805 
# gpu    pwr  gtemp  mtemp     sm    mem    enc    dec    jpg    ofa   mclk   pclk  pviol  tviol     fb   bar1   ccpm  sbecc  dbecc    pci  rxpci  txpci 
# Idx      W      C      C      %      %      %      %      %      %    MHz    MHz      %   bool     MB     MB     MB   errs   errs   errs   MB/s   MB/s 
    0    176     61      -    100      0      0      0      0      0   9501   1950      0      0  22317      4      0      -      -      0  21876   2062 
    1    154     61      -    100      5      0      0      0      0   9501   1905      0      0  22317  22317      0      -      -      0  16358   2050 
    0    177     60      -    100      5      0      0      0      0   9501   1950      0      0  22317      4      0      -      -      0  17221   1954 
    1    153     61      -    100      0      0      0      0      0   9501   1905      0      0  22317  22317      0      -      -      0  21485   2591 
    0    176     60      -    100      0      0      0      0      0   9501   1950      0      0  22317      4      0      -      -      0  21512   1822 
    1    154     61      -    100      0      0      0      0      0   9501   1905      0      0  22317  22317      0      -      -      0  20769   2065 
    0    167     59      -      0      0      0      0      0      0   9501   1950      0      0      0      1      0      -      -      0      0      0 
    1    134     60      -     49      3      0      0      0      0   9751   1905      0      0      0      1      0      -      -      0      0      0 
    0    148     59      -      0      0      0      0      0      0   9751   1950      0      0      0      1      0      -      -      0      0      0 
    1    128     60      -      0      0      0      0      0      0   9751   1905      0      0      0      1      0      -      -      0      0      0 
    0    135     57      -      0      0      0      0      0      0    810    435     39      0      0      1      0      -      -      0      0      0 
    1    112     58      -      0      0      0      0      0      0    810    360     93      0      0      1      0      -      -      0      0      0 
    0     82     55      -      0      0      0      0      0      0    810    270    100      0      0      1      0      -      -      0      0      0 
    1     68     56      -      0      0      0      0      0      0    810    210    100      0      0      1      0      -      -      0      0      0 
    0     29     55      -      0      0      0      0      0      0    405    210    100      0      0      1      0      -      -      0      0      1 
    1     24     56      -      0      0      0      0      0      0    405    210    100      0      0      1      0      -      -      0      0      0 
    0     26     55      -      0      0      0      0      0      0    405    210    100      0      0      1      0      -      -      0      0      0 
    1     21     56      -      0      0      0      0      0      0    405    210    100      0      0      1      0      -      -      0      0      0 
    0     25     55      -      0      0      0      0      0      0    405    210    100      0      0      1      0      -      -      0      0      0 
    1     20     55      -      0      0      0      0      0      0    405    210    100      0      0      1      0      -      -      0      0      0 
    0     25     55      -      0      0      0      0      0      0    405    210    100      0      0      1      0      -      -      0      0      0 
    1     20     55      -      0      0      0      0      0      0    405    210    100      0      0      1      0      -      -      0      0      0 
    0     25     55      -      0      0      0      0      0      0    405    210    100      0      0      1      0      -      -      0      0      0 
    1     20     55      -      0      0      0      0      0      0    405    210    100      0      0      1      0      -      -      0      0      0 
    0     25     54      -      0      0      0      0      0      0    405    210    100      0      0      1      0      -      -      0      0      0 
    1     20     55      -      0      0      0      0      0      0    405    210    100      0      0      1      0      -      -      0      0      0 
    0     25     54      -      0      0      0      0      0      0    405    210    100      0      0      1      0      -      -      0      0      0 
    1     20     54      -      0      0      0      0      0      0    405    210    100      0      0      1      0      -      -      0      0      0 
    0     25     54      -      0      0      0      0      0      0    405    210    100      0      0      1      0      -      -      0      0      0 
    1     20     54      -      0      0      0      0      0      0    405    210    100      0      0      1      0      -      -      0      0      0 
    0     25     54      -      0      0      0      0      0      0    405    210    100      0      0      1      0      -      -      0      0      0 
    1     19     54      -      0      0      0      0      0      0    405    210    100      0      0      1      0      -      -      0      0      0 
    0     25     54      -      0      0      0      0      0      0    405    210    100      0      0      1      0      -      -      0      0      0 
    1     19     54      -      0      0      0      0      0      0    405    210    100      0      0      1      0      -      -      0      0      0 
    0     25     54      -      0      0      0      0      0      0    405    210    100      0      0      1      0      -      -      0      0      0 
    1     19     53      -      0      0      0      0      0      0    405    210    100      0      0      1      0      -      -      0      0      0 
    0     25     54      -      0      0      0      0      0      0    405    210    100      0      0      1      0      -      -      0      0      0 
    1     19     53      -      0      0      0      0      0      0    405    210    100      0      0      1      0      -      -      0      0      0 
    0     25     54      -      0      0      0      0      0      0    405    210    100      0      0      1      0      -      -      0      0      0 
    1     19     53      -      0      0      0      0      0      0    405    210    100      0      0      1      0      -      -      0      0      0 
    0     25     54      -      0      0      0      0      0      0    405    210    100      0      0      1      0      -      -      0      0      0 
    1     19     53      -      0      0      0      0      0      0    405    210    100      0      0      1      0      -      -      0      0      0 
    0     25     53      -      0      0      0      0      0      0    405    210    100      0      0      1      0      -      -      0      0      0 
    1     19     53      -      0      0      0      0      0      0    405    210    100      0      0      1      0      -      -      0      0      0 
# gpu    pwr  gtemp  mtemp     sm    mem    enc    dec    jpg    ofa   mclk   pclk  pviol  tviol     fb   bar1   ccpm  sbecc  dbecc    pci  rxpci  txpci 
# Idx      W      C      C      %      %      %      %      %      %    MHz    MHz      %   bool     MB     MB     MB   errs   errs   errs   MB/s   MB/s 
    0     25     53      -      0      0      0      0      0      0    405    210    100      0      0      1      0      -      -      0      0      0 
    1     19     53      -      0      0      0      0      0      0    405    210    100      0      0      1      0      -      -      0      0      0 
    0     25     53      -      0      0      0      0      0      0    405    210    100      0      0      1      0      -      -      0      0      0 
    1     19     53      -      0      0      0      0      0      0    405    210    100      0      0      1      0      -      -      0      0      0 
    0     25     53      -      0      0      0      0      0      0    405    210    100      0      0      1      0      -      -      0      0      0 
    1     19     53      -      0      0      0      0      0      0    405    210    100      0      0      1      0      -      -      0      0      0 
    0     25     53      -      0      0      0      0      0      0    405    210    100      0      0      1      0      -      -      0      0      0 
    1     19     52      -      0      0      0      0      0      0    405    210    100      0      0      1      0      -      -      0      0      0 
    0     25     53      -      0      0      0      0      0      0    405    210    100      0      0      1      0      -      -      0      0      0 
    1     19     52      -      0      0      0      0      0      0    405    210    100      0      0      1      0      -      -      0      0      0 
    0     25     53      -      0      0      0      0      0      0    405    210    100      0      0      1      0      -      -      0      0      0 
    1     19     52      -      0      0      0      0      0      0    405    210    100      0      0      1      0      -      -      0      0      0 
    0     25     53      -      0      0      0      0      0      0    405    210    100      0      0      1      0      -      -      0      0      0 
    1     19     52      -      0      0      0      0      0      0    405    210    100      0      0      1      0      -      -      0      0      0 
    0     25     53      -      0      0      0      0      0      0    405    210    100      0      0      1      0      -      -      0      0      0 
    1     18     52      -      0      0      0      0      0      0    405    210    100      0      0      1      0      -      -      0      0      0 
    0     25     53      -      0      0      0      0      0      0    405    210    100      0      0      1      0      -      -      0      0      0 
    1     19     52      -      0      0      0      0      0      0    405    210    100      0      0      1      0      -      -      0      0      0 
    0     25     52      -      0      0      0      0      0      0    405    210    100      0      0      1      0      -      -      0      0      0 
    1     18     52      -      0      0      0      0      0      0    405    210    100      0      0      1      0      -      -      0      0      0 
    0     25     52      -      0      0      0      0      0      0    405    210    100      0      0      1      0      -      -      0      0      0 
    1     18     52      -      0      0      0      0      0      0    405    210    100      0      0      1      0      -      -      0      0      0 
    0     25     52      -      0      0      0      0      0      0    405    210    100      0      0      1      0      -      -      0      0      0 
    1     18     53      -      0      0      0      0      0      0    405    210    100      0      0      1      0      -      -      0      0      0 
    0     25     52      -      0      0      0      0      0      0    405    210    100      0      0      1      0      -      -      0      0      0 
    1     18     53      -      0      0      0      0      0      0    405    210    100      0      0      1      0      -      -      0      0      0 
    0     25     52      -      0      0      0      0      0      0    405    210    100      0      0      1      0      -      -      0      0      0 
    1     18     53      -      0      0      0      0      0      0    405    210    100      0      0      1      0      -      -      0      0      0 
    0     25     52      -      0      0      0      0      0      0    405    210    100      0      0      1      0      -      -      0      0      0 
    1     19     53      -      0      0      0      0      0      0    405    210    100      0      0      1      0      -      -      0      0      0 
    0     25     52      -      0      0      0      0      0      0    405    210    100      0      0      1      0      -      -      0      0      0 
    1     18     53      -      0      0      0      0      0      0    405    210    100      0      0      1      0      -      -      0      0      0 
    0     25     52      -      0      0      0      0      0      0    405    210    100      0      0      1      0      -      -      0      0      0 
    1     18     52      -      0      0      0      0      0      0    405    210    100      0      0      1      0      -      -      0      0      0 
    0     25     52      -      0      0      0      0      0      0    405    210    100      0      0      1      0      -      -      0      0      0 
    1     19     52      -      0      0      0      0      0      0    405    210    100      0      0      1      0      -      -      0      0      0 
    0     25     51      -      0      0      0      0      0      0    405    210    100      0      0      1      0      -      -      0      0      0 
    1     18     53      -      0      0      0      0      0      0    405    210    100      0      0      1      0      -      -      0      0      0 
    0     25     51      -      0      0      0      0      0      0    405    210    100      0      0      1      0      -      -      0      0      0 
    1     18     53      -      0      0      0      0      0      0    405    210    100      0      0      1      0      -      -      0      0      0 
    0     25     51      -      0      0      0      0      0      0    405    210    100      0      0      1      0      -      -      0      0      0 
    1     19     53      -      0      0      0      0      0      0    405    210    100      0      0      1      0      -      -      0      0      0 
    0     25     51      -      0      0      0      0      0      0    405    210    100      0      0      1      0      -      -      0      0      0 
    1     19     53      -      0      0      0      0      0      0    405    210    100      0      0      1      0      -      -      0      0      0 
# gpu    pwr  gtemp  mtemp     sm    mem    enc    dec    jpg    ofa   mclk   pclk  pviol  tviol     fb   bar1   ccpm  sbecc  dbecc    pci  rxpci  txpci 
# Idx      W      C      C      %      %      %      %      %      %    MHz    MHz      %   bool     MB     MB     MB   errs   errs   errs   MB/s   MB/s 
    0     25     51      -      0      0      0      0      0      0    405    210    100      0      0      1      0      -      -      0      0      0 
    1     18     53      -      0      0      0      0      0      0    405    210    100      0      0      1      0      -      -      0      0      0 
    0     25     51      -      0      0      0      0      0      0    405    210    100      0      0      1      0      -      -      0      0      0 
    1     19     53      -      0      0      0      0      0      0    405    210    100      0      0      1      0      -      -      0      0      0 
    0     25     51      -      0      0      0      0      0      0    405    210    100      0      0      1      0      -      -      0      0      0 
    1     19     53      -      0      0      0      0      0      0    405    210    100      0      0      1      0      -      -      0      0      0 
    0     25     51      -      0      0      0      0      0      0    405    210    100      0      0      1      0      -      -      0      0      0 
    1     18     53      -      0      0      0      0      0      0    405    210    100      0      0      1      0      -      -      0      0      0 
    0     25     51      -      0      0      0      0      0      0    405    210    100      0      0      1      0      -      -      0      0      0 
    1     18     53      -      0      0      0      0      0      0    405    210    100      0      0      1      0      -      -      0      0      0 
    0     25     51      -      0      0      0      0      0      0    405    210    100      0      0      1      0      -      -      0      0      0 
    1     19     53      -      0      0      0      0      0      0    405    210    100      0      0      1      0      -      -      0      0      0 
    0     25     50      -      0      0      0      0      0      0    405    210    100      0      0      1      0      -      -      0      0      0 
    1     18     53      -      0      0      0      0      0      0    405    210    100      0      0      1      0      -      -      0      0      0 
    0     25     50      -      0      0      0      0      0      0    405    210    100      0      0      1      0      -      -      0      0      0 
    1     19     53      -      0      0      0      0      0      0    405    210    100      0      0      1      0      -      -      0      0      0 
    0     25     50      -      0      0      0      0      0      0    405    210    100      0      0      1      0      -      -      0      0      0 
    1     18     53      -      0      0      0      0      0      0    405    210    100      0      0      1      0      -      -      0      0      0 
    0     26     50      -      0      0      0      0      0      0    405    210    100      0      0      1      0      -      -      0      0      0 
    1     18     52      -      0      0      0      0      0      0    405    210    100      0      0      1      0      -      -      0      0      0 
    0     25     50      -      0      0      0      0      0      0    405    210    100      0      0      1      0      -      -      0      0      0 
    1     19     53      -      0      0      0      0      0      0    405    210    100      0      0      1      0      -      -      0      0      0 
    0     25     50      -      0      0      0      0      0      0    405    210    100      0      0      1      0      -      -      0      0      0 
    1     18     53      -      0      0      0      0      0      0    405    210    100      0      0      1      0      -      -      0      0      0 
    0     25     50      -      0      0      0      0      0      0    405    210    100      0      0      1      0      -      -      0      0      0 
    1     18     53      -      0      0      0      0      0      0    405    210    100      0      0      1      0      -      -      0      0      0 
    0     25     50      -      0      0      0      0      0      0    405    210    100      0      0      1      0      -      -      0      0      0 
    1     19     53      -      0      0      0      0      0      0    405    210    100      0      0      1      0      -      -      0      0      0 
    0     25     50      -      0      0      0      0      0      0    405    210    100      0      0      1      0      -      -      0      0      0 
    1     18     53      -      0      0      0      0      0      0    405    210    100      0      0      1      0      -      -      0      0      0 
    0     25     50      -      0      0      0      0      0      0    405    210    100      0      0      1      0      -      -      0      0      0 
    1     18     53      -      0      0      0      0      0      0    405    210    100      0      0      1      0      -      -      0      0      0 
    0     25     50      -      0      0      0      0      0      0    405    210    100      0      0      1      0      -      -      0      0      0 
    1     18     53      -      0      0      0      0      0      0    405    210    100      0      0      1      0      -      -      0      0      0 
    0     25     50      -      0      0      0      0      0      0    405    210    100      0      0      1      0      -      -      0      0      0 
    1     19     53      -      0      0      0      0      0      0    405    210    100      0      0      1      0      -      -      0      0      0 
    0     25     50      -      0      0      0      0      0      0    405    210    100      0      0      1      0      -      -      0      0      0 
    1     19     53      -      0      0      0      0      0      0    405    210    100      0      0      1      0      -      -      0      0      0 
    0     25     49      -      0      0      0      0      0      0    405    210    100      0      0      1      0      -      -      0      0      0 
    1     19     52      -      0      0      0      0      0      0    405    210    100      0      0      1      0      -      -      0      0      0 
    0     25     49      -      0      0      0      0      0      0    405    210    100      0      0      1      0      -      -      0      0      0 
    1     19     53      -      0      0      0      0      0      0    405    210    100      0      0      1      0      -      -      0      0      0 
    0     25     49      -      0      0      0      0      0      0    405    210    100      0      0      1      0      -      -      0      0      0 
    1     18     53      -      0      0      0      0      0      0    405    210    100      0      0      1      0      -      -      0      0      0 
# gpu    pwr  gtemp  mtemp     sm    mem    enc    dec    jpg    ofa   mclk   pclk  pviol  tviol     fb   bar1   ccpm  sbecc  dbecc    pci  rxpci  txpci 
# Idx      W      C      C      %      %      %      %      %      %    MHz    MHz      %   bool     MB     MB     MB   errs   errs   errs   MB/s   MB/s 
    0     25     49      -      0      0      0      0      0      0    405    210    100      0      0      1      0      -      -      0      0      0 
    1     18     53      -      0      0      0      0      0      0    405    210    100      0      0      1      0      -      -      0      0      0 
    0     25     49      -      0      0      0      0      0      0    405    210    100      0      0      1      0      -      -      0      0      0 
    1     19     53      -      0      0      0      0      0      0    405    210    100      0      0      1      0      -      -      0      0      0 
    0     25     49      -      0      0      0      0      0      0    405    210    100      0      0      1      0      -      -      0      0      0 
    1     19     53      -      0      0      0      0      0      0    405    210    100      0      0      1      0      -      -      0      0      0 
    0     25     49      -      0      0      0      0      0      0    405    210    100      0      0      1      0      -      -      0      0      0 
    1     18     53      -      0      0      0      0      0      0    405    210    100      0      0      1      0      -      -      0      0      0 
    0     25     49      -      0      0      0      0      0      0    405    210    100      0      0      1      0      -      -      0      0      0 
    1     19     52      -      0      0      0      0      0      0    405    210    100      0      0      1      0      -      -      0      0      0 
    0     25     49      -      0      0      0      0      0      0    405    210    100      0      0      1      0      -      -      0      0      0 
    1     18     52      -      0      0      0      0      0      0    405    210    100      0      0      1      0      -      -      0      0      0 
    0     25     49      -      0      0      0      0      0      0    405    210    100      0      0      1      0      -      -      0      0      0 
    1     19     53      -      0      0      0      0      0      0    405    210    100      0      0      1      0      -      -      0      0      0 
